# https://github.com/mikedh/trimesh
v -0.18095702 0.01291412 0.07476028
v -0.13374776 0.00184537 0.09155792
v -0.13108458 -0.02074632 0.03619638
v -0.11702488 0.00548829 0.06254626
v -0.12259474 -0.03904525 0.02842996
v -0.11500284 -0.02127286 0.04317442
v -0.10860053 -0.00186627 0.03667884
v -0.12386990 -0.00158348 0.04732813
v -0.08816125 -0.09645429 0.02048688
v -0.12575734 0.00759154 0.08542698
v -0.13397461 0.07113150 0.07509664
v -0.13002847 0.06985111 0.07041596
v -0.12828516 0.08266038 0.07245334
v -0.14233866 0.07325434 0.06071774
v -0.12646553 0.03258928 0.04389023
v -0.12869838 0.06038101 0.04075478
v -0.12266192 0.09635536 0.03250933
v -0.13934296 0.36942332 0.00296362
v -0.12216991 -0.25713095 -0.00845062
v -0.12859950 -0.24986936 -0.03164927
v -0.12802336 -0.23098970 -0.01706996
v -0.12868207 -0.20995736 -0.01178921
v -0.12591524 -0.18908082 -0.00250683
v -0.14109758 -0.15973387 -0.02555711
v -0.13064972 -0.17240936 -0.01572991
v -0.14228672 -0.13500111 -0.01622876
v -0.14503698 -0.12707522 -0.02409424
v -0.14142843 -0.11054582 -0.02600836
v -0.13741086 -0.07388207 -0.02314050
v -0.12236028 -0.01855193 -0.01435987
v -0.13838251 0.35793158 -0.01062876
v -0.12511351 0.38515462 -0.01035448
v -0.12224534 -0.20541634 -0.04448802
v -0.14635605 0.25250411 -0.04218178
v -0.08506662 0.05900059 0.12051733
v -0.12281720 0.00802352 0.06316578
v -0.11842629 0.02178468 0.05568217
v -0.11346565 0.07060338 0.06544840
v -0.11240120 0.12400504 0.06397280
v -0.11573732 -0.01870999 0.03913054
v -0.11957597 0.00129948 0.04059585
v -0.10415495 0.06540675 0.05028694
v -0.08079257 0.07758849 0.03551295
v -0.11462573 0.09618057 0.06143144
v -0.09461391 0.11428797 0.04414890
v -0.11435053 0.12409984 0.05699717
v -0.11088928 -0.04272047 0.02197647
v -0.11770247 -0.04144093 0.01609468
v -0.11453564 -0.03005667 0.00541265
v -0.10448975 -0.02067994 0.01499673
v -0.09530324 -0.02312816 0.01514005
v -0.09594358 0.20067390 0.03414722
v -0.10218540 0.26540957 0.00867088
v -0.10216519 0.32063206 0.01520923
v -0.09423282 0.33138049 0.01234741
v -0.11096805 0.37839240 0.00823549
v -0.12565102 -0.26949934 -0.01260328
v -0.12214543 -0.27253945 -0.04519649
v -0.10170001 -0.26639696 -0.01178652
v -0.12082042 -0.24105461 -0.01013975
v -0.10219666 -0.21740737 -0.01646612
v -0.10361992 -0.22468133 -0.00881493
v -0.12018617 -0.18084511 -0.00165613
v -0.11684004 -0.16323138 -0.00453464
v -0.10164329 -0.18131793 -0.01094725
v -0.09302987 -0.16114198 -0.00413171
v -0.11194004 -0.13022643 -0.00706205
v -0.11412692 -0.06941804 -0.02014463
v -0.11442763 -0.05758277 -0.01200986
v -0.13063651 -0.03590996 -0.01758552
v -0.10831080 -0.01670966 0.00098560
v -0.10518055 0.20736403 -0.02685345
v -0.09309536 0.22182858 -0.02240374
v -0.10817236 0.23692445 -0.02904333
v -0.13984069 0.26474700 -0.03435178
v -0.10215572 0.26585661 -0.00781668
v -0.12712662 0.29502265 -0.00402051
v -0.08599154 0.30080636 -0.00545194
v -0.10310136 0.32274285 -0.00067597
v -0.10004331 0.35188652 -0.03957956
v -0.10293830 0.37083807 -0.01938619
v -0.11341004 0.38660438 -0.00420598
v -0.10186209 -0.26921799 -0.03937429
v -0.10392504 -0.24539190 -0.04031177
v -0.11597444 -0.24346945 -0.04705539
v -0.11590188 -0.17400819 -0.04504834
v -0.11853424 -0.11541953 -0.03177253
v -0.09225552 0.39493852 -0.03263881
v -0.08319117 0.07682136 0.14212927
v -0.07190482 0.09399756 0.13859464
v -0.07130064 -0.01519371 0.10695593
v -0.07167347 0.03065864 0.09206157
v -0.10034969 0.10455447 0.11718017
v -0.06911594 0.12625421 0.09209220
v -0.06880871 0.13995457 0.11401360
v -0.06031569 -0.27457829 0.07516776
v -0.06772952 -0.02167025 0.06671763
v -0.09977651 0.00978916 0.05412405
v -0.06139586 0.03150805 0.08093296
v -0.10455538 0.07256993 0.10224355
v -0.08411813 0.12675969 0.07335972
v -0.05611267 0.14400412 0.06906434
v -0.07904566 0.13724530 0.04583179
v -0.07796993 -0.27264708 0.01520347
v -0.07348504 -0.26845275 0.02717423
v -0.08242121 0.06745520 0.04390917
v -0.06963449 0.20063971 0.04154549
v -0.06442300 0.46926633 0.03255073
v -0.08921469 -0.27226370 -0.01628553
v -0.07611371 -0.21557235 0.01762445
v -0.05916870 -0.23186556 0.01895788
v -0.08430890 -0.21134153 0.00369923
v -0.08092352 -0.10709729 0.01459739
v -0.05862450 0.24647180 0.00019737
v -0.07984832 0.29228470 0.00915130
v -0.08547148 0.30726380 0.00566580
v -0.08939295 0.31235340 0.00205600
v -0.07889141 0.31871361 -0.00187862
v -0.05416784 0.34885840 0.01208157
v -0.06432476 0.34757673 0.00420540
v -0.07199826 0.35616079 -0.00026889
v -0.08222670 0.47143657 0.01496984
v -0.06472241 0.48842937 0.03059743
v -0.06981973 0.48016986 0.01610982
v -0.08265773 0.49118308 0.00702214
v -0.09673672 -0.30279098 0.00136713
v -0.08657720 -0.29542147 0.00258456
v -0.08166662 -0.30707470 -0.01674614
v -0.05652374 -0.27548842 -0.02190887
v -0.06131685 -0.21970194 -0.01779657
v -0.05343050 -0.19748771 -0.02234867
v -0.07149315 0.22381767 0.02638161
v -0.07913152 0.23850577 -0.03139606
v -0.06408443 0.24522276 -0.02436085
v -0.06141570 0.26773023 -0.00605897
v -0.06248067 0.26602198 -0.02108598
v -0.08752758 0.31736013 -0.02968711
v -0.06322870 0.35368970 -0.01247028
v -0.06939478 0.39991334 -0.01890119
v -0.06020413 0.44802106 -0.00742800
v -0.07241456 0.47826800 -0.03100438
v -0.07921554 0.47056878 -0.00771310
v -0.07049611 0.48453782 -0.00367891
v -0.09240527 0.48918389 -0.02246992
v -0.06545548 -0.34601625 -0.05098836
v -0.04809705 -0.34424343 -0.06208991
v -0.07784478 -0.30411462 -0.06204565
v -0.07491851 -0.29647001 -0.04845534
v -0.07951348 -0.27231425 -0.03875211
v -0.07802912 -0.27469149 -0.03362419
v -0.08022602 0.22738981 -0.04612237
v -0.04147481 0.24106420 -0.06553805
v -0.07311506 0.48896680 -0.04629403
v -0.03524362 0.12397076 0.13245817
v -0.03993030 0.13606510 0.13267168
v -0.06019522 0.04213550 0.09507313
v -0.03868631 0.06078270 0.09334821
v -0.03174515 0.11091887 0.11013624
v -0.03303518 0.12692175 0.12117440
v -0.04258695 0.13681172 0.11820331
v -0.05936938 0.14081000 0.11523036
v -0.04075166 0.13239412 0.11639697
v -0.03842669 0.13955449 0.12089692
v -0.03505156 0.14062173 0.12101015
v -0.04703283 0.12843182 0.09990450
v -0.03872799 0.14030993 0.12085579
v -0.02676503 0.15720647 0.11353831
v -0.04199635 -0.04613256 0.09257242
v -0.06114942 -0.03201464 0.08936144
v -0.05703662 -0.04136537 0.08963839
v -0.05332822 -0.02398367 0.08361124
v -0.05183874 -0.02314752 0.08562351
v -0.03916145 0.04364090 0.08154248
v -0.05082430 0.03778400 0.09161533
v -0.03633312 0.04557221 0.08680928
v -0.05362201 0.08201405 0.08451242
v -0.03757921 0.08811071 0.09346081
v -0.04924564 0.13134389 0.07631154
v -0.02987865 0.15104625 0.07807388
v -0.05282709 0.17946701 0.05586030
v -0.03228942 0.19869938 0.06912125
v -0.05149264 -0.27037305 0.04813905
v -0.04161311 -0.27517928 0.04456423
v -0.04541377 -0.26005127 0.04704696
v -0.03837671 -0.17681807 0.04382816
v -0.03863913 -0.17309124 0.03863958
v -0.05798879 -0.17238177 0.05144333
v -0.04401976 -0.13109686 0.01278057
v -0.03711996 -0.12995204 0.05768754
v -0.02181331 -0.12203610 0.04803266
v -0.04656131 0.13034857 0.03728465
v -0.03635039 0.14937276 0.04505989
v -0.04473341 0.20795689 0.03433616
v -0.03312610 0.20870716 0.04847509
v -0.01836131 0.34570110 0.05844313
v -0.04005166 0.33344814 0.04286141
v -0.04216862 0.35883960 0.04023114
v -0.04985032 0.38744638 0.02746167
v -0.01543229 0.41326361 0.03690025
v -0.04236028 -0.25842429 0.05167741
v -0.05147690 -0.21423996 -0.00518302
v -0.05653014 -0.23704323 0.02798234
v -0.05559683 -0.21930987 0.01335120
v -0.05349776 -0.21490001 0.00361964
v -0.06211158 -0.21639996 -0.01336394
v -0.06228590 -0.16906021 -0.00094181
v -0.03579957 -0.14091250 0.01856778
v -0.05908113 0.14667005 -0.00104034
v -0.05209469 0.13259129 -0.00634711
v -0.05072020 0.17716637 0.02854574
v -0.04033529 0.22955077 0.01655801
v -0.03849661 0.23973791 0.00592886
v -0.03928254 0.26170997 0.00953360
v -0.03257879 0.27971794 -0.00116029
v -0.02557854 0.27386746 -0.00169911
v -0.02634532 0.31964960 0.03808429
v -0.05047516 0.34566702 0.00654232
v -0.03335779 0.36888223 0.01943194
v -0.04570410 0.38550538 0.02259981
v -0.06080692 0.40689448 0.01456931
v -0.03244047 0.40615003 0.03213124
v -0.05044489 0.43216948 0.00755321
v -0.04986401 0.42996019 0.00030459
v -0.03160118 0.43517630 0.01318126
v -0.03777008 0.45363003 0.01637868
v -0.04615272 0.45302107 0.00704443
v -0.01913729 0.45848586 0.00702105
v -0.04515322 0.48340075 0.03276559
v -0.06209099 0.47298223 0.02842251
v -0.05943449 0.48248129 0.02389056
v -0.05038454 0.48538810 0.02267336
v -0.05198760 0.47813384 0.01419308
v -0.02291827 0.48342447 0.01302763
v -0.05735527 -0.19346409 -0.00999743
v -0.05347263 -0.18809049 -0.01080396
v -0.03540146 0.25496082 -0.03367221
v -0.04182842 0.35969008 -0.01222526
v -0.06403391 0.34651650 -0.02642500
v -0.05417285 0.36635373 -0.01419463
v -0.05286653 0.41003053 -0.05399557
v -0.05196062 0.43552918 -0.02980440
v -0.05296167 0.45148188 -0.02830951
v -0.04815393 0.48216347 -0.01765679
v -0.01829595 -0.36011466 -0.06590467
v -0.04906884 -0.36027440 -0.03914849
v -0.02393807 0.25385348 -0.06481890
v -0.04939585 0.35919503 -0.06672706
v -0.04447643 0.37614696 -0.04560478
v -0.02388856 0.41642046 -0.06636094
v -0.02650398 0.45715697 -0.03725326
v -0.04400532 0.47605540 -0.04838365
v -0.04240519 0.49960509 -0.06154967
v -0.05245723 0.49315521 -0.03526141
v -0.04739930 -0.30407539 -0.08014855
v -0.05510410 -0.31221256 -0.06893178
v -0.04459387 -0.49026557 -0.12115513
v 0.01423566 -0.27476929 0.10245667
v -0.00474922 -0.22367355 0.10315954
v 0.00344824 -0.09414769 0.08567981
v -0.00794573 -0.06699938 0.09506325
v -0.00497742 -0.06546572 0.09723772
v -0.02888919 -0.05448056 0.10481393
v 0.00788367 -0.05000545 0.10211673
v -0.00344110 -0.00319549 0.09078876
v -0.01579719 0.01000793 0.09568325
v 0.00240069 0.01309337 0.11016161
v -0.02700540 0.05476627 0.09874014
v -0.01658901 0.04430000 0.09780512
v 0.00029277 0.04216143 0.09949146
v -0.02794484 0.05123517 0.10951637
v -0.02857824 0.13142843 0.11917915
v -0.02690226 0.14328863 0.12380265
v -0.00969339 0.13559793 0.11842620
v 0.00010569 0.12821338 0.11048114
v -0.02451705 -0.10952968 0.08249725
v -0.00150617 -0.07518034 0.04354816
v 0.00035316 -0.07379366 0.08929345
v -0.00106356 -0.05600659 0.08278903
v -0.02101538 -0.05225836 0.09016628
v -0.00284198 -0.05118701 0.08465046
v -0.02139105 0.03686301 0.08945329
v -0.00675691 0.03588731 0.08988065
v -0.00510515 0.13930821 0.09380069
v -0.03267455 0.15840532 0.07547080
v -0.00046236 0.18193385 0.06841830
v -0.01155000 0.17675979 0.07867329
v -0.00505320 0.35096879 0.06945250
v 0.00049057 0.40504659 0.07042263
v 0.04360229 -0.27625916 0.02943957
v -0.02136859 -0.12613364 0.01237960
v -0.00866143 -0.09343028 0.04177124
v 0.00010999 -0.09219050 0.03985575
v 0.00506434 -0.08413235 0.04319138
v -0.00673987 0.15202329 0.05875297
v -0.00919933 0.20590096 0.05972517
v 0.00169419 0.22408796 0.03471027
v -0.01831517 0.27402239 0.04011189
v 0.01297794 0.26047385 0.03858825
v -0.00944676 0.27039553 0.03889941
v -0.00231564 0.29253208 0.04596935
v -0.01938069 0.30894615 0.04811362
v -0.02709602 0.29070245 0.02198510
v -0.01269201 0.31552530 0.04647426
v 0.00334929 0.33789300 0.05501535
v -0.03171780 0.32446082 0.04095427
v -0.01764158 0.33687985 0.04881231
v -0.03278704 0.34525597 0.04732648
v -0.02092537 0.35727437 0.05465411
v -0.01428624 0.35390126 0.05425527
v -0.01610743 0.37995994 0.05872339
v -0.03805464 0.35741813 0.03778150
v -0.01464587 0.36669554 0.03708873
v -0.01974880 0.36938557 0.03790436
v -0.02074168 0.37893147 0.06236841
v -0.00112323 0.39618109 0.05810269
v -0.00803392 0.39572697 0.05284982
v 0.00102366 -0.13507899 -0.00642452
v -0.02724190 -0.12277647 0.02011955
v -0.01785518 -0.09554638 0.03491716
v -0.02412162 0.25471040 0.00388977
v -0.02622106 0.36931446 0.02075988
v -0.01151181 0.37201306 0.02502631
v 0.00103368 0.37027050 0.01040160
v 0.00237064 0.40778475 0.02914638
v -0.01399803 0.43779031 0.00621670
v -0.01377157 0.43699177 0.01423331
v -0.02204852 0.48087162 0.03101281
v -0.01364111 0.45821808 0.00593281
v -0.02756203 0.48710139 0.02590198
v -0.00951210 0.47382906 0.01438250
v -0.02049073 0.48848545 0.02559879
v -0.01283658 0.50052770 0.01047212
v -0.00119928 0.49503410 0.00591655
v -0.02946058 -0.20560117 -0.02609894
v -0.01731415 0.44039132 -0.03583575
v -0.00126339 0.44523152 -0.01593871
v -0.01000225 0.45966770 -0.01440365
v -0.00337855 0.47841080 -0.01098649
v -0.02032390 0.49012290 -0.00880619
v -0.00796826 0.48235683 -0.03166172
v -0.02388825 0.49111360 -0.02760566
v 0.02742837 -0.27518363 -0.04757632
v 0.02011355 -0.03749895 -0.03770290
v 0.00409340 0.11414914 -0.03721828
v -0.00969399 0.49572667 -0.04610662
v -0.02803396 0.49511899 -0.04332385
v 0.00226869 -0.34422689 -0.09013043
v -0.03202164 -0.34225867 -0.08540463
v -0.02416177 -0.31672333 -0.09675714
v -0.00133025 0.24947894 -0.08129775
v -0.01421326 0.27628122 -0.06855409
v -0.02889391 0.30177866 -0.07409059
v -0.02458733 0.36090672 -0.08262271
v 0.00892486 0.36432409 -0.07774396
v -0.01511607 0.38513441 -0.06389932
v -0.01148244 -0.44803390 -0.12178156
v -0.00467553 -0.42612972 -0.11810153
v -0.03041405 -0.37944182 -0.09833985
v -0.05738420 -0.27422797 -0.08617377
v 0.01110727 -0.46215826 -0.13433817
v 0.02645124 -0.05165524 0.09028077
v 0.01710460 -0.03431633 0.09504720
v 0.01623100 -0.01194140 0.10370346
v 0.01972379 -0.01189861 0.09131167
v 0.03007403 0.00617080 0.10009418
v 0.00477747 0.01951607 0.09942570
v 0.02440786 0.01999994 0.09851446
v 0.04797912 0.02078405 0.09108712
v 0.00827804 0.03476103 0.10760732
v 0.01585008 0.04829295 0.09755226
v 0.00782532 -0.05155152 0.08606488
v 0.01681066 -0.03872182 0.06626196
v 0.02441096 -0.06919724 0.05931299
v 0.01420466 -0.04208137 0.08988323
v 0.02788704 -0.02902278 0.08578631
v 0.01939021 -0.00715097 0.06855439
v 0.01649478 -0.00326229 0.09466186
v 0.01750625 -0.01238302 0.08639895
v 0.02237716 -0.00259232 0.07406519
v 0.00484448 0.03699282 0.08627593
v 0.02081092 0.01077241 0.08452723
v 0.02400217 0.00599603 0.07624211
v 0.02393191 0.04435009 0.08585287
v 0.02300355 0.14000136 0.05268043
v 0.01008553 0.16038103 0.06474509
v 0.03410310 0.18422157 0.08064995
v 0.01138563 0.18576061 0.06818216
v 0.02495221 0.20699668 0.05899922
v 0.00501054 0.19778883 0.06999627
v 0.00735543 0.36492411 0.07812983
v 0.01308762 0.39478042 0.05777055
v 0.00643802 -0.09652819 0.03440508
v 0.01427690 -0.09999233 0.03647912
v 0.01211756 -0.07150212 0.05305257
v 0.02674567 -0.07477669 0.05318499
v 0.00273064 -0.07965646 0.04950330
v 0.03540517 -0.04950469 0.06755281
v 0.02671348 0.10447408 0.07096238
v 0.04050482 0.22982609 0.02268414
v 0.04045748 0.20927927 0.04983735
v 0.01436997 0.25850503 0.04322684
v 0.03562597 0.27640838 0.03357556
v 0.01205925 0.28016801 0.04832459
v 0.01095791 0.28767809 0.04793869
v 0.03149145 0.27846683 0.03378735
v 0.01056440 0.28754893 0.05868389
v -0.00014645 0.29320653 0.04176775
v 0.00719539 0.31172525 0.05101310
v 0.00599005 0.31067112 0.04634066
v 0.02439428 0.34532659 0.05140254
v 0.01692050 0.34249864 0.04806226
v 0.02651217 0.36379676 0.05658048
v 0.02893466 0.36448020 0.04390537
v 0.02239511 0.37785612 0.04671437
v 0.01904824 0.36781796 0.03579526
v 0.01564748 0.37287592 0.03137948
v 0.00073934 0.39724769 0.06639346
v 0.02822307 0.38064360 0.04863917
v 0.02662919 -0.27509893 0.03395329
v 0.02616090 -0.26075548 0.03704455
v 0.02979466 -0.25179627 -0.02583071
v 0.02839733 -0.13058638 -0.00527997
v 0.03042601 -0.13369167 0.00818063
v 0.04471542 -0.11538433 0.01782413
v 0.00039869 -0.10311811 0.01429630
v 0.01341678 0.24643392 0.02187442
v 0.00917072 0.37042949 -0.00498151
v 0.02996865 0.37016952 0.01823780
v 0.04289466 0.36062743 -0.02199189
v -0.00432288 0.39287256 0.03311939
v 0.01962838 0.41596453 0.01249554
v 0.01900446 0.38287980 -0.01595475
v 0.02248897 -0.13195319 -0.01781559
v 0.03095781 0.11359099 -0.02429713
v 0.03645901 0.36046287 -0.03249994
v 0.00530671 0.36626817 -0.01315033
v 0.02060522 0.42545189 -0.03019961
v 0.00073493 0.50311997 -0.01646664
v 0.02262068 -0.21041588 -0.03723697
v 0.06956155 0.03444081 -0.03089870
v -0.00160880 0.04317330 -0.05302064
v 0.01177014 0.11246318 -0.03908267
v 0.01899005 0.26868187 -0.06007565
v 0.01804250 0.38745717 -0.04486361
v 0.00218281 0.41643222 -0.05913926
v 0.01054088 -0.36254995 -0.07468752
v 0.02733235 -0.34683144 -0.09012786
v 0.01057022 0.30592125 -0.07732192
v 0.00560283 -0.39893429 -0.11049515
v 0.02908540 -0.39916694 -0.10873747
v 0.03111584 -0.30321558 -0.10537556
v 0.05558671 -0.05867705 0.06873836
v 0.04268041 -0.01716795 0.07091107
v 0.03048257 -0.01222563 0.06919183
v 0.05643369 -0.00234986 0.07206649
v 0.06229946 0.02246078 0.07929863
v 0.05948047 0.13221100 0.09030830
v 0.04793153 0.16366073 0.07472272
v 0.05557592 0.19508869 0.05977957
v 0.05970163 -0.08657126 0.04369202
v 0.06762503 -0.09760101 0.02346249
v 0.05542764 -0.00796555 0.06333930
v 0.04113185 0.12400888 0.02873639
v 0.06216118 0.14920635 0.05436036
v 0.05993111 0.16588583 0.04918127
v 0.05115029 0.19586387 0.03400328
v 0.03194757 0.30858638 0.04220765
v 0.03913379 0.33439194 0.02950259
v 0.03690176 0.37077502 0.03159178
v 0.04675473 -0.26252497 0.02555775
v 0.05422642 -0.27585961 0.02942282
v 0.05617504 -0.26441064 0.02819790
v 0.03734493 -0.26044232 0.02664791
v 0.04992132 -0.25006030 -0.01020190
v 0.06755384 -0.14505461 0.01266403
v 0.03066977 -0.13899153 0.00949524
v 0.04354406 -0.12474864 0.00940993
v 0.06098039 -0.12161048 0.00196982
v 0.04176775 0.10536297 0.01275372
v 0.05804227 0.12103048 0.02592805
v 0.05483568 0.16299738 0.00017699
v 0.05599176 0.15777648 -0.00123029
v 0.05696497 0.22620271 0.01833164
v 0.05032496 0.24703716 -0.00407108
v 0.07148766 0.24753927 -0.00497811
v 0.05569054 0.25050592 0.00048882
v 0.04247693 0.27666481 -0.00531932
v 0.04140988 0.29363749 0.01548751
v 0.04201038 0.34397016 0.02713117
v 0.04018953 0.36009109 -0.00654386
v 0.04485445 0.36158128 0.00262270
v 0.03181100 0.37355990 0.01491031
v 0.06691644 -0.25608629 -0.01393833
v 0.05611694 -0.23151675 -0.01933654
v 0.05868401 -0.22653355 -0.02420799
v 0.04230383 -0.21243544 -0.03493772
v 0.06177106 -0.11535131 -0.01961232
v 0.07192197 0.05471167 -0.02117654
v 0.03977461 0.09974892 0.02436266
v 0.04098351 0.09858354 -0.02035975
v 0.03781102 0.10475207 -0.00805694
v 0.05334417 0.15607890 -0.04027131
v 0.07112681 0.15752600 -0.02014049
v 0.06457318 0.24959452 -0.00946037
v 0.03822422 0.25773711 -0.00066371
v 0.05727481 0.26422341 -0.00305052
v 0.03962364 0.26593977 -0.03007669
v 0.04391955 0.28322287 -0.01230575
v 0.03870244 0.32036484 -0.00788414
v 0.07698678 0.33665777 -0.02751837
v 0.05969330 0.34764563 -0.01993049
v 0.05261437 0.35656258 -0.01265437
v 0.06154532 0.37128938 -0.00850734
v 0.06157182 0.36125458 -0.01393975
v 0.05448714 0.36483742 -0.01620822
v 0.03800268 0.39457182 -0.02450733
v 0.03537367 0.39703670 -0.00691898
v 0.06120604 0.39183113 -0.03208429
v 0.04697139 -0.27298775 -0.06224307
v 0.06239034 -0.23809767 -0.05995174
v 0.06192008 -0.23542724 -0.05306521
v 0.05848998 0.25039369 -0.03550463
v 0.04029862 0.27577826 -0.03281733
v 0.04203147 0.33785159 -0.03900175
v 0.04170555 0.32451757 -0.03283638
v 0.03525107 0.37450709 -0.02979561
v 0.05625054 0.40160267 -0.06126162
v 0.07686536 0.39216143 -0.05904574
v 0.06361681 0.39513847 -0.04417108
v 0.05960049 0.38844639 -0.06522217
v 0.03697784 0.41033847 -0.05308000
v 0.04289967 0.40449423 -0.05063852
v 0.06486946 0.40373183 -0.05397043
v 0.03088699 -0.36079744 -0.06962556
v 0.06054150 -0.34008318 -0.08970087
v 0.01881689 -0.27381929 -0.11042131
v 0.05205327 0.40867698 -0.06862212
v 0.02814001 -0.44443064 -0.12446808
v 0.05285662 -0.43021235 -0.11760855
v 0.06075958 -0.41295812 -0.12280753
v 0.06208333 -0.38186180 -0.09887597
v 0.04800651 -0.30134852 -0.11283819
v 0.06831412 -0.29946636 -0.09411725
v 0.08850814 -0.27435674 0.07516619
v 0.06819658 0.02814265 0.09308864
v 0.07650308 0.04290269 0.07327421
v 0.08726233 0.04053376 0.07421150
v 0.08206819 0.05046286 0.07636968
v 0.07849822 0.04473913 0.07019935
v 0.07987980 0.05226091 0.07593697
v 0.08239050 0.06606206 0.06011916
v 0.07945800 0.06850457 0.07598783
v 0.08356603 0.10798757 0.06468465
v 0.09650367 0.10063735 0.06466851
v 0.09073182 0.11277424 0.06359942
v 0.08120124 0.12266495 0.06749382
v 0.07394319 0.14413232 0.06683112
v 0.11580042 0.15176313 0.05442954
v 0.08244228 0.15391085 0.07105559
v 0.07223099 -0.27608875 0.03444648
v 0.07863110 -0.27236644 0.02929416
v 0.07553397 -0.05600159 0.05875705
v 0.08368739 -0.04291336 0.02753233
v 0.08697941 -0.03512593 0.02502286
v 0.06694755 -0.01817369 0.04833523
v 0.08049675 0.01054286 0.04881195
v 0.05420408 0.01158408 0.07930405
v 0.09056921 0.05604068 0.06128795
v 0.09607898 0.05205344 0.04063520
v 0.08211651 0.06811073 0.05567419
v 0.08601816 0.06434905 0.05921976
v 0.09634582 0.07810024 0.05890267
v 0.08041267 0.06474225 0.03619536
v 0.07395289 0.10526101 0.05088734
v 0.08017372 0.11125804 0.05508225
v 0.08684780 0.17086555 0.04959405
v 0.08353451 0.16744075 0.04699864
v 0.10421830 0.15459203 0.04293814
v 0.07341418 -0.26508265 0.02723559
v 0.07581027 -0.25985170 0.02193759
v 0.07420720 -0.15416889 -0.00771042
v 0.06580911 -0.13825955 0.01055635
v 0.07082157 -0.14125938 0.02086476
v 0.06964017 -0.11829068 0.01773783
v 0.06378084 -0.11983985 0.00848892
v 0.06412120 -0.09978170 0.01793462
v 0.07407808 -0.08680994 0.02514256
v 0.07640837 -0.06982923 -0.00302362
v 0.07898926 -0.02969501 0.02109577
v 0.07400201 -0.01692187 -0.00387204
v 0.08952907 -0.00586598 0.00384251
v 0.09208161 -0.00728700 0.00557997
v 0.08182406 0.10923113 0.02302143
v 0.10125047 0.11281150 0.02393553
v 0.07924859 0.10844115 0.03186635
v 0.10097286 0.19094590 0.01070688
v 0.08364256 0.19851440 0.02536869
v 0.08750170 0.20796054 0.03280593
v 0.06658528 0.23612217 0.01695835
v 0.07301830 0.22307467 0.02069480
v 0.09952535 -0.16275449 -0.03079001
v 0.09128605 -0.14889538 -0.00566771
v 0.09032232 -0.13027031 0.00067203
v 0.09483676 -0.14863837 -0.02096959
v 0.05612306 -0.10775865 -0.02660948
v 0.09756565 -0.07838876 -0.03083598
v 0.08846391 -0.13304177 -0.02281184
v 0.08900228 -0.00798327 -0.00891355
v 0.09352444 0.00698491 -0.02475059
v 0.07064407 0.05785242 -0.02435867
v 0.07400487 0.15246777 -0.02189041
v 0.08910322 0.15978861 -0.02410218
v 0.09379261 0.22913550 -0.01835088
v 0.07199975 0.24921492 -0.02173807
v 0.07742002 0.25208711 -0.02805719
v 0.06677302 0.25814386 -0.00906295
v 0.07009564 0.26178494 -0.00108754
v 0.06890340 0.25562548 -0.01853088
v 0.07099581 0.25554064 -0.02435021
v 0.06834424 0.27065062 -0.03622623
v 0.06665025 0.27417969 -0.01806481
v 0.09029263 0.27539990 -0.01745784
v 0.07197579 0.30191357 -0.02851201
v 0.09225899 0.30179519 -0.02819983
v 0.08063571 0.32441708 -0.03061847
v 0.09663110 0.32430862 -0.02019390
v 0.08977370 0.34677724 -0.01160853
v 0.09188298 0.34770026 -0.01841442
v 0.07659616 0.34595668 -0.03050688
v 0.07189442 0.34968746 -0.01316284
v 0.08011918 0.36572176 -0.01752153
v 0.07702495 0.35180437 -0.01942046
v 0.07357137 0.36690107 -0.01837155
v 0.08240975 0.36461876 -0.02535400
v 0.07268770 0.37294518 -0.03074301
v 0.10193249 0.37287779 -0.02402832
v 0.09934060 0.36282046 -0.02721815
v 0.07694143 0.40224275 -0.03609589
v 0.09758969 -0.34219468 -0.06217235
v 0.06679726 -0.27371873 -0.05387113
v 0.06730628 -0.23425732 -0.03981146
v 0.07203917 -0.23603017 -0.04165745
v 0.08953899 -0.22829510 -0.05448566
v 0.06614295 0.27113314 -0.03199828
v 0.08962280 0.30208134 -0.03808898
v 0.07694556 0.29705550 -0.04560809
v 0.07224812 0.31605828 -0.05282226
v 0.08682113 0.32631182 -0.03896472
v 0.07599256 0.33816022 -0.05652565
v 0.06901576 0.32186851 -0.05947957
v 0.08336897 0.36211047 -0.03964484
v 0.10322116 0.36001417 -0.02872068
v 0.09483453 0.37454836 -0.04065964
v 0.07397599 0.37152624 -0.05373630
v 0.08723635 0.39095020 -0.03746534
v 0.08989307 0.38995510 -0.03102033
v 0.09133004 0.37864504 -0.04398557
v 0.10441123 0.38781168 -0.05754917
v 0.07412304 0.39994198 -0.03932286
v 0.08395647 0.40269392 -0.05172408
v 0.09846042 0.40331951 -0.05218321
v 0.06900756 0.40111543 -0.05649801
v 0.08642683 0.40947745 -0.05395809
v 0.10161803 0.40653914 -0.04707878
v 0.10642496 -0.39574130 -0.08282462
v 0.07049467 -0.34284913 -0.07454932
v 0.09940662 -0.30278633 -0.08540674
v 0.08814454 -0.29799697 -0.08059169
v 0.09572503 -0.48738956 -0.11624765
v 0.08871168 -0.44880406 -0.11104292
v 0.08045119 -0.40667816 -0.10187580
v 0.11130103 -0.29941066 0.03119119
v 0.10989678 0.02109604 0.04343299
v 0.13377841 0.05029288 0.05149107
v 0.13098855 0.07436735 0.04339789
v 0.12445941 0.05386017 0.04267019
v 0.10818097 0.06416240 0.06054959
v 0.12063086 0.07253274 0.05168550
v 0.12493065 0.07565191 0.03815171
v 0.11586339 0.07134362 0.04797823
v 0.12179912 0.09894827 0.04564384
v 0.11283571 0.10463601 0.03450331
v 0.12282600 0.11125294 0.05333764
v 0.11903389 0.11591791 0.04713748
v 0.11712731 0.11696482 0.03301137
v 0.11631337 0.14441947 0.05568432
v 0.11774245 0.13918614 0.05039214
v 0.10980734 0.13448792 0.03133102
v 0.12311490 0.15317565 0.04017202
v 0.11477614 0.14585838 0.02991794
v 0.09572674 0.15877981 0.05725493
v 0.10460737 0.16634722 0.05691870
v 0.11111298 -0.34216712 -0.00760759
v 0.11565357 -0.30285870 0.01529863
v 0.11738257 -0.28068080 0.01740080
v 0.12046001 -0.26331528 0.02211029
v 0.10910617 -0.27419822 0.01745681
v 0.11816972 -0.25272666 0.02567166
v 0.11539714 -0.23700469 -0.00255034
v 0.11149683 -0.24018086 -0.00485995
v 0.11092011 -0.15707596 -0.00085260
v 0.10390493 -0.15507168 0.00447961
v 0.09897030 -0.14370801 0.00142261
v 0.16901993 -0.16580120 0.00756475
v 0.12146806 -0.14072895 -0.00360199
v 0.09004622 -0.12169421 0.00921344
v 0.11573359 -0.14487685 0.00114450
v 0.10786218 -0.13762146 0.00237076
v 0.08962733 -0.10747175 0.01933252
v 0.10514518 -0.08963161 0.00866419
v 0.09828973 -0.04262499 -0.00216976
v 0.11153780 -0.02495306 0.01354814
v 0.11954861 0.01904772 0.00881505
v 0.12200405 0.01696510 0.01209169
v 0.10593080 0.10588980 0.02519083
v 0.11815378 0.10781083 0.02689313
v 0.11149363 0.12657103 0.02594786
v 0.10742128 0.15982271 0.03872182
v 0.10485075 0.19022183 0.01221938
v 0.10986319 0.20114618 0.02019611
v 0.09607576 0.20321697 0.02581202
v 0.11569859 -0.29639432 -0.01623650
v 0.11554894 -0.29524491 -0.04371658
v 0.10839858 -0.27210522 -0.00245072
v 0.11448052 -0.27703445 -0.02683006
v 0.11936772 -0.27492155 -0.00718074
v 0.11838479 -0.26437263 -0.02014367
v 0.11984595 -0.25639218 -0.01390969
v 0.11969608 -0.19577768 -0.02384573
v 0.10595521 -0.19428886 -0.01690467
v 0.10193267 -0.15553259 -0.00343835
v 0.15358252 -0.16302286 -0.01931239
v 0.10051556 -0.11811514 0.00137625
v 0.12535199 -0.12354865 -0.02730866
v 0.10685178 -0.00113625 -0.04361710
v 0.09974174 -0.01646128 -0.01083812
v 0.12900372 0.00160151 0.00380042
v 0.12831111 -0.01853175 -0.02010624
v 0.08043613 0.00310813 -0.01612245
v 0.12575951 0.05059283 0.00640127
v 0.13554183 0.14382762 -0.01559148
v 0.13090966 0.16378882 -0.02090910
v 0.11042746 0.17830799 -0.02460773
v 0.12935678 0.20677035 -0.00666375
v 0.11612436 0.19275597 -0.02096866
v 0.11824307 0.20336892 -0.01466177
v 0.12272248 0.20278891 -0.00861931
v 0.10365418 0.22559465 -0.02476349
v 0.11218127 0.21689825 -0.01581386
v 0.09606833 0.24834960 -0.01384057
v 0.10884357 0.24719211 -0.01141093
v 0.11097317 0.27471674 -0.01594630
v 0.11499128 0.30913595 -0.02178576
v 0.13149758 0.32271002 -0.03213617
v 0.10931540 -0.34159000 -0.04206849
v 0.12500190 -0.21507840 -0.05049425
v 0.11908930 -0.18408358 -0.04001730
v 0.11303465 -0.15651758 -0.04751948
v 0.12253500 -0.14349847 -0.03180821
v 0.10674745 -0.05136254 -0.03989369
v 0.11697730 0.00917400 -0.04053523
v 0.10544167 0.38854724 -0.04179221
v 0.11274182 0.38107667 -0.04679014
v 0.09958531 0.39786832 -0.06416300
v 0.09604465 -0.46137784 -0.11941323
v 0.11344458 -0.42991425 -0.08945839
v 0.12377161 -0.41889657 -0.08847874
v 0.11031975 -0.30498721 -0.06805113
v 0.12115016 -0.30206626 -0.06482111
v 0.14908472 -0.20963520 0.02826813
v 0.13241097 0.05762691 0.05605076
v 0.13784932 0.06581083 0.05297170
v 0.13672584 0.07238764 0.02909005
v 0.13751178 -0.02550968 0.00604616
v 0.13302439 -0.27175875 -0.00576567
v 0.12428997 -0.24189811 -0.01526063
v 0.13389201 -0.06617528 -0.01637904
v 0.15747875 -0.48276046 -0.05167025
v 0.13211330 -0.43781300 -0.06880763
v 0.15168924 -0.45313519 -0.05565476
v 0.17512100 -0.16632711 0.01494545
v 0.16027932 -0.15997874 -0.02217626
v -0.16585389 -0.00612205 0.09071764
v -0.17468006 0.04360864 0.07653016
v -0.15674414 0.00991027 0.08798895
v -0.14008046 0.01716770 0.08999052
v -0.15231892 0.02685459 0.08339895
v -0.11964026 0.01735660 0.09023593
v -0.14233511 0.04642497 0.07383714
v -0.12973250 0.05984393 0.07733757
v -0.13048708 0.07452197 0.07989172
v -0.14450942 0.07108915 0.07192878
v -0.12119143 0.10276201 0.07413205
v -0.17115237 0.01147070 0.07363942
v -0.16803585 0.04149540 0.07234759
v -0.16256615 -0.00596465 0.08492082
v -0.13983291 0.01716493 0.08379875
v -0.14171014 0.03437201 0.07691385
v -0.12088110 0.02889700 0.08133054
v -0.12747929 0.04571358 0.07511367
v -0.14483545 0.04607743 0.06460687
v -0.11791510 0.04595172 0.07640808
v -0.16533975 -0.01326201 0.06703459
v -0.13031089 0.00447092 0.06112298
v -0.17531765 0.04452645 0.05652014
v -0.16694678 0.06141845 0.06067205
v -0.15750123 0.04938465 0.06050649
v -0.13710439 0.05906212 0.04825843
v -0.16814822 -0.00607960 0.06992074
v -0.16343787 0.01367541 0.07222979
v -0.16711269 0.04087081 0.06426533
v -0.15453264 0.04851800 0.06298456
v -0.12608626 0.02121124 0.05182596
v -0.13354927 0.06463438 0.05159390
v -0.12595627 0.14248553 0.02915449
v -0.16947697 0.02292001 0.06856457
v -0.17578772 0.03444512 0.06860172
v -0.16104809 0.02482071 0.07003962
v -0.15401392 0.06786288 0.07098749
v -0.13716092 0.09277587 0.06967629
v -0.13490303 0.12372243 0.03539802
v -0.12535011 0.15286425 0.04184592
v -0.11268367 0.16677218 0.02959462
v -0.05798150 0.14989995 0.11538522
v -0.08102164 0.15923650 0.04769231
v -0.09778730 -0.50121889 -0.09779459
v -0.05506987 -0.50144493 -0.12645782
v -0.02414476 -0.49254011 -0.11715431
v 0.08760170 -0.48954925 -0.11421797
v 0.01226990 -0.49961669 -0.13900794
v 0.10726622 -0.50082741 -0.12246459
v 0.17913417 -0.49991662 0.02032461
v -0.11570015 -0.12393311 0.07754936
v -0.11949437 -0.10621629 0.05616384
v -0.12871699 -0.07870928 0.07088250
v -0.11829433 -0.05998129 0.09213206
v -0.12790943 -0.04529406 0.07205659
v -0.10850601 -0.03951563 0.07548078
v -0.12390425 -0.06489928 0.05591436
v -0.09709220 -0.04423926 0.05804505
v -0.08296274 -0.05876737 0.09025742
v -0.09572829 -0.04273181 0.08960848
v -0.10165378 -0.04417040 0.08337242
v -0.09580140 -0.06517118 0.09909300
v -0.13359953 0.06256462 0.07177467
v -0.14785533 0.06739765 0.06726816
v -0.13173664 0.07583886 0.07447912
v -0.13914895 0.08537866 0.06377470
v -0.11159021 0.16308046 0.01680485
v -0.10369262 0.19616976 0.01057736
v -0.10438329 0.16618912 -0.01315272
v -0.09951103 0.19581598 -0.03233417
v -0.11434857 0.04485989 0.08268268
v -0.11569202 0.08266409 0.06840805
v -0.07548162 0.07562060 0.05840517
v -0.12091931 0.09938943 0.06942707
v -0.10849006 0.15219554 0.06726798
v -0.05715186 0.14647920 0.11346706
v -0.13099554 0.02621409 0.04596800
v -0.14170504 0.02970426 0.05547960
v -0.14444990 0.07286116 0.05409786
v -0.13442900 0.10751002 -0.01277356
v -0.13295727 0.15483753 -0.01832220
v -0.13442769 0.13717475 -0.02584994
v -0.12948387 0.15174171 -0.01870945
v -0.12822484 0.22168577 -0.04027862
v -0.12693847 0.23710900 -0.03044099
v -0.12323135 0.10381143 0.02405061
v -0.10519567 0.14034615 -0.00771293
v -0.10983220 0.19857624 0.01110373
v -0.10199113 0.13995904 -0.01028286
v -0.11201100 0.16610870 -0.01246073
v -0.11472670 0.16663739 -0.02838664
v -0.10759802 0.18788819 -0.03089683
v -0.10842003 0.21019710 -0.04106482
v -0.12353654 0.23443651 -0.04517807
v -0.12241712 -0.48628672 0.00792951
v -0.13660698 -0.50079289 -0.01731700
v -0.11654233 -0.48844416 -0.05250887
v -0.12707337 -0.50030074 0.06211897
v -0.10264646 -0.48584411 0.08013495
v -0.11840085 -0.45936613 0.00263026
v -0.10884862 -0.44600838 0.01008598
v -0.10101918 -0.42650038 -0.01446118
v -0.09867820 -0.42422419 0.01593092
v -0.10494918 -0.46111273 -0.06860114
v -0.10053967 -0.44637018 -0.05258765
v -0.10270508 -0.45289250 0.05532581
v -0.09374196 -0.42853189 0.05748645
v -0.08776974 -0.41933482 0.07641812
v -0.06298548 -0.37462036 0.04231113
v -0.06317419 -0.38549630 0.06486432
v -0.08961515 -0.40609477 0.03537946
v -0.09105172 -0.40176692 0.04881988
v -0.06745417 -0.37928882 0.01377726
v -0.08793903 -0.40269510 -0.03795036
v -0.10474540 -0.40793122 -0.00107609
v -0.04330040 -0.36484343 0.03557058
v -0.05174646 -0.36345096 -0.00899748
v -0.04380039 -0.35979688 -0.03970133
v -0.05675327 -0.50096438 0.11316551
v -0.13677654 -0.49220336 0.01456286
v -0.12556765 -0.48506229 -0.03219812
v -0.11529603 -0.48865013 0.07338829
v -0.08902906 -0.45330714 0.09004749
v -0.09907598 -0.40641520 0.05070609
v -0.12086223 -0.45844037 0.02959407
v -0.11415549 -0.44946532 0.01554673
v -0.09948000 -0.41913948 0.04428953
v -0.11097512 -0.43802538 0.01379075
v -0.11124976 -0.41609695 0.00254250
v -0.09491168 -0.39133587 -0.00468634
v -0.10330380 -0.41995896 -0.01875046
v -0.08869467 -0.39604446 -0.03317588
v -0.12491540 -0.49872605 -0.06247783
v -0.09001143 -0.44330868 0.07669161
v -0.07923835 -0.42719521 0.08352257
v -0.06182982 -0.37118761 0.04792434
v -0.08004200 -0.38072715 -0.04320272
v -0.05745488 -0.36303663 -0.00390547
v -0.05728308 -0.36252843 0.01290767
v -0.13687970 -0.00833654 0.01721982
v -0.12879260 -0.27126861 -0.00788219
v -0.13277728 -0.23200317 -0.01261468
v -0.13217288 -0.25068768 -0.03384436
v -0.13784488 -0.19873433 -0.02454572
v -0.14363756 -0.15578552 -0.01728275
v -0.10596197 -0.09555650 0.01274616
v -0.11680074 -0.03644503 0.00927368
v -0.12893036 -0.01081546 0.03244412
v -0.13743734 -0.02664760 -0.00642400
v -0.14588166 0.02656444 0.00173155
v -0.13298636 -0.05142675 -0.00549393
v -0.10820401 -0.07049943 0.01834769
v -0.11873193 -0.03564518 0.02628620
v -0.10235963 0.03006585 0.05326837
v -0.08393663 0.02868118 0.07154035
v -0.07334439 0.07481620 0.05407279
v -0.07265189 0.08855660 0.03835866
v -0.05621500 0.05804050 0.08104483
v -0.13091309 0.03275557 0.04295616
v -0.12571152 0.08432406 0.02894671
v -0.11084404 0.02889488 0.05569943
v -0.12557721 0.03252104 0.04214948
v -0.10765710 0.04833433 -0.00673584
v -0.08085005 0.08143997 0.03069582
v -0.08158094 0.10463903 0.07373376
v -0.07140236 0.12471255 0.07745498
v -0.07271567 0.09373445 0.04122652
v -0.06043132 0.09746815 -0.00994552
v -0.05782934 0.10611435 0.05645361
v -0.03935052 0.12811027 0.05430960
v -0.11184243 0.04127155 -0.00713024
v -0.07300329 0.07645157 -0.00456772
v -0.09645560 0.10214732 0.11564298
v -0.06354923 0.03843585 0.08721166
v -0.06019308 0.03481263 0.08827194
v -0.05539209 0.04983366 0.08764205
v -0.06375108 0.12467192 0.07970637
v -0.05416191 0.10626169 0.05745786
v -0.03919285 0.12342000 0.04845770
v -0.05081833 0.11264870 -0.00669960
v -0.12511894 -0.18887832 0.00176753
v -0.12103557 -0.25163867 -0.00303423
v -0.13574154 -0.17742077 -0.01161452
v -0.12269571 -0.12911511 -0.00616295
v -0.15354732 -0.10773754 -0.01290983
v -0.11489495 -0.10630172 -0.00243921
v -0.13989648 -0.07354055 -0.00716172
v -0.11167691 -0.08205830 -0.00268040
v -0.13330751 -0.04642368 -0.00089690
v -0.11403409 -0.04197728 0.00035966
v -0.11619504 -0.15975607 0.00870128
v -0.11054445 -0.23219242 -0.00588614
v -0.11249345 -0.21343010 -0.00983288
v -0.12057996 -0.15664577 -0.00055581
v -0.12445495 -0.15307317 -0.00898057
v -0.11020619 -0.11850406 -0.00377072
v -0.11041746 -0.04829123 -0.01004391
v -0.10872250 -0.17905452 0.00845135
v -0.09633878 -0.26959421 -0.01055495
v -0.09913504 -0.22818544 -0.00251071
v -0.07578693 -0.18499040 -0.00048084
v 0.03711829 -0.21516469 -0.03841177
v 0.04125983 -0.20268055 -0.02903535
v 0.03626155 -0.21913917 -0.04999937
v -0.14754211 -0.00505411 -0.00463514
v -0.14841384 -0.14068493 -0.02862468
v -0.13275868 -0.09439930 -0.02934629
v -0.15484323 -0.10066535 -0.02444296
v -0.14172304 -0.06810741 -0.02247647
v -0.11139102 -0.06640012 -0.02365661
v -0.12658500 -0.04870155 -0.02325978
v -0.13985896 -0.04173082 -0.01725507
v -0.12637920 -0.00856972 -0.01708376
v -0.14796392 0.03151287 -0.00107920
v -0.13142925 0.07293052 -0.02452349
v -0.12812814 0.09929850 -0.02139262
v -0.13714426 0.10737126 -0.02346621
v -0.13204078 0.15421641 -0.02624237
v -0.12612200 -0.22200179 -0.04691826
v -0.13433753 -0.20434740 -0.03725481
v -0.11996623 -0.20008421 -0.04949122
v -0.13962690 -0.15956760 -0.04066125
v -0.13406669 0.26646152 -0.04956727
v -0.09821557 -0.18425662 -0.01535976
v -0.12001320 -0.09064802 -0.03045283
v -0.10866289 -0.00937405 -0.00579778
v -0.10954746 0.08649379 -0.02580207
v -0.11648545 0.10678975 -0.02742090
v -0.10564127 0.10829197 -0.02795758
v -0.10270432 0.10564918 -0.02914044
v -0.09571289 0.10331087 -0.03027035
v -0.10835617 0.14502019 -0.03551177
v -0.11784512 0.13726222 -0.03177321
v -0.09591171 0.15298133 -0.02914187
v -0.12549717 -0.27474180 -0.04987693
v -0.11654356 -0.17194334 -0.04902091
v -0.11712676 -0.11707573 -0.03753000
v -0.09824056 0.16890179 -0.03666441
v -0.09683914 0.19769086 -0.04042297
v -0.11406712 0.24444195 -0.05375281
v -0.11593057 0.27562678 -0.04170731
v -0.09579444 0.26324442 -0.04451059
v -0.09194938 -0.09275750 0.01381228
v -0.06323174 -0.08575379 -0.01408316
v -0.08077326 -0.05621473 0.02110887
v -0.07113830 -0.19610328 -0.02536036
v -0.07489433 -0.13879051 -0.01285082
v -0.05741243 -0.01586811 -0.03965116
v -0.10645528 0.03540114 -0.02109658
v -0.02851473 -0.20488257 -0.03159671
v -0.04948238 -0.20099001 -0.02587213
v -0.04062993 -0.18609636 -0.02858580
v -0.03584062 0.12176907 -0.02825880
v 0.01072745 -0.19487230 -0.04245018
v -0.00762313 -0.08834313 -0.03526727
v -0.03011340 0.03129062 -0.05817364
v 0.01372230 0.04579561 -0.05297569
v -0.00992469 0.11497258 -0.03943193
v -0.00565753 0.19318867 -0.07722273
v 0.01025594 -0.21262428 -0.04062495
v 0.02468804 -0.04556855 -0.03933968
v 0.03481757 0.11906073 -0.02927475
v 0.03520078 -0.20353933 -0.04822671
v 0.06692312 -0.19985159 -0.05018879
v 0.06778568 0.03670615 -0.03571395
v 0.06903242 -0.27026962 -0.06032084
v 0.06593683 -0.21424688 -0.05527159
v 0.12461588 -0.19683984 -0.05344693
v 0.11619528 0.04926158 -0.03122649
v 0.11050397 -0.17736327 -0.03959562
v 0.12333430 -0.17329788 -0.04744612
v 0.09774579 -0.13898976 -0.04556216
v 0.10964116 -0.11313659 -0.04812979
v 0.11827821 -0.08216651 -0.04020994
v 0.11377105 -0.04448945 -0.03852916
v -0.15270186 -0.09789008 -0.01746677
v -0.12300552 -0.08971280 -0.02552463
v -0.13402307 -0.05170392 -0.01557056
v -0.14085493 0.00894346 -0.00693572
v -0.13235037 -0.20864190 -0.03086918
v -0.13429288 -0.18691250 -0.03437906
v -0.12394283 -0.15852110 -0.04244305
v -0.13733138 -0.14167312 -0.03421547
v -0.10518072 0.00456931 -0.01049079
v -0.08569737 -0.14677690 0.00123286
v -0.08063436 -0.13606200 -0.00075895
v -0.08411432 -0.08812532 0.01039769
v -0.09202379 -0.16824612 -0.00767956
v -0.05027448 -0.08439377 -0.01756552
v -0.07553350 -0.05763062 0.01422117
v -0.05413898 -0.03032999 -0.03222089
v -0.06974672 0.04197157 -0.03744759
v -0.03627826 -0.19012921 -0.02531574
v -0.02664654 0.10292907 -0.03345137
v -0.03938703 0.01311311 -0.04915088
v -0.00463767 -0.20934472 -0.03386674
v 0.01371564 -0.09447802 -0.03429462
v 0.01532769 -0.19543523 -0.03893676
v 0.03172727 -0.24500766 -0.04702995
v 0.05100640 -0.20899244 -0.04554492
v 0.06489037 -0.21016220 -0.04811010
v 0.10306904 -0.22088773 -0.05480526
v 0.12202829 -0.20439319 -0.04909476
v 0.10786797 -0.15570089 -0.04174952
v 0.11897291 -0.16697696 -0.04389927
v 0.10924853 -0.11432101 -0.04262087
v 0.10892342 -0.08066153 -0.03721530
v -0.14058021 0.08200249 -0.00265805
v -0.12852325 0.08584820 -0.00742556
v -0.13137182 0.12590361 -0.01075467
v -0.12060516 0.09308377 -0.00135148
v -0.11603997 0.13830994 -0.00938464
v -0.09922496 0.10003751 -0.00017782
v -0.13897555 0.06643915 -0.00081612
v -0.11764961 0.06118503 -0.01939804
v -0.14009616 0.08575361 -0.02085919
v -0.13204294 0.34529090 0.00532600
v -0.11268443 0.27253360 0.01167718
v -0.11391168 0.28070239 0.01172674
v -0.12563318 0.28810137 0.01037048
v -0.11357206 0.34862442 0.00799691
v -0.09598079 0.36262586 0.01253909
v -0.08213236 0.33129308 0.01466410
v -0.07320237 0.34456925 0.00968048
v -0.08485382 0.35411340 0.01886402
v -0.11365877 0.33689356 0.00758739
v -0.12814533 0.35254638 -0.00693404
v -0.09951582 0.31873133 0.01154377
v -0.12889376 0.35393266 0.00186872
v -0.13680575 0.36244841 0.00141528
v -0.12498506 0.38149362 -0.00186054
v -0.10968470 0.34569664 0.00291241
v -0.09622145 0.32928834 0.00483618
v -0.09033711 0.35537235 0.01054559
v -0.11905666 0.36853949 0.00408509
v -0.13311692 0.37010422 -0.00423229
v -0.12804341 0.37110148 0.00763556
v -0.13059144 0.38279320 0.00118049
v -0.11326241 0.37858450 0.00196524
v -0.10142503 -0.27231996 -0.04471379
v -0.11822942 -0.12958918 -0.01170608
v -0.14516770 -0.10603601 -0.01562486
v -0.13579932 -0.07422053 -0.01108880
v -0.11533267 -0.10946767 -0.00918663
v -0.13986823 0.01385016 -0.01076244
v -0.10073552 -0.24683388 -0.04465584
v -0.10023438 -0.19031489 -0.00924463
v -0.11520703 -0.14940613 -0.04448618
v -0.10689719 -0.15956411 -0.01492151
v -0.10834188 -0.10628523 -0.01401536
v -0.10628875 -0.20965855 -0.04744631
v -0.13595538 0.07408236 -0.00164505
v -0.11634238 0.13613122 -0.01381761
v -0.10151674 0.14319690 -0.01231591
v -0.11351737 0.16405174 -0.02110010
v -0.10068986 0.08507878 -0.00264958
v -0.09339698 0.09802703 -0.02084344
v -0.10357740 0.07596616 -0.01621695
v -0.12732670 0.06688855 -0.01895113
v -0.13287596 0.08421601 -0.01471680
v -0.10845760 0.08882658 -0.02085245
v -0.12108608 0.09451662 -0.02267974
v -0.11647108 0.10855631 -0.02199463
v -0.09967263 0.11277727 -0.02597218
v -0.09732128 0.12379167 -0.02483904
v -0.10363734 0.13763363 -0.03001851
v -0.13393687 0.08158549 -0.01820580
v -0.13099990 0.13883679 -0.01334696
v -0.12677124 0.13984851 -0.02614486
v -0.12871980 0.15141655 -0.01867406
v -0.11877515 0.10957443 -0.01131534
v -0.12385055 0.09249174 -0.01826394
v -0.12512148 0.12157593 -0.01380726
v -0.13447652 0.10237770 -0.01656696
v -0.13062427 0.15269517 -0.01581407
v -0.12924601 0.25427080 -0.04914976
v -0.09885647 0.14584153 -0.00975445
v -0.11514647 0.14281293 -0.02796880
v -0.10604968 0.15577453 -0.02682055
v -0.10128898 0.19385699 -0.03269042
v -0.09830300 0.19595383 -0.03345184
v -0.10893015 0.21735957 -0.03820824
v -0.11045061 0.24169122 -0.04837441
v -0.06189881 0.15530447 -0.02738029
v -0.05618282 0.15647283 0.00193681
v -0.04196978 0.13081853 -0.02329978
v -0.01306928 0.18096107 -0.06757486
v -0.09440921 0.16851681 -0.03219381
v -0.09485912 0.20447013 -0.03859744
v -0.03110558 0.24097164 -0.06706575
v -0.10589751 0.31641360 0.00495034
v -0.09369360 0.31382645 0.00077575
v -0.09617745 0.31891947 0.00497849
v -0.09019664 0.32427951 0.00034229
v -0.09945575 0.32965563 -0.00158862
v -0.10264398 0.27002837 -0.00411699
v -0.12074240 0.28991035 0.00039360
v -0.08488624 0.29496913 0.00611449
v -0.07338445 -0.46118194 -0.10530112
v -0.07691125 -0.48784010 -0.10303352
v -0.10701097 -0.44787587 -0.04941318
v -0.09727591 -0.42909827 -0.05842900
v -0.08690525 -0.48639335 -0.10096680
v -0.10701466 -0.45959528 -0.07613464
v -0.06000360 -0.37048855 -0.05628476
v -0.07877357 -0.42932361 -0.08563228
v -0.07021985 -0.44894964 -0.10234305
v -0.03953184 -0.42364348 -0.11023659
v -0.09940153 -0.42164576 -0.06734756
v -0.08456229 -0.41233479 -0.08557669
v -0.05470904 -0.46016406 -0.12060980
v -0.05576933 -0.38703037 -0.07660967
v -0.02968490 -0.41442644 -0.12198682
v -0.04540805 -0.39863472 -0.09607991
v -0.12464585 0.23877323 -0.03420167
v -0.14058815 0.25403540 -0.03755820
v -0.12501820 0.26993192 -0.04014177
v -0.10886579 0.21628439 -0.03060281
v -0.09969144 0.19376084 -0.03262388
v -0.12334061 0.23025481 -0.03792931
v -0.10234601 0.23527651 -0.03245085
v -0.10359980 0.26002645 -0.03392466
v -0.09810128 0.26098702 -0.04064405
v -0.09889292 0.26576818 -0.03140526
v -0.07758902 0.22838977 -0.04121053
v -0.09355088 -0.50142410 0.10482508
v -0.07109965 -0.46353056 0.10574301
v -0.06881045 -0.44689327 0.09198422
v -0.08613526 -0.43876120 0.07588313
v -0.05997793 -0.40650025 0.07695479
v -0.04292747 -0.40934230 0.08601371
v -0.03133930 -0.41647580 0.10634222
v -0.06392929 -0.48755204 0.10552688
v -0.03117587 -0.44730367 0.10397988
v -0.01738271 -0.43431867 0.10213990
v -0.02543498 -0.37851383 0.07578579
v -0.00605991 -0.40368284 0.10139376
v 0.05733424 -0.44793304 0.09894335
v 0.02121864 -0.41156510 0.09733520
v 0.02671275 -0.49116485 0.09285379
v 0.00916195 -0.40970045 0.08923279
v 0.00823793 -0.36976049 0.05572714
v 0.02026841 -0.36406031 0.05427817
v 0.03207865 -0.37343896 0.06168286
v 0.06830230 -0.41726352 0.10031856
v 0.04697499 -0.40838529 0.10030944
v 0.03427569 -0.40971922 0.08906251
v 0.10620143 -0.50124458 0.09643361
v 0.05704633 -0.45724326 0.10373793
v 0.06390452 -0.43332767 0.09668388
v 0.06415166 -0.38854359 0.08362503
v 0.08609201 -0.39915558 0.06825106
v 0.07885321 -0.37535336 0.05011633
v 0.11425753 -0.48420071 0.08765491
v 0.12009474 -0.44211958 0.07458589
v -0.09301693 -0.12537836 0.09314832
v -0.10411874 -0.15672805 0.08816410
v -0.09049559 -0.10904431 0.09537677
v -0.11316642 -0.09912915 0.08887003
v -0.08284262 -0.07484997 0.08819705
v -0.06677100 -0.08865862 0.09602799
v -0.06141916 -0.06954676 0.09391752
v -0.04065874 -0.06806065 0.09516122
v -0.00746352 -0.08106193 0.10199391
v -0.11656878 -0.07186994 0.07951304
v -0.07331567 -0.05059929 0.09455170
v -0.08576988 -0.03923057 0.10183887
v -0.06177799 -0.04819427 0.10368731
v -0.05449527 -0.05144705 0.09188222
v -0.04015372 0.08724177 0.10652018
v -0.02048869 -0.07023556 0.10267251
v -0.01276021 -0.07438529 0.09961674
v 0.00069367 -0.07305884 0.09625969
v 0.01360128 0.01801936 0.11573943
v -0.01432614 0.03871378 0.11632736
v -0.01944422 0.06933823 0.10909110
v 0.00249288 -0.07110535 0.09704327
v 0.01663317 -0.05330887 0.10657796
v 0.02942607 -0.03308129 0.10805278
v 0.02913155 0.00746248 0.11134766
v 0.06063266 0.00396033 0.10035476
v -0.10983565 -0.02849563 0.08051584
v -0.07408271 -0.02751939 0.09150758
v -0.10080638 0.07513127 0.10400267
v -0.07930078 0.08548677 0.13914169
v -0.07014836 0.10571579 0.06965639
v -0.04351816 0.12026273 0.10080095
v 0.05114529 0.14588400 0.08051634
v -0.00777517 0.13591115 0.09663622
v -0.00764135 0.12461378 0.05814649
v 0.06171829 0.14547638 0.05101056
v 0.08324940 0.14944481 0.06778322
v 0.07810141 0.13784325 0.06398985
v -0.09140618 -0.41630004 0.07993119
v -0.03212193 -0.45957987 0.11538883
v -0.03466580 -0.44779004 0.10805165
v -0.04606017 -0.41341270 0.09176378
v -0.03432859 -0.41573546 0.10893925
v -0.02296508 -0.43166126 0.10538428
v -0.04844030 -0.39481376 0.07624023
v -0.05697466 -0.48576077 0.10780993
v 0.01482511 -0.43227611 0.10815415
v -0.00984548 -0.41386863 0.11003506
v 0.07591507 -0.45342250 0.10202042
v 0.03381979 -0.40372803 0.09335130
v 0.01414846 -0.39211009 0.08707224
v 0.00423767 -0.36529367 0.05940661
v 0.04478905 -0.39492304 0.09714535
v -0.07549259 -0.15287994 0.08120698
v -0.10896764 -0.15894968 0.06469003
v -0.09240570 -0.10850485 0.05878442
v -0.09182986 -0.08006581 0.05335698
v -0.07843544 -0.11548903 0.07502458
v -0.10374964 -0.15426983 0.08518145
v -0.09690389 -0.14679995 0.08731592
v -0.11234906 -0.12225800 0.07544847
v -0.10945972 -0.09280050 0.08483093
v -0.12294286 -0.08283418 0.07149112
v -0.07959717 -0.14939039 0.09026910
v -0.08390093 -0.12082373 0.07838607
v -0.12291109 -0.07118105 0.05934502
v -0.11156731 -0.07079096 0.07582818
v -0.11535878 -0.05795726 0.06212420
v -0.11217398 -0.11951301 0.06179421
v -0.11865794 -0.09159963 0.05890830
v -0.09266160 -0.12244328 0.08782936
v -0.08489466 -0.09728955 0.09261220
v -0.11324352 -0.06304116 0.08912824
v -0.11744616 -0.05040723 0.07449212
v -0.09171084 -0.04996855 0.08315328
v -0.08210691 -0.03945471 0.09785452
v -0.05993011 -0.08355474 0.09273345
v -0.09189833 -0.08174933 0.08261093
v -0.08054423 -0.06645796 0.08525272
v -0.07151877 -0.06127963 0.08906163
v -0.06948558 -0.04660600 0.09034539
v -0.06569368 -0.02218570 0.08344591
v -0.04840531 -0.06787562 0.08794061
v -0.02618942 -0.07407460 0.08903273
v -0.05176211 -0.02668468 0.07841486
v -0.06244265 0.03684599 0.09076542
v -0.01593510 -0.10354046 0.09773881
v -0.00875964 -0.08491365 0.09989751
v -0.01699313 -0.06525563 0.09530962
v -0.00498764 -0.07124296 0.10181819
v -0.01673122 -0.06589692 0.09603378
v -0.03748071 -0.06181455 0.09551498
v -0.00312245 -0.06106370 0.09272978
v -0.02130928 0.02880303 0.08526792
v -0.10349546 -0.15417152 0.06568594
v -0.08805135 -0.07915307 0.05689604
v -0.09386530 -0.04433042 0.06132079
v -0.09730726 -0.06395326 0.09494841
v -0.09562991 -0.04256223 0.08963314
v -0.09974199 -0.03153888 0.07869180
v -0.08236413 -0.03243195 0.05284615
v -0.10532807 0.05804068 0.04931297
v -0.10738235 0.06782044 0.06625299
v -0.09936592 -0.02482880 0.00645739
v -0.10126972 0.00852226 0.05816474
v -0.04698715 -0.13504977 0.05798072
v -0.06924635 -0.01715993 0.07319713
v -0.06622921 0.02235058 0.08159310
v -0.07316292 0.03404869 0.07959054
v -0.06735687 -0.12663318 0.04416565
v -0.06400400 -0.13058618 0.01813710
v -0.07364030 -0.11478089 0.01609998
v -0.08648998 -0.03041740 0.05324974
v -0.07857656 -0.04759902 -0.00458250
v -0.04325466 -0.15454225 0.08762841
v -0.05809077 -0.11802459 0.09329058
v -0.02226045 -0.20964630 0.10961774
v -0.01743030 -0.21286700 0.08348267
v -0.09204632 0.02727401 0.07167785
v -0.06817333 0.03864884 0.08159714
v -0.05870587 0.05938141 0.08986926
v -0.08989062 0.06579188 0.04143056
v -0.09774529 0.16161093 0.04074265
v -0.01938280 0.14869012 0.10961059
v -0.10830257 0.15829074 0.06933988
v -0.05780368 0.15551527 0.07797877
v -0.02013832 0.13005453 0.07733042
v -0.00574484 0.13018701 0.05817935
v 0.03754318 0.15032838 0.06349587
v 0.05615035 0.14914030 0.07975644
v -0.10494680 -0.09229574 0.01771353
v -0.10811229 -0.08532877 0.02619320
v -0.10158484 -0.05555651 0.01884271
v -0.04563934 -0.14303310 0.08888842
v -0.07452474 -0.10325482 0.07569681
v -0.08147234 -0.10349070 0.06306659
v -0.06178223 0.00809934 0.08506984
v -0.05833503 -0.12865413 0.05047407
v -0.08434563 -0.07751169 0.02383048
v -0.02122528 -0.17042685 0.07118513
v -0.02379816 -0.19269255 0.09325120
v -0.10357327 0.11301526 0.04383645
v -0.06479297 0.13351869 0.07672935
v -0.06297962 0.14696482 0.07050374
v -0.08020048 0.14741884 0.04526547
v -0.07159744 0.20014645 0.03439676
v -0.04170266 0.20877766 0.02951701
v -0.06847366 -0.30286333 0.07691750
v -0.07247475 -0.34422602 0.02083200
v -0.07238822 -0.33308268 0.05523205
v -0.07748064 -0.31368497 0.05717108
v -0.09344993 -0.30335412 0.04388107
v -0.08296642 -0.29874892 0.02841122
v -0.08145540 -0.34257918 -0.00046002
v -0.08711349 -0.27321164 0.02919724
v -0.07205125 -0.34481789 -0.01815304
v -0.08701428 -0.30421870 -0.04077819
v -0.04727477 -0.36405251 0.04228377
v -0.09800025 -0.16092813 0.00327073
v -0.08771845 -0.13401934 0.00976951
v -0.04178814 -0.14130082 -0.00094998
v 0.00454418 -0.13304089 -0.00193824
v 0.07180596 -0.16204014 -0.01197449
v 0.05513900 -0.11974423 -0.01423002
v 0.06903269 -0.19702947 -0.01949739
v 0.09907149 -0.16135904 -0.00666727
v 0.12975349 -0.27520446 0.01967419
v 0.12411442 -0.23157273 0.00834227
v 0.10795679 -0.13402015 0.00298627
v 0.10707677 -0.09232413 0.01464933
v 0.13020326 -0.09115425 0.00235967
v 0.11390436 -0.09342647 0.00778077
v 0.12524878 -0.06568787 0.00946841
v 0.09904983 -0.07135795 0.01233880
v 0.11628830 -0.04838461 0.00770485
v 0.12404321 -0.03287192 0.01983127
v 0.10659636 -0.03871469 0.01589614
v 0.11230610 -0.15951988 -0.00365594
v -0.08158347 -0.13486633 0.00331139
v -0.10068878 -0.17578478 0.00314966
v -0.03652581 -0.13779917 -0.00441371
v 0.02682190 -0.16734310 -0.02400845
v 0.01586301 -0.13038390 -0.02176930
v 0.06030312 -0.14088390 -0.01883306
v 0.07757062 -0.19308913 -0.02311827
v 0.10315627 -0.18548411 -0.01509512
v 0.11223231 -0.07911460 0.00083353
v 0.12404813 -0.09814228 0.00067406
v 0.12439695 -0.00166485 0.00271046
v 0.11620905 -0.16461382 -0.00830293
v 0.11694054 -0.13483062 -0.00441086
v -0.10496731 -0.05868452 0.00939563
v -0.08922213 -0.08505176 0.01310863
v -0.10271497 -0.02200357 0.01866292
v -0.11150430 -0.08419069 -0.00829207
v -0.11540291 -0.04252980 -0.00610536
v -0.09769568 0.15040147 -0.02304897
v -0.06607313 0.15598526 -0.03478056
v -0.08115697 0.19203014 0.03646997
v -0.10301284 0.20129382 -0.02080736
v -0.08654157 0.20213850 0.03558879
v -0.09579952 0.21623087 -0.02727282
v -0.08192072 0.23042424 -0.02625377
v -0.05716412 0.24474707 -0.02395232
v -0.05648106 0.24527733 -0.00540226
v -0.05806199 0.26423367 -0.01019556
v -0.11022815 0.27725716 0.00585390
v -0.09756417 0.27196075 0.00668014
v -0.10731603 0.30186902 0.01281417
v -0.11909653 0.30270797 0.00509779
v -0.09524929 0.31376829 0.00623213
v -0.08493006 0.32769603 0.00771193
v -0.08651456 0.32940694 -0.01872191
v -0.10122506 0.37797501 -0.00004230
v -0.08887871 0.37876574 0.00312073
v -0.06712476 0.37432901 0.01953512
v -0.09698926 0.36829211 0.00472080
v -0.09201300 0.38573630 -0.02784552
v -0.10189162 -0.23431624 -0.01063313
v -0.10984986 -0.21344260 -0.04387795
v -0.11555150 -0.15707262 -0.00934177
v -0.02849331 -0.21118620 -0.02225833
v -0.09586165 0.07850471 -0.00534649
v -0.10417522 0.12566502 -0.01408945
v -0.10117840 0.37036635 -0.01546099
v -0.08396722 0.31486656 -0.00699927
v -0.08989610 0.32929446 -0.01661353
v -0.09217512 0.33227577 -0.02604271
v -0.07921685 0.35143349 0.01292571
v -0.07216303 0.37335995 0.01398569
v -0.08069458 0.32333812 -0.02398517
v -0.07172630 -0.37833921 -0.03557725
v -0.07730038 -0.42754948 -0.08024255
v -0.06754344 -0.44713281 -0.09659277
v -0.09331039 -0.42634033 -0.06431674
v -0.08095943 -0.41260526 -0.08327951
v -0.05339305 -0.39139883 -0.07664630
v -0.03451135 -0.38539274 -0.09010775
v -0.03215887 -0.40570680 -0.11360050
v -0.02483234 -0.42696069 -0.11311447
v -0.04465026 0.08821494 0.09691853
v -0.02872100 0.08225711 0.09106650
v -0.04503763 0.09775619 0.10818621
v -0.03933719 0.10292604 0.10553188
v -0.04404950 0.11571650 0.10738458
v -0.04035586 0.09244256 0.09720518
v -0.03792249 0.10494951 0.10276668
v -0.02207654 0.12669064 0.08346205
v -0.02686859 0.10313568 0.09937649
v -0.08518577 0.06390264 0.12001105
v -0.03735382 0.10197737 0.09809628
v -0.01747955 0.09684121 0.06936582
v -0.01796123 0.10850755 0.08997032
v -0.07702617 -0.48722208 0.11052968
v 0.04328383 -0.49754168 0.10476502
v 0.02860592 -0.36474621 0.05714040
v 0.04971904 -0.43093961 0.10037331
v 0.06334574 -0.41613562 0.10763411
v 0.04548500 -0.36399320 0.06004383
v 0.07680108 -0.43027352 0.09623264
v 0.08556478 -0.40992780 0.08326688
v 0.08520599 -0.38029907 0.06010818
v 0.06661513 -0.38267408 0.08074153
v 0.08420992 -0.36186527 0.03179263
v 0.10339861 -0.48535727 0.09198541
v 0.12732721 -0.44732410 0.07910527
v 0.12361763 -0.41595802 0.07133713
v 0.13730114 -0.48193207 0.07964681
v 0.14499852 -0.49950009 0.08619811
v 0.13855716 -0.40884586 0.05283894
v 0.17516017 -0.49345358 0.04921618
v -0.08218221 -0.14730348 0.10032353
v -0.07557738 -0.10689692 0.08163516
v -0.08400157 -0.09022433 0.09565105
v -0.03319328 -0.09193132 0.09799730
v -0.03920621 -0.09716332 0.08261100
v -0.02741991 -0.17843938 0.10530397
v -0.02268822 -0.07692136 0.09847685
v 0.00795351 -0.21661967 0.08751059
v -0.01459705 -0.20254868 0.09458409
v 0.00428496 -0.19490338 0.09376785
v -0.02711163 -0.12446997 0.09167252
v -0.00340214 -0.10295798 0.07474995
v -0.00262158 -0.08710829 0.05481202
v 0.06125722 -0.23162548 0.07462240
v 0.02389343 -0.19139744 0.08055945
v 0.04701516 -0.19661780 0.07285944
v 0.01366402 -0.12036754 0.06144863
v 0.01169626 -0.12113888 0.07381977
v 0.00886099 -0.09406147 0.08557795
v 0.03076693 -0.08807210 0.06241888
v 0.06100332 -0.21261559 0.05970287
v 0.05665933 -0.14706293 0.06185634
v 0.09774650 -0.21286176 0.05126174
v 0.07331231 -0.15085351 0.05205959
v 0.04965941 -0.07376264 0.05747019
v 0.13058302 -0.14949535 0.02432862
v 0.06882935 -0.07434355 0.04779167
v 0.11674089 -0.22810449 0.05598830
v 0.13138186 -0.20443310 0.04066820
v -0.05652896 -0.04363786 0.11087069
v -0.06761888 0.01113534 0.10128376
v -0.06082873 -0.01645056 0.08983898
v -0.05241077 0.00790882 0.09062043
v -0.06405188 -0.05284741 0.08286245
v -0.06049979 -0.03245236 0.09502538
v -0.07371107 -0.02969283 0.09333405
v -0.07310327 -0.03354118 0.09861497
v -0.06307817 -0.04538598 0.09648065
v -0.06310883 -0.03843347 0.10178405
v -0.05698686 -0.03672695 0.09644914
v -0.06415802 -0.03261204 0.10130039
v -0.05554787 -0.04049962 0.10207979
v -0.06209304 -0.03713162 0.10621761
v -0.06753711 -0.02467200 0.09571679
v -0.05876186 -0.02575082 0.10079433
v -0.07268569 -0.02933667 0.09320750
v -0.07647136 0.00975436 0.09276711
v -0.05746745 0.00058878 0.09591820
v -0.07163383 0.00700468 0.09343145
v -0.05948064 -0.00176376 0.09098714
v -0.06189024 0.01424554 0.09462586
v -0.06519333 0.00710703 0.08907789
v -0.06301884 0.00313030 0.08790076
v -0.06860586 -0.00579673 0.09199317
v -0.06363591 0.02576477 0.09078129
v -0.03682586 -0.34789735 0.06860877
v -0.05603208 -0.30299731 0.07416964
v -0.04498573 -0.30521326 0.07687448
v -0.00581082 -0.30335477 0.10294671
v -0.01757606 -0.30422140 0.09616627
v -0.02839969 -0.30394155 0.09946484
v -0.00791478 -0.29548631 0.09410301
v 0.00636884 -0.27210683 0.10545859
v -0.02247862 -0.36459610 0.05213777
v -0.01504280 -0.34313897 0.08189917
v 0.04678901 -0.30067308 0.09285683
v 0.01521613 -0.30888608 0.09064082
v -0.06951420 -0.30387034 0.06916416
v -0.06451054 -0.33474067 0.06045824
v -0.06588137 -0.34261443 0.04002500
v -0.08792237 -0.30457835 0.04372818
v -0.03056345 -0.34854380 0.06686842
v -0.03019033 -0.30420171 0.09514987
v -0.03894575 -0.30180787 0.07646682
v -0.05801666 -0.30327506 0.06867818
v -0.04614860 -0.33049661 0.06831523
v -0.00977184 -0.35010261 0.06911387
v -0.01833543 -0.30574604 0.09048741
v -0.00695690 -0.30475112 0.09871153
v -0.02640914 -0.36676513 0.04577146
v 0.01545060 -0.34640418 0.07298106
v 0.02909877 -0.34598451 0.08039338
v 0.03668931 -0.30666435 0.09888354
v 0.04998172 -0.30640596 0.08843238
v 0.04420000 -0.34542958 0.07152776
v 0.06293599 -0.30946752 0.08688050
v 0.04253049 -0.36407021 0.05114392
v 0.07932852 -0.36224408 0.02676073
v -0.07823277 -0.29947645 0.02864151
v -0.06907265 -0.34160152 0.02009168
v -0.05114117 -0.36414527 0.01205925
v -0.09262479 -0.30455176 0.00123664
v -0.08196194 -0.29786204 0.00530940
v -0.08828500 -0.27581484 0.00447073
v -0.06392790 -0.12477151 0.03107103
v -0.07840200 -0.30086362 -0.02080679
v -0.02880191 -0.36375614 -0.05336167
v -0.06572371 -0.34114650 -0.04790271
v -0.06250246 -0.27151955 0.07928602
v -0.07082102 -0.27145731 -0.07274952
v -0.05014626 -0.27153803 -0.01666782
v -0.04001877 -0.27060878 -0.09978217
v 0.02649421 -0.27124638 -0.05501634
v -0.03937521 -0.27242135 0.04361141
v 0.02120904 -0.27210450 0.03890729
v 0.02282654 -0.25668893 0.03900389
v 0.03398753 -0.27189705 0.03910541
v 0.04792877 -0.27214004 0.03877698
v 0.06272502 -0.26824254 0.03529574
v 0.05097535 -0.26033269 0.03543247
v 0.06634672 -0.25137390 -0.00575800
v 0.09039667 -0.27088442 0.07960068
v 0.08497959 -0.27068889 -0.09304509
v -0.05851741 -0.11731140 0.09014720
v -0.03491062 -0.09455247 0.07800265
v -0.00190143 -0.21685857 0.08652585
v -0.03053928 -0.17172945 0.09431147
v -0.01425397 -0.14857505 0.08892789
v -0.00835149 -0.10080576 0.07191002
v -0.02020253 -0.05064419 0.08443068
v -0.01442981 -0.02026007 0.09223377
v 0.01080156 -0.20398624 0.08625375
v 0.01901619 -0.18692945 0.07756821
v 0.01327899 0.02861107 0.08349402
v 0.02556658 0.05006684 0.07904240
v 0.02271144 0.08500262 0.07481033
v 0.01871848 -0.13366493 0.05635769
v 0.05141300 -0.04814898 0.06637654
v 0.06961728 -0.02658111 0.05823385
v 0.03822288 0.02080381 0.08368220
v 0.04666348 0.06936789 0.05408990
v 0.07261853 -0.21379670 0.05038589
v 0.05860604 -0.15492795 0.05789732
v 0.03112995 -0.08727058 0.05771500
v 0.05078085 -0.07392895 0.05349269
v 0.06388599 -0.07324433 0.04702113
v 0.07061975 -0.05606017 0.05377193
v 0.07237845 -0.03347736 0.04941826
v 0.04312167 -0.22873563 0.07505160
v 0.06836399 -0.07959330 0.04289193
v 0.12561744 -0.14820138 0.02280551
v 0.07720025 0.03782314 0.05022165
v 0.12308048 -0.20618038 0.03841980
v 0.09374848 0.04065037 0.04910379
v 0.10660348 0.02172819 0.04082486
v 0.13611914 -0.19137774 0.02796690
v -0.06539458 -0.09043193 0.08547079
v -0.03582788 -0.08816153 0.09163152
v -0.01067824 -0.10736330 0.10046088
v -0.03428661 0.14952387 0.08191337
v -0.02902386 -0.38301665 0.08828760
v -0.07133896 -0.21482520 0.01563976
v -0.05780611 -0.17114828 0.04884485
v -0.08052668 -0.21260086 -0.00277910
v -0.05628839 -0.13412526 0.01641762
v -0.07208633 -0.34554270 -0.00117231
v -0.07992475 -0.30453072 -0.05389752
v -0.05779549 -0.30464310 -0.06515505
v -0.04457574 -0.33993687 -0.06254866
v -0.02453569 -0.31173538 -0.09364719
v -0.05443600 -0.30561747 -0.07104536
v -0.03894326 -0.30464691 -0.08431687
v -0.03525673 0.18835284 0.07182021
v -0.03650955 0.23881896 0.00129166
v -0.02804214 0.20495903 0.04764748
v -0.01243482 0.20305178 0.05294624
v 0.00534058 0.22616741 0.02792363
v 0.00541339 0.24800196 0.01936233
v 0.03612525 0.16257558 0.07370235
v 0.01047818 0.16992561 0.06203158
v 0.00310421 0.19298971 0.06475984
v 0.01874143 0.19722485 0.06029987
v 0.02723501 0.25240179 0.00766533
v 0.03880019 0.20338827 0.04685270
v 0.04170100 0.22422774 0.02183545
v 0.06088315 0.27429849 -0.01779411
v 0.08327860 0.19779644 0.02034178
v 0.10519064 0.15747030 0.05655318
v -0.05032532 -0.13473687 0.00969896
v -0.00700183 -0.10500036 0.01733808
v 0.02880126 -0.10488556 0.03748866
v 0.03435673 -0.11877204 0.01895489
v -0.06552109 0.47129153 -0.02672629
v -0.06874734 0.48563302 -0.04275507
v -0.04836644 0.45329961 -0.02678349
v -0.06080605 0.39802088 0.00976905
v -0.05459641 0.26258477 -0.02252347
v -0.04643704 0.30630533 -0.03394435
v -0.06222391 0.35070528 -0.01851677
v -0.04752063 0.36505364 -0.01852072
v -0.04674342 0.43476882 -0.03029702
v -0.05497315 0.44756378 -0.00589533
v -0.03295190 0.25118546 -0.03126204
v -0.04691985 0.35888861 -0.06300860
v -0.04111125 0.37490529 -0.04456995
v -0.02051481 0.45797960 -0.02956500
v -0.04976657 0.48967227 -0.03569197
v -0.03913297 0.49751458 -0.05564441
v -0.02390817 0.36491242 -0.07875957
v -0.01967211 0.26282323 -0.05631952
v -0.02536859 0.30210321 -0.07268191
v -0.07877008 0.29660896 -0.01011559
v -0.07804577 0.33669936 -0.00161109
v -0.02226511 0.25848793 -0.00431761
v -0.04174399 0.26024423 0.00328503
v -0.07650737 0.46945359 0.01221635
v -0.06557019 0.47610682 0.01528766
v -0.06222109 0.40413855 -0.03127196
v -0.08691328 0.48749147 -0.02124678
v -0.07361992 0.47743894 -0.00579600
v -0.03892776 0.35746302 -0.01556103
v -0.05131033 0.47223088 0.01439771
v -0.08034018 0.48654616 0.00677270
v -0.04158863 0.48440193 0.02837168
v -0.04627221 0.47823565 -0.01615705
v -0.01457369 0.48543314 -0.02962950
v -0.03253690 0.48960200 -0.04042736
v -0.02128491 0.48474814 -0.01055238
v -0.00278456 0.49880349 -0.01720666
v -0.07171922 -0.33654290 -0.02780981
v -0.00803878 -0.36073493 -0.06253361
v -0.02979813 -0.34087893 -0.08208059
v 0.00815910 -0.36227047 -0.06956633
v 0.00307486 -0.34209381 -0.08665927
v -0.01820847 -0.30450806 -0.10905895
v -0.00614550 -0.29792637 -0.10030697
v 0.02214452 -0.27056632 -0.11511089
v -0.02869056 -0.49329162 -0.13321609
v 0.06357948 -0.49331637 -0.13581011
v 0.11719389 -0.48892701 -0.11134758
v 0.01459275 -0.44690645 -0.12070172
v -0.00685182 -0.40679326 -0.11673869
v 0.01005539 -0.40104857 -0.10582579
v 0.03047211 -0.36309049 -0.06799086
v 0.02837940 -0.40426028 -0.10642381
v 0.04940361 -0.36077770 -0.05982433
v 0.05867501 -0.37710795 -0.08601219
v 0.00799954 -0.46139798 -0.13166177
v 0.04806428 -0.41733964 -0.11787844
v 0.09148180 -0.45026177 -0.10647231
v 0.10614516 -0.42225976 -0.08739205
v 0.08637935 -0.37277903 -0.05874421
v 0.07652389 -0.41250287 -0.10183290
v 0.06952813 -0.41201691 -0.11352379
v 0.11931675 -0.41624399 -0.08684505
v -0.01183881 0.10446569 0.11245639
v -0.01672987 0.09296944 0.07325039
v -0.00230803 0.11528199 0.11441298
v 0.02939377 0.10170869 0.07222418
v 0.05639534 0.10907061 0.07927135
v -0.04051734 0.13903979 0.13628192
v -0.03821793 0.13877261 0.12107859
v -0.05421064 -0.02694165 0.10382853
v -0.03425053 0.07418610 0.09870253
v -0.02396494 0.06819710 0.10207956
v -0.03226287 0.06367572 0.09703154
v -0.02634745 0.07643717 0.09667500
v -0.03970081 0.09509710 0.10472520
v 0.03847963 0.02192319 0.10540017
v 0.08098635 0.03346780 0.09447067
v 0.07751744 0.01559428 0.10099712
v 0.09194608 0.04805788 0.08229913
v 0.08901626 0.07336830 0.06426646
v 0.08645670 0.07726924 0.06244826
v 0.10441381 0.06605569 0.06511036
v 0.12211879 0.14565152 0.05996570
v 0.10669546 0.09798858 0.06275418
v 0.10070908 0.13610776 0.07369936
v -0.03089061 0.09182889 0.10006209
v -0.04355984 -0.04323777 0.08727686
v -0.03223296 0.01322358 0.09067443
v -0.03832672 0.07052430 0.08942484
v -0.05399484 0.08845073 0.08391678
v -0.02179715 0.06032469 0.09782803
v -0.01513627 0.07119234 0.07863669
v -0.02293082 0.10389743 0.09802667
v -0.00744541 0.10800370 0.10541692
v -0.01035387 0.11818366 0.11198907
v -0.03408641 0.15125325 0.11618298
v -0.01526961 0.12699305 0.11513687
v 0.05860025 0.12139276 0.08469837
v -0.00719097 0.12725212 0.10813032
v -0.03654530 -0.13471341 0.05784574
v 0.00915062 -0.10257317 0.03789825
v -0.01299331 -0.09646734 0.03871768
v 0.01648579 -0.23252879 0.06962266
v 0.06745989 -0.18994568 0.04075145
v 0.04511448 -0.11014331 0.02962015
v 0.09120938 -0.16043858 0.00611079
v 0.06130924 -0.11767558 0.01621542
v 0.10505630 -0.22876016 0.04182346
v 0.15691012 -0.18199278 0.00420764
v -0.02072427 -0.20192640 0.09099175
v 0.03837585 -0.10491206 0.03811303
v 0.12504553 -0.21924904 0.03582333
v 0.07227281 -0.21426184 0.04963935
v 0.08314343 -0.18811962 0.03612902
v -0.04294044 0.16400376 0.05688598
v -0.04407936 0.18863747 0.03524926
v -0.05348078 0.17336183 0.02348499
v -0.01157596 0.14900032 0.05238133
v -0.03709676 0.15324096 0.03569158
v -0.01947691 0.16153041 0.07308695
v -0.00388128 0.19229017 0.06126416
v 0.02429822 0.13615379 0.04752046
v 0.04272296 0.14897201 0.05728008
v 0.03300609 0.19353301 0.07150081
v 0.05469698 0.18993712 0.05721192
v -0.01562280 0.43875392 -0.03052531
v -0.01359486 0.38246387 -0.05793120
v -0.03723882 0.41171621 -0.06013984
v 0.01193426 0.38472119 -0.04548379
v -0.00686678 0.41626064 -0.05863770
v 0.00902742 0.27135820 -0.06286762
v 0.00928881 0.30734902 -0.07282202
v 0.01534869 0.36734938 -0.06684430
v 0.01268976 0.20745160 -0.07629547
v 0.00424678 0.24502396 -0.07559975
v 0.04039780 0.23987941 -0.06434352
v 0.03313801 0.17506769 -0.06367308
v 0.10826519 0.22740464 -0.04294676
v 0.10147547 0.25076739 -0.04591017
v 0.12570454 0.21942038 -0.04535251
v 0.12220313 0.23865184 -0.04860325
v 0.10789165 0.27378073 -0.04691430
v 0.12114833 0.26015411 -0.03986751
v 0.11488673 0.30035023 -0.04630999
v 0.13571119 0.30043272 -0.03921223
v 0.13221719 0.16840443 -0.03950501
v -0.01542217 0.49361657 -0.04115207
v -0.03824048 0.47728290 -0.04436212
v -0.01343259 0.48383308 -0.03978864
v -0.01637209 -0.30547840 -0.10388429
v -0.00207079 -0.29985889 -0.09513905
v 0.02994117 -0.34599403 -0.08412042
v 0.02856623 -0.30354203 -0.09955416
v 0.06956005 -0.34414012 -0.06859404
v 0.05845974 -0.34139402 -0.08476940
v 0.04456745 -0.30330028 -0.10552567
v 0.07804192 -0.27494994 -0.09362142
v 0.09125604 -0.34378423 -0.05871886
v 0.07057327 -0.29916431 -0.08691359
v 0.09647621 -0.30353818 -0.08070624
v 0.10666176 -0.30485189 -0.06421996
v 0.12156199 -0.30268499 -0.05330836
v 0.05759234 -0.36207801 -0.06103631
v 0.09112590 -0.36202631 -0.01426155
v 0.08354379 -0.36908895 -0.06148434
v 0.12234955 -0.39375221 0.01706083
v 0.13486897 -0.41142674 -0.02249767
v 0.14348590 -0.40776998 -0.00440321
v 0.13364396 -0.40606330 -0.04937079
v 0.11237636 -0.37765656 -0.04945988
v 0.13566304 -0.43272448 0.05595472
v 0.14892407 -0.43390429 0.00959174
v 0.14740974 -0.43839937 -0.03437211
v 0.17860835 -0.49325886 -0.04609520
v 0.16490120 -0.48331829 0.02326212
v 0.15929345 -0.45524395 0.03616870
v 0.17664491 -0.50016040 -0.04628304
v 0.01577098 -0.34711709 0.08080561
v 0.04814565 -0.31927628 0.08761666
v 0.04036174 -0.30593741 0.10367309
v 0.06352161 -0.34144049 0.07892420
v 0.06539818 -0.30676391 0.08956728
v 0.10883524 -0.31125529 0.05533073
v 0.07294119 -0.35116256 0.05742799
v 0.09200259 -0.35225025 0.04510585
v 0.09810178 -0.30387556 0.07394180
v 0.12564215 -0.29999267 0.04601555
v 0.00215360 -0.34389151 0.08334089
v 0.01487350 -0.31007264 0.08689881
v 0.01918655 -0.30186427 0.09015709
v 0.06502832 -0.30053527 0.07770960
v 0.06073080 -0.34807374 0.06770129
v 0.08867888 -0.30038480 0.06335436
v 0.09852635 -0.30438409 0.06563594
v 0.07681228 -0.34702755 0.05424913
v 0.09839578 -0.33511100 0.04985674
v 0.10199349 -0.34446420 0.03246410
v -0.00444125 -0.22161204 0.09542993
v 0.01498628 -0.22595106 0.07042201
v 0.11134128 -0.22528005 0.05122823
v 0.15139994 -0.17901049 0.00946399
v -0.00897624 -0.21828122 0.09535317
v -0.01327930 -0.07001484 0.09679546
v 0.03776581 -0.02868847 0.10015871
v 0.01679844 -0.05568296 0.09912782
v 0.00104206 -0.06327994 0.10209315
v 0.00961594 -0.05123201 0.09793299
v 0.00134843 -0.06126716 0.09577471
v 0.01901125 0.00976192 0.10615746
v 0.01488201 0.00901887 0.10478232
v 0.00560179 0.02018422 0.10996383
v -0.00809244 0.04613892 0.10885156
v -0.01094947 0.05978243 0.09737643
v -0.02549549 0.08467127 0.09288911
v -0.02723173 0.10140598 0.10657214
v -0.01200732 0.03844573 0.10569556
v -0.01998898 0.04882086 0.10396082
v -0.00349969 0.03850116 0.10383104
v -0.00013472 0.07028072 0.09748799
v 0.00397725 0.09783693 0.08577375
v 0.02692457 0.06353354 0.09428548
v 0.02287913 0.08875816 0.08343173
v 0.04044475 0.02168067 0.08699244
v 0.06407974 0.02570104 0.07423385
v 0.03487394 0.05790462 0.07757862
v 0.03837757 0.08853650 0.05510510
v 0.04010015 0.11818060 0.02619804
v 0.08187263 0.00810043 0.05290932
v 0.07857460 0.03671847 0.05479991
v 0.08573188 0.05573105 0.01699925
v 0.09811164 0.04417438 0.05174848
v -0.01903080 0.05294764 0.10318630
v -0.02534230 0.05759793 0.10436898
v -0.01573939 0.05417320 0.09854340
v -0.01904716 0.05661892 0.10234822
v -0.01030799 0.03589560 0.08645536
v -0.00980593 0.05932200 0.09254057
v 0.00393199 0.09709756 0.08049817
v 0.02778400 0.06694621 0.08653212
v 0.00927476 0.05538946 0.09558460
v 0.12176695 -0.16007282 -0.01104993
v 0.14598017 -0.16715653 -0.01838793
v 0.11713424 -0.15676109 -0.00745317
v 0.04026572 -0.18874187 0.07189008
v 0.05647571 -0.21083850 0.05560500
v 0.00026894 -0.07916696 0.05027174
v 0.00486806 -0.06849363 0.08102285
v 0.01947749 -0.04300454 0.07012547
v 0.00776613 -0.05561602 0.09009224
v 0.02152172 -0.00505928 0.09338212
v 0.01864062 0.36254312 0.05977933
v 0.00496305 0.36081148 0.07280923
v 0.02874515 0.30903393 0.03890186
v 0.04009348 0.35620979 0.02411385
v 0.03924894 0.27640747 -0.01138727
v 0.03662025 0.29670512 0.01493901
v 0.03474243 0.33294982 0.02732934
v -0.00592523 0.44208101 -0.01528565
v -0.00677847 0.49650389 0.00885847
v 0.01637057 0.38379946 -0.01965507
v 0.01971928 0.41937629 -0.00730875
v 0.01380917 0.42129291 -0.03847634
v -0.00763758 0.47638573 -0.01002450
v 0.07824089 0.36633356 -0.03545719
v 0.07857762 0.33060880 -0.03601610
v 0.09443831 0.32686766 -0.02649923
v 0.07060450 0.35799916 -0.05115857
v 0.01865974 0.20063282 -0.07858346
v 0.04983962 0.24099502 -0.06529640
v 0.09065239 0.14618300 -0.01692775
v 0.03687932 0.16084083 -0.05960022
v 0.10620209 0.07803940 0.03104464
v 0.12852020 0.09883484 0.04286442
v 0.10946203 0.18640544 -0.04088399
v 0.12640379 0.19753125 -0.04263416
v 0.12058158 0.24767296 -0.05053741
v 0.10040575 0.25157463 -0.05165609
v 0.11244555 0.28239057 -0.05031224
v 0.11256536 0.30031069 -0.05221938
v 0.14058696 0.29951542 -0.04230897
v 0.08734048 0.24449033 -0.04694182
v 0.11090336 0.31716267 -0.03724736
v 0.13934472 0.32263367 -0.04205534
v 0.07166889 -0.30052751 0.07900102
v 0.08483983 -0.31927144 0.06703083
v 0.02485625 -0.04087418 0.10349410
v 0.02528560 -0.04279689 0.09559344
v 0.02912999 -0.04161586 0.09503966
v 0.02321581 -0.03775005 0.09411835
v 0.02547632 -0.01930600 0.09560492
v 0.03240545 -0.03197217 0.09787062
v 0.02639956 -0.02915598 0.09091532
v 0.02701428 -0.02814714 0.10073644
v 0.02452067 0.01498533 0.10336241
v 0.06784562 0.02487149 0.07570759
v 0.09051700 0.03331159 0.07466030
v 0.02462504 0.01250412 0.10804149
v 0.02985000 0.01752889 0.10382754
v 0.04813265 0.01432038 0.10131249
v 0.02882864 0.01333122 0.10527859
v 0.04457481 0.01480704 0.09854754
v 0.04842063 0.00889086 0.10222690
v 0.05243903 0.01628006 0.09520785
v 0.06109879 0.01326861 0.10053941
v 0.06730867 0.01252830 0.09576845
v 0.08034680 0.02260231 0.08406243
v 0.07136877 0.01924422 0.08355664
v 0.00781859 0.02643445 0.10415379
v 0.02111308 -0.03024818 0.08716204
v 0.06049861 -0.03970725 0.06641554
v 0.07462821 -0.01734933 0.04513521
v 0.08355702 -0.02713504 0.03749622
v 0.08614225 -0.05546686 0.04145768
v 0.07744329 -0.02465303 0.05736078
v 0.10474763 -0.00104590 0.01384670
v 0.08604304 0.05180651 0.00615945
v 0.03156862 -0.24404518 -0.05384054
v 0.02801950 -0.24656033 -0.02187417
v 0.04848948 -0.21791519 -0.05189292
v 0.03782305 -0.26136135 0.03702658
v 0.04734485 -0.09466821 0.03624269
v 0.08124148 -0.05658226 0.04035201
v 0.05594167 0.17312199 0.04060753
v 0.05520253 0.22534144 0.01321721
v 0.03692747 -0.12752992 0.00087335
v 0.00991185 -0.12575907 0.00197787
v 0.03551868 -0.12443284 -0.01350545
v 0.08564645 0.06206052 0.04034433
v 0.10507517 0.07456681 0.03810980
v 0.12344359 0.06394874 0.03384572
v 0.06317423 -0.10733153 -0.02517988
v 0.06224034 -0.01370741 -0.02234958
v 0.06718764 -0.11060948 -0.01552039
v 0.08312766 -0.06510259 0.00542985
v 0.07875318 -0.01499040 0.00242020
v 0.04673022 -0.12111316 -0.03759281
v 0.05666596 0.15317009 -0.02923079
v 0.07828192 0.24288961 -0.03047346
v 0.07468816 0.02365683 0.09320582
v 0.11408163 -0.40859842 0.06927036
v 0.13434438 -0.41050379 0.05203612
v 0.09932759 -0.37407542 0.03291246
v 0.14183763 -0.41457981 -0.00503097
v 0.07293214 0.06939856 0.06542697
v 0.12141363 -0.30216207 0.04312262
v 0.10510667 -0.34292187 -0.03824077
v 0.12979737 -0.30192424 -0.00602276
v 0.11178149 -0.30513399 -0.02586707
v 0.11421965 -0.19294041 -0.02090295
v 0.04681343 0.38655813 -0.01331457
v 0.04543588 0.38756076 -0.01282253
v 0.04362174 0.39069065 -0.01902505
v 0.05181881 0.38420448 -0.01753646
v 0.04805581 0.38862080 -0.01763296
v 0.04762380 0.38446684 -0.01253354
v 0.04602984 0.38988471 -0.01870316
v 0.10647916 -0.34634886 0.03068839
v 0.08390395 -0.36158891 -0.03710073
v 0.10853115 -0.34515236 0.01417182
v 0.11013600 -0.34470523 -0.01813638
v 0.11884274 -0.29685247 -0.01979935
v 0.12504133 -0.30289656 -0.04186820
v 0.08707773 0.07634872 0.07015401
v 0.08921386 0.09539684 0.06674838
v 0.09293410 -0.29620277 0.06692230
v 0.11488964 -0.29671607 0.03021314
v 0.12622539 -0.30237559 0.00859845
v 0.12096374 -0.28050934 -0.01119326
v 0.10932879 -0.27525419 -0.05530130
v 0.12377722 -0.15075926 -0.01405206
v 0.13857243 -0.25270830 0.00773572
v 0.13432031 -0.27188928 -0.01217705
v 0.13094967 -0.17613507 -0.01339781
v 0.13133237 -0.10169392 -0.01981326
v 0.08399485 0.03236394 0.08632665
v 0.08188447 0.03981533 0.07991191
v 0.08784990 0.04586569 0.07764843
v 0.08346434 0.05198831 0.07755254
v 0.08119548 0.08630307 0.06331981
v 0.11651139 0.09209105 0.04678827
v 0.11144110 0.09318755 0.05305283
v 0.11048634 0.11211960 0.05689952
v 0.09630779 0.13582398 0.07017112
v 0.08614746 -0.36152836 0.00141793
v 0.07728339 -0.36122528 -0.03846218
v 0.10628501 -0.37802820 -0.04571591
v 0.10239744 -0.46192999 -0.10997345
v 0.09979765 -0.37464294 -0.01806514
v 0.13049540 -0.41136001 -0.05593270
v 0.12791577 -0.45697846 0.07980098
v 0.14604933 -0.48442299 0.06539482
v 0.15216716 -0.45614067 0.04244533
v 0.13108546 -0.41276806 0.03288964
v 0.14398092 -0.43115122 -0.00009891
v 0.14611923 -0.43981446 -0.02248504
v 0.15637192 -0.48542566 -0.04502115
v 0.15271494 -0.45498092 -0.04583853
v 0.13006574 -0.43707291 -0.06250013
v 0.16102175 -0.50138816 -0.08032154
v 0.12376487 -0.48757621 -0.09423348
v 0.16668592 -0.50124682 0.06213202
v 0.16112997 -0.48494599 0.01137515
v 0.09972174 -0.11770636 -0.03950404
v 0.09660907 -0.08479645 -0.01819687
v 0.10923887 -0.00189700 -0.03845670
v 0.11071048 -0.04601008 -0.03415202
v 0.08198023 0.09718415 -0.02516124
v 0.09025238 0.09967684 -0.00986735
v 0.09639706 0.11020571 -0.03718056
v 0.10660681 0.07887722 -0.01030548
v 0.12555624 0.08218063 -0.01143884
v 0.10405413 0.11948786 -0.01830519
v 0.13568115 0.09680660 -0.02583156
v 0.10689832 0.06933884 -0.02982155
v 0.08736902 0.10086040 -0.01768110
v 0.09645614 0.11241556 -0.03107887
v 0.09910129 0.07799555 -0.02353698
v 0.09331355 0.09377340 -0.03090067
v 0.13140660 0.07580609 -0.02658975
v 0.10976624 0.08525448 -0.03973981
v 0.10434354 0.07858034 -0.01380244
v 0.10602668 0.09975622 -0.02524411
v 0.11869918 0.08938010 -0.02484405
v 0.10553168 0.11069219 -0.01910206
v 0.10173412 0.24492823 -0.01885632
v 0.10602769 0.26885862 -0.01978979
v 0.09313459 0.30168620 -0.03489781
v 0.11582190 0.15526336 -0.03481074
v 0.11812346 0.17306737 -0.02738783
v 0.13334308 0.17974284 -0.02231580
v 0.09324818 0.27461784 -0.02098672
v 0.08102399 0.24323606 -0.03953883
v 0.08947421 0.27501362 -0.03893001
v 0.11109378 0.30974572 -0.03715083
v 0.13710851 0.31806084 -0.03673466
v 0.11543310 0.28238353 -0.02678373
v 0.12229360 0.22101937 -0.01651226
v 0.12810887 0.23868514 -0.01807534
v 0.12006799 0.26327600 -0.02601542
v 0.11617745 0.30605665 -0.02745739
v 0.13219242 0.20745069 -0.01469679
v 0.13195667 0.29026780 -0.02832675
v 0.13245924 0.31074384 -0.02992594
v 0.06956277 0.40529856 -0.04874164
v 0.09259186 -0.29812726 -0.07415452
v 0.11441583 -0.28176766 -0.01922049
v 0.12811760 -0.42913613 0.05879285
v 0.14918180 -0.20285882 0.03182956
v 0.12249745 0.04612440 0.01334763
v 0.12437006 -0.18062006 -0.02131527
v 0.12074750 -0.15277122 -0.03506881
v 0.11831215 -0.13122368 -0.02659490
v 0.12649265 -0.10154525 -0.02108077
v 0.11882731 -0.09331385 -0.03222361
v 0.11751147 -0.06621672 -0.03579088
v 0.13352185 -0.02841808 -0.00247629
v 0.11614473 0.01277670 -0.03263020
v 0.11342966 0.04748865 -0.02815167
v 0.10974319 -0.05095544 -0.03749510
v 0.13375894 -0.25366150 0.00988127
v 0.12797809 -0.23223116 0.00106513
v 0.12725091 -0.04073999 0.01109244
v 0.12319462 -0.18430692 -0.00104775
v 0.14386938 0.07722254 0.04292875
v 0.13115578 0.07361136 0.03584235
v 0.11041391 0.09905216 0.04157063
v 0.10605654 0.17535959 -0.01555422
v 0.12025328 0.08326952 0.04320933
v 0.11481453 0.07228621 0.03492955
v 0.11937222 0.15057036 0.03861599
v 0.13206603 -0.30126152 -0.01225091
v 0.12131960 -0.07096228 0.00389967
v 0.12376799 0.07667608 -0.01654784
v 0.13085870 0.09131970 -0.02715897
v 0.11757978 0.08111897 -0.03481911
v 0.11717810 0.09744219 -0.02741903
v 0.11317911 0.15540100 -0.02484122
v 0.12002221 0.14454820 -0.03983295
v 0.13538841 0.14790962 -0.03972640
v 0.12897205 0.23032977 -0.01158135
v 0.12639925 0.26756321 -0.02794090
v 0.12036890 0.29167390 -0.02035719
v 0.15287823 0.16603602 -0.02739561
v 0.13825494 0.16800323 -0.02282196
v 0.13661896 0.18998544 -0.01573292
v 0.14826215 0.18502810 -0.02514763
v 0.13897784 0.21365179 -0.01582306
v 0.14674000 0.21035329 -0.02577241
v 0.14478979 0.30958875 -0.03184168
v 0.13370544 0.14779775 -0.02148355
v 0.11138766 0.18397288 -0.03377673
v 0.12087779 0.17181916 -0.03150936
v 0.13214838 0.24454168 -0.03426297
v 0.14193136 0.17835172 -0.02826746
v 0.13739558 0.22901576 -0.02875149
v 0.14177336 0.20416004 -0.02357409
v 0.14342756 0.17898440 -0.03600541
v 0.14095072 0.19158479 -0.04152806
v 0.13288246 0.20496836 -0.03953865
v 0.11102569 -0.14316236 -0.04075470
v 0.12065095 0.16413850 -0.04096939
v 0.12884971 0.17412517 -0.04280033
v 0.12998348 0.21556649 -0.05197348
v 0.14147332 0.14679418 -0.04641291
v 0.14236331 0.15694511 -0.03605533
v 0.14153907 0.17064102 -0.04421013
v 0.14738468 0.19297758 -0.04178409
v 0.12390713 0.26375663 -0.04382793
v 0.13961870 0.21273326 -0.04154466
v 0.13617989 0.24014001 -0.01855710
v 0.14066546 0.24105479 -0.03481034
v 0.14909024 0.20136422 -0.04184157
v 0.13628144 0.16116413 -0.02794513
v 0.14657027 0.16580125 -0.02886241
f 783 1 803
f 783 803 2
f 2 803 4
f 803 804 4
f 2 4 788
f 3 5 6
f 6 8 3
f 5 1370 6
f 6 7 8
f 804 8 4
f 4 8 1342
f 8 7 1342
f 1369 1370 5
f 796 809 794
f 796 36 809
f 796 10 36
f 11 13 14
f 11 12 13
f 12 847 13
f 13 38 14
f 930 40 935
f 859 813 37
f 859 941 15
f 859 37 944
f 15 944 37
f 15 37 16
f 19 20 60
f 60 20 21
f 20 1062 21
f 22 21 1062
f 22 1062 23
f 1062 25 23
f 1062 1063 25
f 24 25 1063
f 26 24 1065
f 1065 27 26
f 26 27 1124
f 1124 27 28
f 1058 1124 28
f 1058 29 1125
f 867 74 75
f 18 1120 31
f 1120 32 31
f 57 58 20
f 866 72 867
f 75 34 867
f 89 93 100
f 10 799 36
f 36 802 37
f 799 802 36
f 802 38 37
f 37 38 42
f 13 856 44
f 161 101 46
f 40 930 41
f 41 50 40
f 36 98 41
f 98 51 41
f 37 42 16
f 42 38 938
f 16 43 17
f 16 42 43
f 17 43 939
f 17 939 1379
f 44 856 46
f 44 46 1379
f 46 101 1379
f 1417 1396 66
f 1417 64 1396
f 934 47 48
f 935 47 934
f 935 40 47
f 48 47 49
f 40 50 47
f 47 50 49
f 49 50 71
f 71 30 49
f 50 51 71
f 50 41 51
f 868 208 45
f 1120 56 82
f 57 59 83
f 57 83 58
f 57 19 59
f 19 1456 59
f 57 20 19
f 21 1456 60
f 19 60 1456
f 21 22 1456
f 22 62 1456
f 22 65 62
f 62 65 61
f 22 23 65
f 23 63 65
f 23 25 64
f 23 64 63
f 1417 65 63
f 65 1070 1458
f 64 1458 1396
f 64 25 1458
f 1458 1070 1396
f 25 1123 1458
f 1458 1123 67
f 86 67 87
f 67 1123 1126
f 67 1432 87
f 87 1432 1059
f 1432 68 1059
f 49 30 1433
f 70 1433 30
f 71 1061 30
f 870 73 72
f 72 73 74
f 72 74 867
f 73 1206 74
f 74 1206 75
f 77 78 76
f 77 79 78
f 78 79 1174
f 1174 79 1176
f 79 117 1176
f 117 79 80
f 79 81 80
f 31 32 79
f 32 81 79
f 81 88 80
f 82 81 32
f 82 1452 81
f 32 1120 82
f 56 1452 82
f 81 1452 88
f 83 85 58
f 85 83 84
f 85 84 1457
f 85 1457 33
f 33 1457 86
f 86 87 1064
f 93 89 90
f 1538 91 1545
f 91 1539 1555
f 1539 1556 156
f 1539 156 92
f 89 100 35
f 35 100 1478
f 90 1482 93
f 93 1482 94
f 1482 165 94
f 95 39 94
f 161 165 101
f 98 937 97
f 98 936 937
f 97 937 99
f 100 947 951
f 1478 100 176
f 100 951 176
f 93 948 947
f 93 94 948
f 39 45 948
f 39 948 94
f 1602 104 96
f 96 104 183
f 110 187 1347
f 1338 98 97
f 938 106 42
f 42 106 43
f 948 45 103
f 948 103 102
f 45 208 103
f 103 825 1363
f 103 1363 102
f 103 208 210
f 103 210 825
f 52 107 132
f 105 202 110
f 105 112 109
f 105 110 112
f 111 1660 204
f 110 203 187
f 110 1347 112
f 983 1687 206
f 1347 1348 112
f 112 1348 983
f 983 1348 1687
f 52 132 870
f 53 76 115
f 54 115 116
f 116 115 78
f 54 116 55
f 1105 116 118
f 118 214 119
f 118 119 120
f 120 119 121
f 198 220 139
f 108 124 225
f 140 122 142
f 108 123 124
f 123 231 124
f 122 125 142
f 122 124 125
f 124 143 125
f 124 232 143
f 1391 128 1393
f 126 128 1391
f 126 127 128
f 1394 128 148
f 127 109 128
f 128 109 148
f 148 109 149
f 129 205 150
f 112 149 109
f 149 983 130
f 112 983 149
f 983 234 130
f 1417 235 131
f 65 1417 131
f 870 132 73
f 73 132 133
f 132 114 133
f 133 114 134
f 73 133 1206
f 114 135 134
f 134 135 136
f 135 78 136
f 136 137 236
f 76 78 115
f 135 118 78
f 78 137 136
f 116 78 118
f 1174 137 78
f 1174 117 80
f 1174 80 137
f 121 238 137
f 121 138 238
f 220 241 139
f 142 144 140
f 144 141 140
f 142 125 143
f 144 142 143
f 143 243 144
f 144 243 141
f 145 1666 146
f 145 147 1666
f 1394 147 145
f 1394 148 147
f 148 1666 147
f 148 149 1608
f 150 359 129
f 133 134 151
f 148 254 1666
f 148 1608 254
f 154 95 162
f 1759 95 154
f 155 159 161
f 155 163 159
f 1766 177 1478
f 158 154 162
f 161 159 160
f 155 160 163
f 155 858 160
f 160 162 165
f 161 160 165
f 159 271 160
f 160 271 272
f 159 164 271
f 159 272 164
f 159 163 272
f 160 272 163
f 95 165 162
f 95 94 165
f 155 161 858
f 164 272 166
f 169 168 1322
f 168 171 1322
f 171 168 172
f 171 1374 1322
f 1322 1374 173
f 172 168 175
f 168 281 175
f 156 174 1358
f 174 157 1358
f 174 175 157
f 1358 157 176
f 176 157 1483
f 948 102 178
f 178 179 1364
f 178 102 179
f 180 284 181
f 180 181 194
f 182 1612 200
f 182 200 105
f 105 200 202
f 203 185 187
f 1661 186 204
f 187 185 1343
f 186 319 188
f 1347 187 1343
f 185 190 1343
f 1661 189 186
f 186 189 319
f 1343 190 1791
f 319 318 188
f 284 180 192
f 192 180 210
f 180 194 210
f 194 193 210
f 107 193 211
f 194 211 193
f 195 196 305
f 307 216 311
f 196 195 197
f 108 228 123
f 228 231 123
f 228 327 329
f 1612 1609 200
f 200 1609 201
f 202 200 203
f 184 111 183
f 200 201 203
f 110 202 203
f 111 204 183
f 1660 1661 204
f 203 201 185
f 188 205 204
f 186 188 204
f 185 201 190
f 205 188 1663
f 234 206 207
f 206 1687 207
f 201 234 207
f 188 1418 113
f 188 318 1418
f 191 209 950
f 191 208 209
f 192 210 191
f 191 210 208
f 107 211 132
f 114 132 211
f 114 211 212
f 212 213 114
f 212 320 213
f 114 213 135
f 135 213 214
f 302 215 216
f 305 119 214
f 215 217 216
f 196 119 305
f 196 197 119
f 216 217 311
f 197 218 119
f 119 138 121
f 119 218 237
f 218 198 237
f 198 239 237
f 1694 224 221
f 198 199 220
f 220 199 326
f 220 326 222
f 222 326 225
f 223 1700 224
f 140 222 225
f 224 1700 226
f 225 124 122
f 225 228 108
f 226 229 227
f 225 327 228
f 122 140 225
f 229 230 1722
f 1722 227 229
f 227 1722 329
f 231 329 233
f 124 231 232
f 232 231 233
f 231 228 329
f 183 129 342
f 201 1609 130
f 1609 149 130
f 183 204 129
f 129 204 205
f 130 234 201
f 131 235 334
f 950 209 1035
f 208 1435 209
f 209 1435 1035
f 136 236 134
f 135 214 118
f 138 119 237
f 138 237 239
f 138 239 248
f 139 239 198
f 239 139 240
f 220 222 241
f 139 241 240
f 222 140 241
f 241 140 242
f 242 140 141
f 141 153 242
f 232 243 143
f 232 233 243
f 233 339 243
f 243 339 341
f 243 153 141
f 253 243 346
f 243 341 346
f 245 145 146
f 244 245 146
f 146 1666 255
f 134 236 151
f 151 236 152
f 152 236 246
f 236 352 351
f 137 238 236
f 236 238 247
f 236 247 352
f 238 138 247
f 138 248 247
f 248 355 247
f 239 240 248
f 248 240 355
f 355 240 249
f 241 242 250
f 241 335 249
f 241 250 335
f 251 250 242
f 242 153 251
f 251 153 253
f 243 253 153
f 253 346 252
f 251 253 252
f 252 346 251
f 146 348 244
f 255 1669 146
f 146 1669 254
f 146 254 348
f 348 254 349
f 1666 254 1669
f 254 1608 1610
f 352 247 353
f 247 355 353
f 1189 356 1193
f 1324 1325 259
f 1327 1330 1259
f 1327 261 260
f 1255 1259 277
f 1255 277 261
f 1255 261 1330
f 262 1260 263
f 279 263 280
f 262 263 279
f 279 264 265
f 266 268 366
f 266 270 268
f 270 267 268
f 268 269 366
f 1906 1754 271
f 271 1754 272
f 1754 273 272
f 273 1756 274
f 274 283 273
f 272 273 167
f 273 283 167
f 96 183 257
f 257 183 289
f 1324 1627 275
f 1324 259 1627
f 259 277 1627
f 1627 277 276
f 1330 260 277
f 260 261 277
f 277 1259 278
f 1259 1330 278
f 262 279 168
f 279 280 264
f 168 279 281
f 279 265 281
f 265 264 282
f 281 265 282
f 264 377 282
f 268 281 282
f 175 281 268
f 268 267 175
f 282 269 268
f 269 282 370
f 175 267 157
f 283 1364 179
f 284 294 286
f 286 294 285
f 284 286 181
f 286 295 181
f 285 295 286
f 295 285 389
f 287 195 304
f 314 287 390
f 309 310 1943
f 310 417 1943
f 314 390 288
f 189 291 319
f 190 290 1793
f 1521 276 291
f 291 293 319
f 292 396 1937
f 292 293 396
f 319 293 392
f 291 276 293
f 191 1365 192
f 284 192 294
f 192 1365 294
f 181 295 194
f 194 295 211
f 295 296 211
f 297 320 401
f 301 297 300
f 299 302 303
f 303 302 216
f 303 407 299
f 300 408 301
f 301 305 214
f 303 409 407
f 216 307 306
f 303 216 306
f 305 304 195
f 305 301 304
f 195 308 197
f 306 307 309
f 314 308 287
f 287 308 195
f 1943 306 309
f 314 313 308
f 308 313 197
f 311 312 309
f 197 313 322
f 197 322 218
f 312 311 321
f 309 312 310
f 310 312 315
f 312 415 315
f 314 316 313
f 314 288 316
f 310 315 417
f 198 322 430
f 198 430 199
f 219 221 324
f 313 316 416
f 183 342 289
f 190 201 207
f 190 207 290
f 318 319 317
f 318 317 1418
f 317 319 425
f 319 392 425
f 211 296 320
f 211 320 212
f 299 298 1676
f 299 1676 1712
f 320 297 214
f 213 320 214
f 299 1712 302
f 302 1712 215
f 297 301 214
f 218 322 198
f 312 321 415
f 219 324 321
f 321 324 323
f 199 430 431
f 221 325 324
f 221 224 325
f 199 431 326
f 226 227 224
f 328 326 336
f 225 326 328
f 225 328 327
f 328 330 327
f 328 337 330
f 329 331 227
f 233 330 332
f 338 333 330
f 329 327 331
f 327 330 331
f 331 330 233
f 233 332 339
f 330 333 332
f 1078 334 439
f 334 235 439
f 326 437 336
f 337 328 336
f 335 250 336
f 337 336 250
f 337 338 330
f 339 333 338
f 339 338 438
f 338 337 438
f 337 340 438
f 341 339 438
f 339 332 333
f 341 438 340
f 1077 343 441
f 246 236 351
f 355 249 445
f 335 437 249
f 437 445 249
f 241 249 240
f 250 251 345
f 250 345 337
f 251 346 345
f 337 345 340
f 341 345 346
f 341 340 345
f 358 244 446
f 244 347 446
f 244 348 347
f 348 1733 347
f 129 359 342
f 342 359 536
f 152 246 350
f 350 246 351
f 351 352 448
f 352 353 448
f 353 354 448
f 353 355 354
f 1190 357 356
f 356 357 538
f 1195 358 449
f 1195 449 357
f 358 446 449
f 348 349 1733
f 254 1733 349
f 256 1193 360
f 1193 356 360
f 263 1260 362
f 263 362 374
f 363 366 377
f 363 377 364
f 1941 365 375
f 377 366 1941
f 266 366 363
f 366 367 365
f 366 365 1941
f 369 367 366
f 1767 368 367
f 369 1767 367
f 366 269 369
f 289 560 257
f 258 1794 1522
f 259 1325 277
f 1259 1940 361
f 278 371 277
f 277 371 276
f 371 372 276
f 280 263 374
f 280 374 264
f 373 452 1939
f 373 1939 394
f 371 378 372
f 1940 374 375
f 1940 375 361
f 1895 361 375
f 374 362 375
f 362 2000 375
f 362 364 2000
f 2000 364 375
f 372 378 376
f 1939 453 379
f 374 377 264
f 374 364 377
f 364 1941 375
f 1941 379 377
f 378 380 382
f 382 380 1632
f 377 379 381
f 376 378 382
f 1632 1638 382
f 376 382 454
f 377 381 383
f 383 381 1914
f 377 383 282
f 282 383 370
f 383 1916 370
f 370 1916 1912
f 384 1366 385
f 385 458 386
f 294 385 285
f 385 387 285
f 285 387 389
f 385 386 387
f 389 387 388
f 386 388 387
f 410 412 390
f 412 418 390
f 390 391 288
f 419 420 473
f 393 1796 424
f 1521 394 396
f 1521 396 395
f 395 396 293
f 293 2012 392
f 293 276 395
f 276 397 395
f 276 372 397
f 1365 384 385
f 294 1365 385
f 389 388 399
f 389 399 295
f 295 399 296
f 388 400 399
f 297 401 403
f 298 299 404
f 297 403 300
f 299 407 404
f 298 404 405
f 403 401 467
f 406 300 403
f 404 407 409
f 406 403 408
f 401 402 467
f 404 1944 405
f 403 467 408
f 404 409 1944
f 300 406 408
f 467 304 408
f 409 411 1944
f 408 304 301
f 409 303 411
f 1944 411 1948
f 467 488 410
f 303 306 411
f 287 304 410
f 304 467 410
f 287 410 390
f 1943 411 306
f 412 410 413
f 412 413 418
f 414 315 415
f 413 416 418
f 391 416 316
f 417 315 414
f 390 418 391
f 391 418 416
f 316 288 391
f 289 342 419
f 419 421 420
f 420 421 473
f 1399 422 476
f 317 425 2017
f 2017 425 424
f 423 2017 424
f 392 393 425
f 393 424 425
f 320 296 426
f 296 399 426
f 401 320 426
f 426 399 505
f 1676 298 1681
f 426 505 402
f 401 426 402
f 298 405 1681
f 1681 405 1946
f 415 323 428
f 415 321 323
f 313 427 322
f 313 416 427
f 416 492 427
f 416 469 492
f 413 469 416
f 322 427 430
f 431 427 432
f 430 427 431
f 326 431 437
f 419 342 421
f 342 1081 421
f 422 1399 433
f 422 433 2018
f 2018 433 1401
f 323 436 428
f 428 436 429
f 492 429 427
f 427 429 435
f 427 435 432
f 435 526 432
f 432 444 437
f 431 432 437
f 336 437 335
f 1079 605 343
f 441 440 344
f 1044 500 442
f 524 448 354
f 526 524 444
f 524 354 444
f 444 432 526
f 355 444 354
f 437 444 445
f 355 445 444
f 446 534 450
f 446 347 447
f 342 536 519
f 350 351 443
f 351 448 443
f 360 356 538
f 357 449 538
f 538 449 450
f 450 449 446
f 365 1895 375
f 257 560 544
f 1794 1536 1522
f 1939 452 2001
f 2001 453 1939
f 565 454 462
f 453 455 379
f 454 382 462
f 381 455 1914
f 365 367 368
f 455 456 1914
f 382 567 462
f 368 545 456
f 398 575 463
f 1757 1918 574
f 274 457 1367
f 385 1366 458
f 386 458 459
f 386 459 400
f 386 400 388
f 289 471 560
f 2012 461 1648
f 460 2012 1648
f 373 1533 452
f 1533 1535 452
f 463 575 595
f 1918 480 574
f 1366 464 465
f 458 1366 465
f 465 459 458
f 459 465 466
f 465 576 466
f 466 597 483
f 459 466 400
f 466 483 400
f 402 488 467
f 410 488 468
f 468 413 410
f 468 489 413
f 413 489 469
f 489 491 469
f 419 473 289
f 471 289 470
f 471 470 472
f 289 473 470
f 470 474 472
f 421 474 473
f 473 474 470
f 1690 476 475
f 476 422 475
f 423 477 582
f 423 582 2016
f 2016 585 477
f 422 2016 478
f 475 422 478
f 477 584 582
f 477 585 584
f 2016 582 585
f 424 1798 478
f 423 424 477
f 477 424 478
f 477 478 2016
f 2012 1802 461
f 499 398 501
f 398 434 501
f 398 463 434
f 1918 482 480
f 400 483 399
f 483 599 486
f 399 486 505
f 399 483 486
f 484 504 600
f 402 505 487
f 402 487 488
f 488 508 509
f 488 509 468
f 468 509 489
f 491 492 469
f 421 495 474
f 421 496 495
f 1401 478 497
f 497 588 605
f 605 588 590
f 605 590 343
f 343 590 739
f 343 739 440
f 440 498 344
f 499 501 344
f 610 442 500
f 344 501 434
f 479 500 1044
f 463 481 434
f 434 481 502
f 481 503 502
f 505 486 617
f 486 485 617
f 484 616 504
f 484 506 616
f 505 617 487
f 487 617 508
f 1946 623 1684
f 507 644 525
f 488 487 508
f 1946 511 623
f 1946 490 511
f 508 510 509
f 509 510 512
f 489 509 491
f 509 512 491
f 512 510 630
f 512 630 513
f 429 436 435
f 511 429 515
f 511 515 514
f 428 429 490
f 492 491 512
f 492 512 429
f 512 513 515
f 515 513 517
f 512 515 429
f 517 516 515
f 517 513 518
f 516 529 515
f 516 517 526
f 526 517 531
f 519 640 521
f 1048 520 642
f 421 1081 496
f 1079 601 605
f 343 440 441
f 1047 442 610
f 1039 442 1047
f 523 522 443
f 523 620 522
f 523 443 524
f 443 448 524
f 524 620 523
f 620 524 650
f 525 647 527
f 525 527 435
f 524 530 650
f 524 526 530
f 435 527 526
f 526 527 516
f 516 527 532
f 1955 515 529
f 527 528 533
f 517 518 531
f 516 532 529
f 518 2135 533
f 526 531 530
f 532 533 529
f 533 528 662
f 518 533 531
f 532 527 533
f 531 533 537
f 534 541 450
f 446 447 534
f 534 447 535
f 534 535 1854
f 1854 535 666
f 530 537 533
f 530 531 537
f 256 360 669
f 538 670 765
f 450 539 538
f 538 539 670
f 539 450 540
f 450 541 540
f 447 451 535
f 451 542 535
f 543 542 451
f 451 1735 543
f 543 1735 1621
f 360 765 669
f 360 538 765
f 1767 545 368
f 1767 1768 545
f 453 2001 2005
f 1768 546 545
f 2067 546 548
f 2067 548 2068
f 546 549 548
f 549 568 547
f 546 1768 2035
f 2035 1768 552
f 549 547 548
f 2069 2068 548
f 548 551 550
f 551 548 547
f 547 571 551
f 2054 1771 551
f 2070 2054 551
f 2035 552 553
f 2055 555 553
f 2055 575 555
f 2055 554 575
f 553 555 554
f 553 554 556
f 553 556 574
f 554 1776 556
f 457 557 1367
f 556 557 457
f 556 1776 557
f 555 1275 2074
f 1275 1274 2074
f 557 559 576
f 557 1776 559
f 559 1776 558
f 559 558 1686
f 559 1686 691
f 544 560 697
f 1617 561 580
f 560 472 579
f 1536 1794 1799
f 460 1648 1644
f 587 2004 1535
f 1535 2004 562
f 452 1535 562
f 1645 1646 2013
f 1646 589 2013
f 1637 589 1646
f 565 462 566
f 567 566 462
f 549 2035 568
f 2035 569 568
f 2035 573 569
f 551 570 1772
f 568 1773 1771
f 571 570 572
f 571 2019 551
f 551 2019 570
f 570 575 572
f 575 554 572
f 570 2019 575
f 2035 553 574
f 480 593 574
f 575 2019 595
f 575 1275 555
f 557 576 464
f 464 576 465
f 559 691 576
f 577 578 691
f 691 718 576
f 576 597 466
f 560 471 472
f 560 579 640
f 560 725 697
f 472 474 579
f 579 493 640
f 561 1048 580
f 474 493 579
f 583 581 582
f 583 582 584
f 475 478 1400
f 581 585 582
f 585 581 497
f 603 709 708
f 584 587 706
f 584 706 461
f 587 709 706
f 585 497 2024
f 584 585 587
f 1798 586 497
f 1798 497 478
f 603 706 709
f 461 706 1648
f 587 585 2024
f 1535 709 587
f 2004 587 2024
f 2004 2024 2025
f 2013 563 588
f 2013 589 563
f 588 563 589
f 588 589 590
f 565 566 590
f 590 566 591
f 590 591 739
f 2026 608 592
f 566 1653 591
f 479 1921 500
f 463 595 481
f 594 612 595
f 593 1961 715
f 480 611 593
f 480 482 611
f 595 503 481
f 1685 596 577
f 598 599 483
f 598 483 597
f 1685 2015 600
f 721 1685 600
f 598 720 599
f 600 504 746
f 599 613 485
f 599 485 486
f 560 640 725
f 1048 1619 580
f 640 493 641
f 1048 642 1619
f 493 474 641
f 494 642 1402
f 602 607 604
f 602 603 607
f 2024 605 601
f 581 1421 497
f 603 711 606
f 603 606 607
f 2024 601 607
f 601 604 607
f 607 606 1054
f 2024 497 605
f 586 588 497
f 591 736 739
f 440 2149 498
f 498 2007 344
f 2007 499 344
f 500 1921 610
f 611 1961 593
f 595 612 503
f 502 503 612
f 504 2029 746
f 485 613 614
f 485 614 618
f 504 614 2029
f 614 615 619
f 613 615 614
f 748 2029 2116
f 613 750 615
f 504 616 618
f 504 618 614
f 485 618 617
f 620 621 617
f 619 620 617
f 617 618 619
f 619 615 620
f 615 750 622
f 508 617 621
f 621 620 625
f 625 620 646
f 508 621 625
f 622 624 645
f 508 625 510
f 511 1956 623
f 626 627 510
f 626 510 625
f 625 648 626
f 1957 1956 628
f 1956 629 628
f 630 510 632
f 510 627 632
f 511 514 633
f 511 634 629
f 630 632 631
f 629 634 628
f 628 634 637
f 632 627 631
f 630 631 513
f 513 631 635
f 514 515 633
f 511 633 634
f 515 1955 634
f 515 634 633
f 627 652 636
f 627 636 631
f 635 631 636
f 651 635 636
f 513 635 518
f 635 651 656
f 651 653 656
f 641 521 640
f 642 520 756
f 641 643 521
f 730 642 729
f 522 620 615
f 615 645 1972
f 615 622 645
f 620 650 646
f 644 647 525
f 625 646 648
f 648 646 649
f 650 649 646
f 511 629 1956
f 648 651 652
f 648 649 651
f 651 636 652
f 649 654 651
f 650 530 649
f 651 654 653
f 1958 1955 657
f 654 649 530
f 527 1958 657
f 527 657 528
f 1955 529 655
f 529 659 655
f 635 656 518
f 656 638 518
f 1955 655 657
f 657 655 762
f 657 658 528
f 654 530 764
f 518 638 2135
f 638 663 2135
f 659 660 655
f 655 661 762
f 638 656 663
f 663 656 664
f 655 660 661
f 659 529 660
f 529 662 660
f 530 533 662
f 528 660 662
f 530 662 663
f 2135 663 662
f 528 661 660
f 530 663 764
f 663 664 764
f 665 671 1856
f 1854 666 639
f 667 639 666
f 639 667 768
f 666 535 543
f 666 543 668
f 666 668 667
f 668 543 1621
f 519 536 640
f 640 536 725
f 536 1848 725
f 670 539 671
f 670 671 766
f 539 540 671
f 535 542 543
f 1776 1774 558
f 1885 1884 2036
f 1884 672 2036
f 1884 544 672
f 672 544 695
f 544 697 695
f 1919 592 673
f 566 1652 1653
f 568 674 1773
f 568 569 674
f 571 572 677
f 571 676 2019
f 571 677 676
f 677 771 676
f 677 680 771
f 771 680 675
f 569 573 1963
f 569 1963 773
f 572 680 677
f 680 2020 679
f 679 675 680
f 679 2156 675
f 2020 2160 679
f 572 2072 680
f 678 2159 1964
f 2157 681 684
f 682 683 1964
f 2073 684 681
f 2157 684 685
f 682 716 683
f 683 716 689
f 683 689 1774
f 684 687 685
f 716 690 689
f 686 1686 687
f 558 1774 689
f 718 692 690
f 1686 2161 687
f 685 687 2161
f 692 689 690
f 1686 558 692
f 691 692 718
f 692 558 689
f 578 577 596
f 1596 694 693
f 693 694 2038
f 672 695 694
f 694 695 2137
f 697 698 724
f 1404 696 695
f 697 696 1404
f 696 697 699
f 698 1405 700
f 698 700 724
f 2152 699 2154
f 731 702 701
f 702 708 701
f 701 708 1415
f 702 603 602
f 702 706 603
f 703 702 602
f 602 731 703
f 703 708 702
f 702 707 706
f 705 782 2061
f 1649 706 707
f 603 708 703
f 1406 708 709
f 1534 705 1535
f 1649 1648 706
f 1535 705 709
f 705 1406 709
f 1407 711 603
f 733 2095 710
f 1407 1411 711
f 1414 711 1411
f 712 710 736
f 1414 592 711
f 2006 592 1414
f 712 736 591
f 591 713 712
f 592 2006 714
f 592 714 673
f 591 1653 713
f 682 715 716
f 717 690 716
f 690 717 743
f 717 1961 743
f 578 596 688
f 690 743 718
f 743 719 718
f 688 596 2158
f 576 718 597
f 718 719 597
f 597 719 720
f 597 720 598
f 721 596 1685
f 721 746 596
f 720 719 747
f 600 746 721
f 720 747 599
f 599 747 613
f 694 722 2038
f 2039 2038 722
f 694 2137 722
f 725 726 697
f 725 724 726
f 695 775 726
f 2137 2059 725
f 726 724 2059
f 697 726 728
f 724 727 2059
f 726 775 728
f 697 728 699
f 724 700 727
f 727 700 776
f 700 730 776
f 699 728 2040
f 700 1405 730
f 730 729 776
f 1405 1403 730
f 699 2040 1423
f 2154 699 1423
f 1423 1427 2154
f 733 602 2095
f 777 1056 1057
f 1057 738 777
f 606 735 760
f 592 608 711
f 711 735 606
f 711 608 735
f 608 609 735
f 736 2096 739
f 2096 2148 739
f 740 738 1051
f 739 2149 440
f 739 2148 2149
f 738 761 1051
f 2168 741 743
f 741 742 743
f 2158 746 2182
f 743 745 719
f 743 742 745
f 742 744 745
f 2158 596 746
f 719 745 747
f 744 747 745
f 747 749 613
f 747 744 749
f 749 744 2171
f 2029 748 746
f 749 2171 751
f 613 749 750
f 749 751 750
f 750 751 622
f 751 752 622
f 622 753 624
f 622 2173 753
f 645 624 1973
f 624 753 1973
f 753 754 1973
f 626 648 652
f 626 652 627
f 639 768 755
f 723 2053 769
f 642 756 729
f 1052 758 1053
f 1052 607 1054
f 1052 1054 758
f 759 1053 758
f 758 1055 759
f 1055 734 759
f 734 1055 1056
f 734 1056 2065
f 606 760 1056
f 735 761 1057
f 1057 761 738
f 653 763 656
f 762 658 657
f 653 654 763
f 763 654 764
f 763 664 656
f 762 661 658
f 528 658 661
f 763 764 664
f 779 765 670
f 779 670 766
f 779 766 767
f 671 665 766
f 766 665 767
f 768 667 668
f 723 769 768
f 723 768 668
f 668 1621 723
f 669 765 1738
f 1799 770 1536
f 569 773 674
f 772 773 2155
f 772 674 773
f 696 775 695
f 707 704 1649
f 1534 782 705
f 1534 781 782
f 2059 727 2063
f 727 776 2063
f 729 2064 776
f 1933 2061 782
f 704 707 732
f 2065 1056 777
f 774 738 737
f 737 738 740
f 742 2174 2175
f 742 2175 2176
f 744 2178 2171
f 1864 780 779
f 778 1738 780
f 1738 765 780
f 779 780 765
f 779 767 1860
f 770 1800 781
f 1800 782 781
f 783 785 1
f 1 785 816
f 784 787 789
f 817 787 784
f 783 2 785
f 2 786 785
f 2 788 786
f 785 786 787
f 786 788 787
f 788 853 787
f 787 790 789
f 790 787 853
f 789 819 807
f 789 792 819
f 806 807 819
f 789 790 792
f 790 791 792
f 790 853 854
f 796 794 810
f 796 810 797
f 796 797 10
f 797 799 10
f 799 797 800
f 810 818 797
f 797 798 800
f 795 801 798
f 798 801 800
f 799 800 802
f 803 1 816
f 816 817 805
f 806 861 807
f 803 816 804
f 804 816 860
f 816 805 860
f 807 808 860
f 861 808 807
f 809 810 794
f 809 36 810
f 810 36 813
f 810 813 818
f 813 859 15
f 818 813 811
f 811 813 801
f 813 15 814
f 813 814 801
f 15 16 814
f 801 814 812
f 812 814 14
f 814 16 17
f 14 814 17
f 17 815 14
f 17 1159 815
f 815 1159 849
f 785 787 816
f 817 816 787
f 795 818 811
f 818 798 797
f 795 798 818
f 817 784 805
f 795 811 801
f 784 807 805
f 784 789 807
f 805 807 860
f 806 819 861
f 819 792 861
f 792 791 820
f 791 793 820
f 793 821 820
f 820 821 792
f 821 793 39
f 39 822 821
f 39 1362 822
f 822 1362 823
f 825 1436 823
f 823 1436 870
f 39 95 1362
f 95 824 1362
f 1208 1491 904
f 1208 904 880
f 1208 901 1491
f 829 828 830
f 830 831 829
f 829 831 2091
f 1239 833 1292
f 833 834 1292
f 834 833 835
f 1241 835 833
f 835 1247 839
f 836 837 1247
f 1247 837 839
f 835 839 834
f 838 840 837
f 838 1264 1350
f 839 837 840
f 840 838 1350
f 836 844 838
f 844 843 838
f 836 838 837
f 844 841 842
f 844 842 843
f 812 846 801
f 846 845 801
f 801 845 800
f 11 845 846
f 11 847 845
f 847 12 845
f 800 845 802
f 846 812 14
f 14 815 848
f 848 815 46
f 849 1437 850
f 849 1159 851
f 849 851 1437
f 851 1162 1437
f 1162 852 1437
f 852 1163 1439
f 852 1439 1437
f 1439 1170 1171
f 845 12 38
f 846 12 11
f 846 14 12
f 12 14 38
f 845 38 802
f 13 44 38
f 38 44 938
f 938 44 1379
f 938 1379 939
f 791 790 854
f 853 1340 854
f 1340 855 854
f 791 854 793
f 793 854 39
f 854 855 45
f 855 949 45
f 854 45 39
f 11 14 847
f 847 14 848
f 847 848 13
f 13 848 856
f 856 848 46
f 46 857 161
f 46 815 857
f 857 815 849
f 849 850 1360
f 161 857 858
f 850 1383 1360
f 160 858 1787
f 804 860 859
f 860 808 941
f 860 941 859
f 808 861 942
f 792 821 861
f 942 861 868
f 861 821 868
f 1091 1093 862
f 1092 863 864
f 864 865 1000
f 863 1000 865
f 867 876 866
f 867 34 876
f 821 869 868
f 821 823 869
f 821 822 823
f 823 872 869
f 823 870 872
f 869 872 871
f 863 872 1000
f 872 873 1000
f 872 870 874
f 870 72 874
f 875 72 866
f 874 72 875
f 878 877 880
f 915 879 878
f 877 878 879
f 881 888 1209
f 881 880 877
f 881 877 882
f 881 882 888
f 882 883 888
f 888 893 889
f 888 883 893
f 893 883 885
f 883 884 885
f 885 884 897
f 885 897 895
f 877 879 882
f 882 887 883
f 879 886 882
f 882 886 887
f 1209 888 1210
f 888 1211 1210
f 1211 888 889
f 890 889 894
f 892 890 891
f 889 893 894
f 890 894 891
f 894 893 895
f 891 894 895
f 885 895 893
f 895 897 1599
f 884 899 897
f 884 1469 899
f 884 896 1469
f 1599 897 899
f 891 898 892
f 1588 892 898
f 895 1599 891
f 891 1599 898
f 899 1469 900
f 880 904 902
f 880 902 878
f 902 904 903
f 878 902 915
f 902 903 915
f 904 1491 905
f 904 905 907
f 916 917 909
f 905 916 908
f 905 908 907
f 916 909 908
f 909 1276 906
f 908 909 910
f 904 907 903
f 910 911 913
f 910 921 911
f 907 908 1183
f 907 1186 903
f 910 913 908
f 911 912 913
f 908 913 1183
f 1183 913 1184
f 913 914 1184
f 914 919 1191
f 917 1276 909
f 1276 918 906
f 906 921 909
f 918 921 906
f 909 921 910
f 911 921 912
f 912 921 920
f 912 920 913
f 913 920 914
f 914 920 245
f 914 245 919
f 921 918 1395
f 804 859 8
f 8 859 3
f 3 859 922
f 5 3 929
f 922 987 971
f 3 922 929
f 922 859 996
f 922 996 987
f 923 925 1017
f 923 924 925
f 924 1002 925
f 924 926 1002
f 965 927 926
f 927 965 977
f 927 988 926
f 927 967 988
f 988 967 990
f 967 991 990
f 969 991 967
f 971 994 969
f 971 987 994
f 928 1369 5
f 9 1369 928
f 928 5 929
f 36 41 813
f 41 930 813
f 931 930 49
f 931 932 930
f 930 932 813
f 1125 1060 933
f 933 1060 931
f 931 1061 932
f 934 48 935
f 935 48 49
f 935 49 930
f 37 936 36
f 36 936 98
f 813 936 37
f 99 937 940
f 937 938 940
f 936 938 937
f 940 938 939
f 940 939 960
f 808 942 941
f 944 941 1339
f 941 942 1359
f 941 1359 1339
f 942 946 1359
f 946 942 949
f 942 45 949
f 868 45 942
f 859 944 996
f 100 93 947
f 943 1359 945
f 1359 946 945
f 947 948 951
f 946 950 945
f 946 949 950
f 949 951 950
f 945 950 1031
f 948 952 951
f 952 191 951
f 951 191 950
f 950 1035 1031
f 813 932 953
f 813 953 936
f 936 953 106
f 1266 1268 955
f 955 1268 959
f 936 106 938
f 953 43 106
f 953 954 43
f 43 954 939
f 939 954 961
f 957 940 958
f 957 99 940
f 1323 956 958
f 940 960 1781
f 1268 960 959
f 959 960 961
f 939 961 960
f 961 962 1810
f 954 962 961
f 944 945 996
f 944 943 945
f 923 964 924
f 924 965 926
f 924 963 965
f 965 963 976
f 927 977 966
f 927 966 967
f 966 968 967
f 967 968 969
f 968 970 969
f 969 970 971
f 963 973 976
f 964 974 924
f 974 982 975
f 924 974 975
f 975 982 1129
f 976 977 965
f 976 978 966
f 976 966 977
f 966 978 968
f 970 979 971
f 979 972 971
f 924 975 963
f 980 963 1129
f 923 981 964
f 964 982 974
f 964 981 982
f 975 1129 963
f 1129 1006 980
f 1006 1028 983
f 983 1028 234
f 234 1028 1033
f 980 1006 983
f 1459 984 985
f 1042 986 984
f 922 972 929
f 971 972 922
f 988 990 989
f 990 991 989
f 989 991 992
f 991 969 993
f 969 994 993
f 991 993 992
f 987 995 994
f 987 1127 995
f 1127 987 996
f 1127 996 1031
f 996 945 1031
f 997 1098 1154
f 1154 999 998
f 1098 999 1154
f 998 1010 1144
f 998 999 1010
f 1092 1010 862
f 1092 864 1015
f 864 1000 1015
f 925 1001 1017
f 925 1002 1001
f 1002 1003 1001
f 1002 926 1004
f 1002 1004 1003
f 1003 1004 1018
f 926 988 1004
f 1004 1130 1018
f 1004 1019 1130
f 1004 988 1019
f 988 989 1019
f 989 1007 1019
f 34 1022 876
f 34 1005 1022
f 989 992 1007
f 1127 1031 1008
f 997 1009 1097
f 997 1010 1009
f 997 1144 1010
f 1097 1009 1013
f 1009 1012 1013
f 1010 1011 1009
f 1009 1011 1012
f 1012 1146 1013
f 1010 1092 1015
f 1010 1015 1011
f 1011 1015 1014
f 1015 1000 1014
f 1014 1000 1016
f 1000 873 1020
f 1000 1020 1016
f 1017 1001 1133
f 1001 1003 1133
f 1003 1018 1133
f 1011 1014 1013
f 1013 1014 1016
f 873 1021 1020
f 873 874 1021
f 874 875 1021
f 866 876 875
f 875 876 1021
f 1021 876 1022
f 1022 1023 1024
f 1005 1023 1022
f 1397 9 1029
f 9 1025 1029
f 1430 1026 1025
f 1006 66 1028
f 1028 66 1029
f 1028 1029 1034
f 1396 1029 66
f 1397 1029 1396
f 1029 1025 1026
f 1351 1341 1008
f 1351 1008 1030
f 1008 1031 1030
f 1030 1031 1038
f 1016 1020 1435
f 1020 1041 1435
f 1020 1021 1041
f 1021 151 152
f 1021 1022 151
f 1022 1024 151
f 151 1024 133
f 1033 1034 1032
f 1028 1034 1033
f 1029 1037 1034
f 1029 1026 1037
f 1351 1030 1026
f 1026 1030 1037
f 1030 1038 1037
f 1031 1040 1038
f 1031 1035 1040
f 1035 1435 1040
f 1435 1041 1040
f 1021 152 1041
f 1034 1037 1036
f 1032 1034 1036
f 1032 1036 1042
f 1037 1038 1043
f 1038 442 1039
f 1038 1040 442
f 1040 1041 442
f 1041 152 350
f 1041 350 1959
f 1036 1037 1046
f 1037 2027 1046
f 1037 1043 2027
f 1038 1039 1043
f 2008 520 1611
f 2008 2010 520
f 2010 1049 520
f 1045 1046 2010
f 2010 1046 1049
f 1036 1046 1045
f 1039 1047 1043
f 1611 520 1048
f 1047 609 2023
f 520 1049 1050
f 520 1050 756
f 1049 1046 1050
f 609 1047 1051
f 1047 610 1051
f 1046 1052 1050
f 1050 1052 1053
f 1054 606 1055
f 758 1054 1055
f 606 1056 1055
f 1056 760 2150
f 2150 1057 1056
f 760 735 1057
f 735 609 761
f 609 1051 761
f 1065 87 28
f 28 1059 1058
f 28 87 1059
f 1058 1059 29
f 1125 29 1060
f 29 68 1060
f 1060 69 70
f 931 1060 70
f 931 70 30
f 931 30 1061
f 1062 20 33
f 20 85 33
f 1063 1062 86
f 1063 86 1064
f 24 1063 1065
f 1063 1064 1065
f 27 1065 28
f 1059 68 29
f 69 1433 70
f 68 69 1060
f 1061 71 1066
f 1061 1066 932
f 932 1066 953
f 1066 1074 953
f 20 58 85
f 1062 33 86
f 1065 1064 87
f 1067 1068 1416
f 1416 1068 113
f 113 1068 1069
f 1376 1069 1071
f 65 131 1070
f 1067 66 1068
f 66 1070 1068
f 1068 1070 1071
f 1069 1068 1071
f 1072 1073 1066
f 954 953 1074
f 954 1074 962
f 1066 1073 1074
f 131 334 1075
f 131 1075 1070
f 1071 1073 1072
f 962 1074 1076
f 1071 1077 1073
f 1073 1077 1074
f 1077 441 1074
f 334 1078 1075
f 1075 1080 1070
f 1070 1080 1079
f 1070 1079 1071
f 1078 1080 1075
f 1071 1079 1077
f 1079 343 1077
f 1074 441 1076
f 441 344 1076
f 1081 342 519
f 1081 519 1083
f 519 521 1083
f 496 1081 1082
f 1081 1083 1082
f 1080 1082 1083
f 1080 1083 1079
f 1083 601 1079
f 521 643 1083
f 643 1084 1083
f 1083 1084 601
f 601 1084 757
f 1084 1085 757
f 601 757 1087
f 1087 1086 601
f 2191 1088 2094
f 2094 1088 1089
f 2095 1089 2150
f 1089 2146 2097
f 1090 1091 1098
f 1090 1093 1091
f 1091 862 1098
f 1098 862 999
f 862 1010 999
f 1092 862 1093
f 1092 872 863
f 872 874 873
f 1090 1096 1093
f 1092 1093 1094
f 1092 1094 872
f 1460 1095 1096
f 1096 1095 1093
f 1093 1095 1094
f 871 872 1094
f 1090 1098 1096
f 1096 1098 997
f 1096 997 1097
f 1096 1097 1460
f 18 31 1112
f 1099 1112 31
f 76 53 1100
f 1101 1102 77
f 54 79 77
f 1099 79 54
f 1100 1101 76
f 1101 77 76
f 1099 31 79
f 1112 1099 1119
f 1100 53 1101
f 53 115 1101
f 1102 1101 54
f 54 77 1102
f 1101 115 54
f 1099 54 1103
f 54 55 1103
f 1099 1103 1119
f 55 1107 1103
f 1103 1107 1104
f 1119 1103 56
f 1103 1104 56
f 1104 1452 56
f 55 116 1105
f 55 1105 1107
f 1105 1106 1107
f 1111 1108 1109
f 1111 1109 1112
f 1112 1109 18
f 1110 1173 1177
f 1110 1177 1108
f 1108 1177 1109
f 1111 1117 1114
f 1111 1112 1118
f 1118 1113 1111
f 1111 1113 1117
f 1115 1114 1116
f 1108 1111 1114
f 1114 1117 1116
f 1116 1117 1454
f 1115 1116 1449
f 1466 1116 1467
f 1119 1118 1112
f 18 1118 1119
f 18 1119 1120
f 1119 56 1120
f 1121 1462 1451
f 1121 1113 1462
f 1454 1451 1462
f 923 1017 1122
f 923 1122 981
f 24 26 25
f 26 1123 25
f 26 1126 1123
f 26 1124 1126
f 1124 1058 1125
f 1124 1125 1432
f 1124 1432 1126
f 1125 1433 1432
f 1125 933 1433
f 1433 933 49
f 933 931 49
f 993 994 995
f 981 1122 1128
f 981 1128 982
f 982 1128 1129
f 1129 1133 1006
f 1006 1133 1130
f 1006 1130 1131
f 976 1131 978
f 1131 1130 1132
f 978 1131 1132
f 1132 1130 1019
f 978 1132 968
f 1132 1019 1007
f 968 1132 970
f 1132 1007 992
f 970 1132 979
f 1132 992 979
f 979 992 993
f 993 995 979
f 972 979 1008
f 979 995 1008
f 1008 995 1127
f 1122 1017 1128
f 1129 1128 1133
f 1017 1133 1128
f 1133 1018 1130
f 1153 1155 1135
f 1135 851 1461
f 1135 1137 851
f 1461 851 1136
f 1136 851 1159
f 1137 1162 851
f 1134 1138 1141
f 1141 1138 1140
f 1134 1141 1149
f 1134 1153 1138
f 1138 1139 1140
f 1153 1135 1138
f 1138 1135 1461
f 1138 1461 1139
f 1139 1147 1146
f 1461 1147 1139
f 1156 1142 998
f 1142 1154 998
f 1141 1144 1149
f 1141 1140 1143
f 1141 1143 1144
f 1154 1143 1144
f 1140 1139 1143
f 1144 1143 1145
f 1145 1143 1012
f 1012 1143 1146
f 1143 1139 1146
f 1145 1011 1146
f 1145 1146 1147
f 1145 1147 1148
f 1145 1148 1160
f 1147 1434 1148
f 1148 1161 1160
f 1150 1151 1152
f 1134 1149 1154
f 1134 1154 1153
f 1152 1160 863
f 1142 1156 1154
f 1156 1153 1154
f 1154 1144 997
f 998 1144 1156
f 1144 1145 1156
f 1156 1145 1153
f 863 1157 864
f 864 1157 865
f 1150 1135 1155
f 1150 1152 1135
f 1152 1137 1135
f 1152 1157 1137
f 1150 1155 1151
f 1151 1160 1152
f 1153 1145 1155
f 1155 1145 1160
f 1155 1160 1151
f 863 1160 1161
f 1434 1170 1161
f 863 1161 1137
f 1170 1162 1161
f 1137 1161 1162
f 1162 1170 1163
f 1201 1163 1164
f 1163 1171 1164
f 1202 1164 1165
f 1164 1171 1207
f 1164 1207 1165
f 1202 1165 1158
f 1159 1166 1434
f 1434 1166 1170
f 1163 1170 1439
f 1167 1168 1166
f 1168 1169 1166
f 1166 1169 1170
f 1170 1169 1171
f 1207 1171 1172
f 1076 344 1168
f 1168 344 1169
f 1169 1172 1171
f 1169 344 1828
f 1157 863 1137
f 863 865 1152
f 1109 1462 1118
f 18 1109 1118
f 1447 1174 1173
f 1175 1174 1176
f 1174 1177 1173
f 1177 1174 1175
f 1179 1178 1174
f 1179 1174 1447
f 1109 1177 1462
f 1118 1462 1113
f 1180 1448 1174
f 1178 1180 1174
f 883 887 884
f 884 887 896
f 887 1472 896
f 915 826 879
f 879 826 1182
f 879 1182 886
f 886 1182 1181
f 886 1181 887
f 887 1181 1471
f 826 827 1182
f 1182 827 828
f 828 827 830
f 1182 828 1746
f 1182 1746 1181
f 907 1183 1186
f 1184 914 1191
f 903 1185 915
f 915 1185 826
f 903 1186 1185
f 1186 1183 1189
f 1183 1184 1188
f 1191 919 1187
f 1183 1188 1189
f 1184 1191 1188
f 1189 1188 1190
f 1188 1196 1190
f 1191 1192 1188
f 1188 1192 1194
f 1194 1196 1188
f 1191 1187 1192
f 1192 1187 1194
f 826 1185 827
f 827 1185 1736
f 1185 1193 256
f 1185 1186 1193
f 1189 1193 1186
f 919 245 1187
f 245 244 1194
f 1194 244 1196
f 1194 1187 245
f 1189 1190 356
f 1190 1196 1195
f 1195 1196 358
f 244 358 1196
f 1190 1195 357
f 1197 1198 1199
f 1439 1200 1203
f 1201 1200 852
f 1200 1439 1171
f 1202 1197 1200
f 1200 1197 1203
f 1197 1199 1203
f 1199 1204 1203
f 1203 1440 1439
f 1203 1204 1440
f 1198 1197 1158
f 1158 1197 1202
f 1198 1158 1199
f 1200 1201 1164
f 1202 1200 1164
f 1158 1165 1199
f 1165 1205 1199
f 1165 1207 1205
f 34 75 1005
f 75 1023 1005
f 75 1206 1023
f 1206 1024 1023
f 133 1024 1206
f 1204 1199 1205
f 1440 1205 1207
f 1440 1204 1205
f 880 881 1208
f 1208 881 1215
f 1208 1215 901
f 881 1209 1215
f 1211 1212 1210
f 890 892 1212
f 1209 1210 1216
f 1210 1213 1216
f 1213 1217 1216
f 1210 1212 1213
f 1212 1588 1213
f 1212 892 1588
f 1209 1222 1215
f 1209 1231 1222
f 1209 1216 1231
f 1214 1219 1217
f 1217 1219 1223
f 1214 1218 1219
f 1218 1224 1219
f 1218 1588 1224
f 901 1215 1230
f 1215 1222 1230
f 1231 1216 1220
f 1216 1217 1220
f 1217 1221 1220
f 1217 1223 1221
f 1221 1223 1224
f 1221 1224 1225
f 1221 1225 1229
f 1219 1224 1223
f 1225 1226 1229
f 1220 1221 1229
f 1220 1229 1232
f 1232 1228 1227
f 1228 1232 1229
f 1228 1233 1227
f 1222 1231 1236
f 1228 1229 1226
f 1228 1226 1233
f 1226 1595 1233
f 1226 1225 1595
f 1230 1222 1236
f 1231 1220 1237
f 1237 1220 1232
f 1230 1236 1506
f 1231 2081 1236
f 1231 1237 2081
f 1232 1234 1237
f 1234 1235 2031
f 1239 1509 1238
f 1239 1238 833
f 833 1240 1241
f 833 1238 1240
f 1241 1240 1511
f 1241 1247 835
f 1241 1242 1247
f 1511 1243 1242
f 1242 1243 1244
f 1243 1245 1244
f 1243 1515 1245
f 1515 1246 1254
f 1241 1511 1242
f 1242 844 1247
f 836 1247 844
f 1249 843 842
f 841 1242 1244
f 841 1244 1248
f 1244 1251 1248
f 1249 1248 1545
f 1248 1250 1545
f 1242 841 844
f 841 1249 842
f 1249 841 1248
f 1248 1251 1546
f 1250 1245 1253
f 1245 1515 1253
f 1245 1251 1244
f 1254 1327 1253
f 1254 1246 1327
f 1327 260 1255
f 266 1256 1257
f 270 1257 1258
f 270 1258 1252
f 1260 1327 1259
f 363 1261 1262
f 266 363 1262
f 266 1262 1256
f 1262 365 1263
f 1262 1263 1769
f 843 1249 1264
f 1264 1249 1265
f 1265 1344 1264
f 1249 1544 1265
f 1265 1554 1344
f 1264 1344 1350
f 1267 1487 1266
f 1487 1268 1266
f 1487 1781 1268
f 1267 1266 955
f 1268 1781 960
f 1267 955 1269
f 955 959 1269
f 1269 959 1485
f 959 961 1485
f 1790 1271 1270
f 1485 961 1272
f 1485 1272 1271
f 1271 1272 1270
f 1270 1272 1814
f 1272 1813 1814
f 1270 1814 1275
f 1814 1273 1275
f 1275 1273 1274
f 1273 577 1274
f 1491 1277 905
f 1283 1277 1491
f 905 1277 1278
f 916 905 917
f 1276 917 1282
f 1276 1282 918
f 905 1279 1282
f 1278 1281 905
f 905 1281 1279
f 905 1282 917
f 1277 1283 1502
f 1278 1284 1281
f 1281 1284 1288
f 1281 1285 1280
f 1285 1281 1288
f 1659 1285 1288
f 1278 1286 1284
f 1284 1287 1288
f 1288 1493 1289
f 1277 1502 1286
f 1284 1286 1497
f 1494 1495 1287
f 1495 1290 1287
f 1290 1493 1287
f 1505 1503 1502
f 1286 1502 1503
f 1239 1292 1291
f 1509 1239 1291
f 834 1293 1292
f 834 1294 1293
f 834 839 1294
f 839 840 1294
f 1292 1293 1291
f 1291 1293 1295
f 1293 1294 1295
f 1298 1297 1296
f 1298 1308 1297
f 1298 1299 1308
f 1297 1301 1296
f 1296 1301 1332
f 1308 1302 1301
f 1308 1309 1302
f 1309 1372 1302
f 1372 1309 1655
f 1302 1372 1373
f 1296 1332 1306
f 1296 1306 1298
f 1298 1306 1307
f 1299 1298 1300
f 1298 1307 1300
f 1303 1305 1300
f 1310 1304 1311
f 1304 1305 1311
f 1300 1307 1303
f 1299 1315 1309
f 1299 1309 1308
f 1299 1300 1315
f 1300 1304 1315
f 1300 1305 1304
f 1310 1311 1335
f 1335 1312 1316
f 1335 1311 1312
f 1297 1308 1301
f 1309 1315 1314
f 1315 1316 1314
f 1317 1320 1316
f 1316 1312 1542
f 1316 1542 1317
f 1313 1319 1318
f 1313 1337 1319
f 1314 1320 1656
f 1314 1316 1320
f 1329 1320 1542
f 1317 1542 1320
f 1320 1321 1656
f 1542 170 1329
f 1329 170 1778
f 170 1322 1778
f 1318 171 170
f 1318 1319 171
f 1319 1374 171
f 1778 1779 1331
f 1374 957 173
f 1323 958 173
f 958 940 173
f 940 1780 173
f 1324 1656 1325
f 1327 1328 261
f 1328 1330 261
f 1326 1329 1330
f 1325 1656 1321
f 1325 1321 277
f 1321 1330 277
f 1329 1628 1330
f 1778 1628 1329
f 1330 1628 278
f 1628 1778 1331
f 1306 1332 1373
f 1306 1373 1333
f 1306 1333 1307
f 1307 1333 1303
f 1303 1333 1334
f 1301 1302 1332
f 1373 1332 1302
f 1333 1338 1334
f 1304 1335 1315
f 1335 1316 1315
f 1310 1335 1304
f 843 1264 838
f 1311 1337 1312
f 1312 1336 1313
f 1311 1305 1334
f 1311 1334 1337
f 1303 1334 1305
f 1313 1336 1337
f 1319 1337 97
f 1337 1338 97
f 1337 1334 1338
f 1312 1337 1336
f 4 943 788
f 788 943 853
f 853 943 1340
f 943 1339 1340
f 1339 943 944
f 1339 1359 1340
f 1340 1359 855
f 1344 1342 1431
f 1342 7 1431
f 1342 1356 943
f 1352 1510 1343
f 1342 1344 1356
f 1344 1345 1346
f 1344 1346 1356
f 1343 1510 1295
f 1343 1295 1347
f 1295 1294 1347
f 1347 1294 1349
f 1294 840 1350
f 1294 1350 1027
f 1027 1350 1351
f 1350 1341 1351
f 1350 1431 1341
f 1344 1431 1350
f 1348 1347 1349
f 1349 1294 9
f 9 1294 1430
f 1294 1027 1430
f 1430 1027 1026
f 1026 1027 1351
f 1514 1352 1354
f 1514 1353 1352
f 1352 1343 1355
f 1353 1510 1352
f 258 1355 1794
f 258 1354 1355
f 1354 1352 1355
f 4 1342 943
f 91 1555 1545
f 1555 1539 92
f 92 957 1346
f 957 92 1357
f 956 1357 1346
f 92 156 1357
f 156 1358 1357
f 1346 1357 1356
f 1356 1357 855
f 855 1357 949
f 1356 1359 943
f 1356 855 1359
f 1357 1358 176
f 949 1357 176
f 176 951 949
f 857 849 1360
f 857 1360 858
f 858 1360 1658
f 1658 1360 1381
f 1360 1382 1381
f 858 1658 1787
f 1787 1658 1361
f 1362 825 823
f 824 1363 1362
f 1362 1363 825
f 95 1759 824
f 1759 166 824
f 824 167 1363
f 166 272 167
f 166 167 824
f 178 952 948
f 1363 167 179
f 1363 179 102
f 167 283 179
f 952 178 1364
f 283 1365 1364
f 1364 1365 952
f 952 1365 191
f 283 274 1366
f 283 384 1365
f 274 1367 1366
f 283 1366 384
f 1366 1367 464
f 1367 557 464
f 6 1370 1431
f 6 1431 7
f 1369 1368 1370
f 1368 1429 1370
f 1372 1371 1373
f 1319 97 1374
f 1375 1603 1376
f 1373 1375 1333
f 1333 1375 1376
f 1333 1376 1072
f 1333 1072 1338
f 1338 51 98
f 1663 113 1603
f 1603 113 1376
f 1376 113 1069
f 1338 1072 51
f 1376 1071 1072
f 1072 1066 51
f 71 51 1066
f 1625 1377 1371
f 1622 1371 1372
f 1374 97 99
f 1375 1373 1371
f 113 1663 188
f 1625 1378 1377
f 1379 1159 17
f 101 165 1380
f 101 1380 1379
f 1380 1382 1379
f 1380 1381 1382
f 1382 1808 1167
f 1379 1382 1167
f 1379 1167 1166
f 1379 1166 1159
f 165 1485 1380
f 1380 1485 1658
f 1380 1658 1381
f 1382 1360 1808
f 1808 1360 1383
f 1438 1383 850
f 1383 1384 1808
f 1387 921 1395
f 1387 1386 921
f 1387 1388 1389
f 1387 1389 1386
f 1390 1607 1392
f 1565 1607 1390
f 1386 1391 921
f 921 1391 920
f 1386 126 1391
f 1389 1390 1386
f 1386 1390 126
f 1390 127 126
f 1390 1392 127
f 1392 109 127
f 1391 1393 920
f 1393 245 920
f 1393 128 1394
f 145 1393 1394
f 1393 145 245
f 963 980 973
f 980 1396 973
f 980 983 1396
f 1396 983 206
f 1396 1398 1349
f 1397 1396 1349
f 9 1397 1349
f 1396 206 1398
f 234 1399 206
f 206 1399 1398
f 1398 1399 290
f 290 1399 1688
f 1459 985 1399
f 1459 1399 234
f 1399 476 1690
f 1690 1688 1399
f 985 433 1399
f 475 424 1690
f 475 1798 424
f 2009 1619 494
f 2009 494 985
f 494 1402 985
f 433 985 1401
f 985 1402 1400
f 985 1400 1401
f 1400 478 1401
f 642 730 1402
f 1400 730 1403
f 1402 730 1400
f 697 1404 698
f 1405 2064 1415
f 703 731 1406
f 703 1406 603
f 731 708 1406
f 1406 705 1409
f 1409 705 1408
f 603 1406 1407
f 1406 1409 1407
f 1411 1407 1409
f 1408 1410 1409
f 1409 1412 1411
f 1409 1410 1412
f 1414 1411 1412
f 1410 1413 1412
f 1412 1413 1414
f 1414 1413 2006
f 1405 1415 1403
f 1415 708 731
f 1404 2062 698
f 698 2062 1405
f 63 64 1417
f 1067 1416 1418
f 1416 113 1418
f 1417 66 235
f 235 66 1418
f 1067 1418 66
f 235 1418 317
f 235 1419 439
f 235 317 1419
f 439 1419 496
f 317 1420 1419
f 317 2017 1420
f 1419 1420 497
f 495 496 1422
f 496 1419 1421
f 1421 1422 496
f 1422 1421 581
f 1419 497 1421
f 1423 1422 1427
f 581 602 1422
f 583 602 581
f 2151 696 2152
f 699 2152 696
f 733 710 1424
f 1424 2163 1425
f 710 712 1424
f 1424 2153 2163
f 1424 712 2153
f 712 1426 2153
f 712 713 1426
f 1422 602 1427
f 602 1934 1415
f 1427 602 1415
f 602 1428 1934
f 602 733 1428
f 733 1424 1428
f 1428 1424 1425
f 696 2151 775
f 2153 1426 2147
f 973 1396 976
f 1006 1131 66
f 976 1396 1131
f 1070 66 1131
f 1396 1070 1131
f 928 1025 9
f 928 1429 1368
f 928 929 1429
f 1368 1369 9
f 1368 9 1430
f 1368 1430 1025
f 1025 928 1368
f 1370 1429 929
f 1370 929 1431
f 929 972 1431
f 1431 972 1341
f 972 1008 1341
f 1432 1433 69
f 868 869 208
f 869 1136 208
f 1136 1434 1435
f 1136 1435 208
f 1434 1016 1435
f 52 870 1436
f 825 210 1436
f 52 1436 107
f 210 193 1436
f 107 1436 193
f 850 1437 1440
f 1438 850 1440
f 1437 1439 1440
f 1440 1442 1438
f 1442 1440 1441
f 1440 1207 1441
f 1441 1207 1701
f 1443 1713 1442
f 1443 215 1713
f 1207 1172 1701
f 1701 1172 1708
f 1445 1178 1444
f 1444 1178 1179
f 1444 1179 1446
f 1446 1179 1447
f 1444 1446 1180
f 1444 1180 1445
f 1447 1173 1446
f 1180 1446 1448
f 1446 1173 1448
f 1173 1175 1448
f 1445 1180 1178
f 1175 1115 1177
f 1110 1115 1175
f 1108 1115 1110
f 1108 1114 1115
f 1173 1110 1175
f 1175 1176 1448
f 1115 1449 1176
f 1116 1466 1449
f 1115 1176 1177
f 1177 1176 1464
f 1464 1711 1450
f 1117 1451 1454
f 1117 1121 1451
f 1113 1121 1117
f 1107 1453 1452
f 1104 1107 1452
f 1452 1453 88
f 1454 1467 1116
f 1454 1462 1467
f 1462 1455 1467
f 59 1456 83
f 83 1456 84
f 1456 62 61
f 1456 61 84
f 61 65 1457
f 65 1458 86
f 1458 67 86
f 1126 1432 67
f 1432 69 68
f 61 1457 84
f 1457 65 86
f 1033 1032 1459
f 234 1033 1459
f 1459 1032 1042
f 1459 1042 984
f 1042 1045 986
f 1042 1036 1045
f 1045 984 986
f 2010 984 1045
f 1097 1013 1460
f 1095 1147 1461
f 1095 1461 1094
f 1094 1461 871
f 1461 1136 871
f 1147 1013 1016
f 1147 1016 1434
f 1460 1147 1095
f 1460 1013 1147
f 1149 1143 1154
f 1149 1144 1143
f 1012 1011 1145
f 1011 1013 1146
f 1434 1161 1148
f 1136 1159 1434
f 852 1200 1163
f 1200 1171 1163
f 1177 1464 1462
f 1464 1465 1462
f 1462 1465 1455
f 1448 1176 1449
f 1710 1443 1695
f 1710 1465 1463
f 1710 1695 1465
f 1463 1464 1176
f 1463 1465 1464
f 1442 1441 1443
f 1443 1441 1695
f 1466 1467 1711
f 1465 1468 1450
f 1464 1450 1468
f 1711 1467 1450
f 1450 1467 1465
f 1467 1455 1465
f 896 1472 1469
f 887 1471 1472
f 1472 1471 1470
f 1472 1470 1473
f 1470 1474 1473
f 1470 1471 1474
f 1472 1473 1469
f 1473 900 1469
f 900 1474 1605
f 1471 1475 1474
f 900 1473 1474
f 1605 1474 1475
f 1471 1477 1475
f 1475 1477 1476
f 1605 1475 1729
f 1741 1740 1477
f 1453 121 88
f 121 137 80
f 121 80 88
f 89 35 1480
f 89 1480 90
f 1480 35 1478
f 1480 1478 1252
f 1478 176 1483
f 177 1479 1483
f 1483 1479 1777
f 1766 1481 1480
f 1766 1478 1481
f 1481 1478 1482
f 1478 1484 1482
f 90 1480 1482
f 1478 1483 1484
f 1480 1481 1482
f 1484 1486 1482
f 1482 1485 165
f 1482 1486 1485
f 1486 1490 1485
f 1267 1488 1487
f 1487 1488 1781
f 1267 1269 1488
f 1488 1269 1490
f 1269 1485 1490
f 177 1488 1489
f 1488 1490 1489
f 901 1492 1491
f 1491 1492 1283
f 901 1230 1492
f 1492 1502 1283
f 1277 1286 1278
f 1288 1287 1493
f 1284 1494 1287
f 1284 1497 1494
f 1495 1500 1290
f 1493 1290 1496
f 1290 1500 1496
f 1492 1230 1502
f 1494 1497 1495
f 1495 1497 1498
f 1286 1503 1497
f 1495 1498 1500
f 1498 1504 1499
f 1498 1499 1500
f 1496 1500 1501
f 1501 1500 1499
f 1230 1506 1502
f 1497 1503 1498
f 1503 1504 1498
f 1501 1504 1507
f 1499 1504 1501
f 1506 1505 1502
f 1505 1867 1503
f 1506 1508 1505
f 1509 1295 1238
f 1291 1295 1509
f 1238 1510 1240
f 1238 1295 1510
f 1240 1510 1511
f 1511 1510 1243
f 1514 1517 1353
f 1512 1515 1243
f 1517 1519 1353
f 1353 1519 1513
f 1353 1513 1510
f 1354 258 1514
f 258 1517 1514
f 1512 1657 1246
f 1512 1246 1515
f 1515 1894 260
f 1515 260 1328
f 1246 260 1894
f 1246 1255 260
f 1517 1516 1519
f 1516 1518 1519
f 1518 1523 1519
f 1519 1523 1520
f 1519 1520 275
f 1519 275 1513
f 1520 1526 1525
f 1520 1525 1521
f 1657 1527 1246
f 258 1522 1516
f 1517 258 1516
f 1516 1523 1518
f 1516 1529 1523
f 1523 1524 1526
f 1524 1525 1526
f 1523 1526 1520
f 1525 1528 1521
f 1521 1528 394
f 394 1528 373
f 1522 1531 1516
f 1516 1531 1529
f 1529 1524 1523
f 1529 1525 1524
f 1529 1531 1530
f 1525 1529 1530
f 1525 1530 1528
f 1530 1532 1528
f 1528 1532 373
f 1532 1533 373
f 1522 1536 1531
f 1531 1532 1530
f 1532 1537 1533
f 1533 1534 1535
f 1531 1536 1537
f 1531 1537 1532
f 1533 1537 1534
f 770 781 1536
f 1537 1536 781
f 1534 1537 781
f 1538 1761 91
f 1538 1250 262
f 1250 1253 262
f 91 1761 1556
f 91 1556 1539
f 1556 174 156
f 169 1322 172
f 169 172 1540
f 1540 172 1541
f 1556 1558 1541
f 1556 1541 174
f 172 175 1541
f 1541 175 174
f 1327 1260 1253
f 1253 1260 262
f 1313 1542 1312
f 1313 1318 1542
f 1318 170 1542
f 1249 1545 1544
f 1248 1543 1544
f 1544 1543 1554
f 1538 1545 1250
f 1545 1554 1543
f 1250 1251 1245
f 1546 1251 1250
f 1551 1550 1547
f 1248 1544 1250
f 1250 1544 1546
f 1546 1544 1548
f 1547 1550 1549
f 1547 1549 1552
f 1547 1553 1551
f 1547 1552 1553
f 1545 1543 1550
f 1545 1548 1544
f 1545 1550 1548
f 1549 1553 1552
f 1545 1555 1554
f 1555 1345 1554
f 1554 1345 1344
f 92 1346 1345
f 1555 92 1345
f 1562 1556 1540
f 1562 1558 1556
f 1557 1559 1560
f 1557 1558 1562
f 1558 1560 1559
f 1557 1560 1558
f 1558 1559 1561
f 1561 957 1374
f 1559 957 1561
f 1559 1563 957
f 1557 1562 1374
f 1374 1563 1557
f 1563 1374 99
f 1557 1563 1559
f 889 890 1211
f 890 1212 1211
f 1387 1564 1565
f 1387 1565 1388
f 1387 1395 1564
f 1389 1388 1385
f 1569 1566 1564
f 1385 1388 1565
f 1564 1566 1565
f 1565 1566 1607
f 1570 1571 1607
f 1566 1570 1607
f 1395 1572 1564
f 1573 1289 1869
f 1564 1572 1573
f 1573 1569 1564
f 1573 1568 1569
f 1573 1567 1568
f 1572 1289 1573
f 1869 1871 1575
f 1570 1574 1571
f 1575 1574 1570
f 1577 1576 1583
f 1577 1578 1576
f 1576 1578 1579
f 1584 1582 1580
f 1577 1583 1584
f 1580 1582 1581
f 1584 1583 1582
f 1583 96 1582
f 898 1577 1584
f 898 1584 1580
f 1580 1581 1586
f 1580 1586 1585
f 1879 1585 1586
f 1879 1586 1587
f 1582 96 257
f 1582 257 1881
f 1224 1588 1225
f 1580 1588 898
f 1580 1585 1588
f 1585 1225 1588
f 1585 1879 1225
f 1589 1590 1595
f 1590 1589 1591
f 1880 1591 1589
f 1879 1589 1225
f 1589 1595 1225
f 1590 1593 1595
f 1590 1591 1593
f 1594 1883 1593
f 1593 1591 1592
f 1593 1592 1594
f 1593 1883 1595
f 1595 1883 1886
f 1595 1886 1596
f 1576 1579 1597
f 1576 1597 1583
f 1385 1565 1390
f 1385 1390 1389
f 1583 1597 96
f 96 1597 1602
f 1661 1603 1375
f 1599 1664 1598
f 1578 1598 1579
f 1600 1597 1598
f 1579 1598 1597
f 1598 1664 1600
f 1600 1601 1597
f 1597 1601 1602
f 1661 1662 1603
f 1728 1665 1604
f 1664 1728 1604
f 1601 1600 1604
f 1602 150 104
f 104 150 1662
f 1728 1606 1665
f 898 1599 1578
f 1577 898 1578
f 1578 1599 1598
f 1664 1599 899
f 1664 899 1728
f 1728 899 900
f 1728 900 1606
f 1392 1607 105
f 1607 182 105
f 105 109 1392
f 1571 182 1607
f 182 1571 1612
f 149 1609 1608
f 1609 1611 1608
f 1608 1611 1610
f 1612 1611 1609
f 1571 1620 1612
f 1612 1615 1613
f 1612 1613 1611
f 1611 1735 1610
f 1620 1616 1612
f 1612 1616 1615
f 1616 1620 1617
f 1616 1618 2011
f 2011 1618 1614
f 1618 580 1619
f 1618 2009 1614
f 1618 1619 2009
f 1611 1048 1735
f 1620 561 1617
f 561 724 1048
f 1619 642 494
f 1048 1621 1735
f 561 1620 697
f 697 724 561
f 724 725 2060
f 724 1621 1048
f 1621 724 2060
f 1372 1623 1622
f 1371 1622 1626
f 1622 1623 275
f 1801 1378 1624
f 1624 1626 1630
f 1378 1625 1624
f 1625 1626 1624
f 1626 1631 1630
f 1625 1371 1626
f 1626 1627 1631
f 1626 275 1627
f 1626 1622 275
f 1628 1629 278
f 1629 1927 278
f 1927 380 278
f 1624 1630 1631
f 1936 1624 1631
f 1631 1627 1935
f 372 376 454
f 371 380 378
f 371 278 380
f 380 1633 1632
f 1632 1633 1638
f 1635 1521 1642
f 1521 395 1642
f 1631 1935 1936
f 397 372 1636
f 1636 372 1637
f 372 454 1637
f 454 565 1637
f 382 1638 567
f 1638 1633 1639
f 567 1639 1650
f 567 1638 1639
f 1633 1634 1639
f 1936 1635 1641
f 1635 1642 1641
f 395 1643 1642
f 1643 1644 1648
f 397 1643 395
f 397 1636 1643
f 1643 1636 1645
f 1636 1646 1645
f 1636 1637 1646
f 1640 1936 1641
f 1640 1641 1651
f 1641 1642 1651
f 1642 1643 1651
f 1651 1643 1648
f 1637 565 589
f 567 1650 566
f 1650 1652 566
f 565 590 589
f 1647 1651 1891
f 1651 1648 1654
f 1648 1649 1654
f 1653 1652 2140
f 1891 1651 2139
f 1651 1654 2139
f 2139 1649 704
f 1654 1649 2139
f 1314 1655 1309
f 1372 1655 1623
f 1655 1314 1656
f 1655 1656 1623
f 1243 1510 1513
f 1512 1513 275
f 1243 1513 1512
f 1512 275 1657
f 1657 275 1520
f 1657 1520 1527
f 1248 1546 1543
f 1546 1548 1543
f 1562 1540 1561
f 1562 1560 1374
f 1560 1562 1561
f 1540 1558 1561
f 1558 1540 1541
f 1560 1561 1374
f 1563 99 957
f 1323 957 1357
f 1323 1357 956
f 957 956 1346
f 957 1323 173
f 1361 1658 1271
f 1658 1485 1271
f 1281 1280 1279
f 1280 1659 1279
f 1279 1659 1282
f 1659 1572 1282
f 918 1282 1572
f 1572 1395 918
f 1280 1285 1659
f 1659 1288 1289
f 1659 1289 1572
f 104 1660 111
f 104 1662 1660
f 1661 1660 1662
f 104 184 183
f 104 111 184
f 1375 189 1661
f 1662 205 1663
f 1603 1662 1663
f 1664 1604 1600
f 1601 1604 1602
f 1604 150 1602
f 1662 150 205
f 1606 1666 1665
f 1665 1666 1604
f 1604 1666 359
f 1604 359 150
f 1606 1667 1666
f 1666 1667 255
f 1667 1730 1670
f 1730 1668 1670
f 255 1667 1669
f 1667 1670 1669
f 1666 1669 359
f 1670 359 1669
f 1668 1841 1670
f 1383 1438 1672
f 1384 1672 1673
f 1383 1672 1384
f 1438 1442 1672
f 1672 1442 1713
f 1812 1671 1673
f 1812 1673 1674
f 1674 1679 1812
f 1674 1673 1675
f 1672 1675 1673
f 1675 1672 1676
f 1712 1676 1672
f 1677 1678 1815
f 1678 1680 1815
f 1678 1679 1680
f 1680 1682 1815
f 1679 1674 1680
f 1674 1675 1683
f 1680 1674 1683
f 1675 1676 1681
f 1675 1681 1683
f 1682 1816 1815
f 1680 1683 1682
f 2014 2015 1685
f 1682 1683 2015
f 2015 484 600
f 1683 1681 484
f 1681 1946 484
f 484 1946 506
f 506 1684 616
f 1946 1684 506
f 1274 577 691
f 2014 577 1273
f 2014 1685 577
f 2074 1686 686
f 2074 1274 1686
f 691 1686 1274
f 1348 1349 1687
f 1398 1687 1349
f 207 1687 290
f 1793 1688 392
f 1687 1398 290
f 1793 290 1688
f 393 1690 1689
f 1689 1690 1796
f 392 1688 393
f 393 1688 1690
f 1690 424 1796
f 1448 117 1174
f 117 1449 1463
f 1448 1449 117
f 1449 1711 1463
f 1449 1466 1711
f 117 1463 1176
f 1105 118 1106
f 118 120 1106
f 1107 1106 1453
f 1106 121 1453
f 1695 1468 1465
f 1464 1468 1711
f 1711 1468 121
f 1468 1696 1697
f 1468 1697 121
f 1700 1691 1717
f 1691 1693 1692
f 1441 1701 1695
f 1695 1701 1696
f 1695 1696 1468
f 1694 1698 1716
f 1698 1703 1716
f 1699 1693 1700
f 1691 1700 1693
f 1696 1708 1709
f 1696 1702 1697
f 1696 1709 1702
f 1703 1702 1707
f 1703 1707 1818
f 1703 1819 1716
f 1716 1819 1699
f 1693 1839 1692
f 1693 1704 1839
f 1692 1839 1705
f 1839 1706 1705
f 1701 1708 1696
f 1708 1822 1709
f 1702 1709 1707
f 1711 120 217
f 1106 120 1711
f 1106 1711 121
f 1672 1713 1712
f 1710 217 1443
f 1710 1463 217
f 1443 217 215
f 1463 1711 217
f 1713 215 1712
f 120 121 217
f 121 1697 217
f 1714 226 1700
f 229 1715 230
f 1714 1700 1718
f 1700 1717 1718
f 321 1719 219
f 219 1694 221
f 1694 223 224
f 1715 229 226
f 1714 1715 226
f 219 1719 1698
f 1694 219 1698
f 1694 1716 223
f 1716 1699 223
f 223 1699 1700
f 1714 1721 1715
f 1721 1718 1715
f 1715 1718 1720
f 1717 1723 1718
f 230 1715 1720
f 230 1720 1722
f 329 1722 233
f 1722 1720 233
f 233 1720 1723
f 1720 1718 1723
f 1723 1726 233
f 1717 1691 1723
f 1692 1705 1691
f 1691 1705 1723
f 1723 1725 1724
f 233 1726 1950
f 1726 1954 1950
f 1723 1724 1726
f 1726 1724 1727
f 1714 1718 1721
f 900 1667 1606
f 1605 1667 900
f 1667 1605 1730
f 1605 1729 1730
f 1729 1731 1732
f 1729 1732 1730
f 311 217 321
f 217 1719 321
f 217 1697 1719
f 1697 1698 1719
f 1698 1697 1703
f 1697 1702 1703
f 307 311 309
f 254 1610 1734
f 1734 1733 254
f 1610 1735 1734
f 347 451 447
f 347 1734 451
f 1733 1734 347
f 1734 1735 451
f 827 1736 830
f 830 1736 1737
f 830 1737 831
f 831 1737 1738
f 831 1738 2090
f 1738 1865 2090
f 1181 1746 1471
f 1471 1739 1477
f 1475 1476 1731
f 1475 1731 1729
f 1746 1739 1471
f 1739 1741 1477
f 1476 1477 1740
f 1476 1740 1731
f 1742 1731 1741
f 1742 1741 1743
f 1731 1742 1744
f 828 829 1746
f 1741 1739 1743
f 1741 1731 1740
f 1742 1745 1744
f 1739 1746 1748
f 1739 1747 1743
f 1747 1739 1748
f 1742 1747 1745
f 1752 1745 1747
f 1747 1742 1743
f 1749 1753 1750
f 1751 1745 1752
f 1750 1751 1749
f 1750 1744 1751
f 2076 1744 1750
f 1751 1744 1745
f 1746 829 2078
f 1746 2078 1748
f 1748 1751 1747
f 1747 1751 1752
f 1751 1748 1749
f 154 271 1759
f 154 1906 271
f 1784 1754 1906
f 154 158 1906
f 1754 1756 273
f 1905 1755 1486
f 1486 1755 1490
f 1490 1755 1911
f 1754 1911 1756
f 1756 1758 274
f 1911 1757 1758
f 1756 1911 1758
f 1758 1757 574
f 1758 457 274
f 1758 556 457
f 1758 574 556
f 1759 1760 166
f 271 164 1759
f 1759 164 1760
f 1217 1213 1214
f 1214 1213 1218
f 1213 1588 1218
f 1329 1326 1321
f 1320 1329 1321
f 1321 1326 1330
f 1761 168 169
f 1538 262 1761
f 262 168 1761
f 169 1540 1761
f 1761 1540 1556
f 1550 1551 1548
f 1550 1543 1549
f 1551 1553 1549
f 1549 1548 1551
f 1549 1543 1548
f 270 157 267
f 1252 157 270
f 1252 1483 157
f 1252 1478 177
f 1252 177 1483
f 266 1257 270
f 1261 362 1260
f 1261 363 362
f 362 363 364
f 1763 1764 1762
f 1762 1764 1765
f 1764 1763 1765
f 1762 1765 1763
f 1258 1906 1252
f 1252 1906 1766
f 1252 1766 1480
f 1480 1906 158
f 1257 1256 369
f 1257 369 1258
f 1256 1262 1767
f 1256 1767 369
f 1262 1769 1767
f 1769 1768 1767
f 2054 1768 1770
f 1768 2054 552
f 2054 2055 552
f 552 2055 553
f 551 1772 2070
f 1771 1775 2055
f 2055 1775 554
f 554 1775 683
f 554 683 1776
f 1773 1775 1771
f 1773 678 1775
f 678 1964 1775
f 1775 1964 683
f 683 1774 1776
f 1766 1483 1777
f 1322 1779 1778
f 1322 173 1779
f 1766 1777 1780
f 1777 1479 1780
f 940 1781 177
f 940 177 1780
f 1766 1780 177
f 1781 1488 177
f 1629 1628 1331
f 1629 1331 1927
f 1779 173 1331
f 173 1927 1331
f 173 1782 1927
f 1780 1782 173
f 1782 1780 1479
f 1766 1906 1483
f 1906 1484 1483
f 1906 1481 1484
f 1480 158 1481
f 158 1484 1481
f 1782 1479 1783
f 1479 177 1783
f 1783 177 1489
f 1480 1481 1906
f 1484 158 1486
f 158 1784 1486
f 1784 1785 1490
f 1784 1786 1785
f 1784 158 1786
f 1490 1785 1929
f 1490 1929 1489
f 1785 1786 1929
f 1929 1786 398
f 1786 1789 398
f 1789 575 398
f 162 160 1787
f 158 1788 1786
f 162 1788 158
f 162 1787 1788
f 1788 1790 1786
f 1788 1361 1790
f 1786 1790 1789
f 1790 1270 1789
f 1270 1275 1789
f 1789 1275 575
f 1787 1361 1788
f 1361 1271 1790
f 1581 1582 1586
f 1586 1582 1587
f 1587 1582 1881
f 1587 1881 1880
f 1566 1569 1570
f 1569 1568 1570
f 1567 1570 1568
f 1567 1575 1570
f 1355 1343 1791
f 1355 1792 1794
f 1355 1791 1792
f 1791 190 1792
f 1793 1792 190
f 1794 1792 1795
f 1792 1689 1795
f 1792 1793 392
f 1792 2012 393
f 1792 393 1689
f 1792 392 2012
f 1799 1794 1795
f 1689 1796 1795
f 393 2012 1796
f 1796 2012 586
f 1795 1796 1798
f 1796 586 1798
f 1795 1798 1797
f 1797 1798 1403
f 1798 475 1403
f 1795 1800 1799
f 1795 1797 1800
f 1797 731 701
f 1797 701 1800
f 1799 1800 770
f 1377 189 1371
f 1371 189 1375
f 1801 1890 1377
f 1378 1801 1377
f 189 1377 291
f 1890 1802 1377
f 1377 1802 291
f 291 1802 292
f 1802 2012 292
f 292 2012 293
f 1890 1803 1804
f 1890 1804 1802
f 1802 584 461
f 1803 1805 1804
f 1804 1805 1802
f 1805 702 731
f 1803 702 1805
f 1803 1892 702
f 702 1892 732
f 702 732 707
f 1324 275 1656
f 275 1623 1656
f 172 1322 170
f 172 170 171
f 956 957 958
f 1806 1671 1811
f 1810 1807 1806
f 1806 1807 1671
f 1807 1673 1671
f 1807 1384 1673
f 1810 962 1167
f 962 1168 1167
f 1810 1167 1808
f 1810 1808 1807
f 1808 1384 1807
f 962 1076 1168
f 1806 1811 1809
f 1806 1809 1810
f 1811 1812 1809
f 1811 1671 1812
f 1272 1810 1809
f 961 1810 1272
f 1272 1809 1813
f 1809 1678 1813
f 1677 1813 1678
f 1809 1812 1678
f 1812 1679 1678
f 1677 1815 1816
f 1677 1814 1813
f 1699 1704 1693
f 1699 1819 1817
f 1703 1818 1819
f 1819 1818 1821
f 1818 1820 1821
f 1817 1819 1821
f 1817 1704 1699
f 1169 1825 1172
f 1825 1826 1172
f 1826 1822 1172
f 1708 1172 1822
f 1822 1823 1709
f 1709 1823 1707
f 1707 1824 1818
f 1818 1824 1820
f 1825 1827 1826
f 1828 1829 1825
f 1825 1829 1827
f 1828 2182 1829
f 2182 2190 1829
f 1829 2190 1831
f 1829 1832 1830
f 1832 1834 1830
f 1830 1834 1833
f 1834 1836 1833
f 1833 1835 2124
f 1836 1835 1833
f 1837 2205 2188
f 1837 2188 2190
f 2188 2189 2190
f 1835 1836 2126
f 1723 1705 1725
f 1725 1838 1724
f 1705 1706 1725
f 1724 1838 1840
f 1839 1704 1840
f 1839 1725 1706
f 1840 1838 1839
f 1839 1838 1725
f 1730 1732 1841
f 1730 1841 1668
f 1732 1842 1841
f 1842 536 1670
f 359 1670 536
f 1731 1744 1843
f 1731 1843 1732
f 1842 1732 1844
f 1732 1843 1844
f 1842 1844 536
f 1744 1846 1843
f 1744 1845 1846
f 1843 1846 1847
f 1846 1850 1847
f 1843 1847 1844
f 1844 1850 1848
f 536 1844 1848
f 2076 2037 1849
f 2076 1849 1744
f 1744 1849 1845
f 1845 1850 1846
f 1849 1852 1845
f 1845 1852 1851
f 1845 1851 1850
f 1850 1851 2136
f 2136 1848 1850
f 2037 1852 1849
f 2037 1853 1852
f 1185 256 1736
f 256 1737 1736
f 1854 541 534
f 671 541 1854
f 669 1737 256
f 1501 1857 1855
f 1855 1861 2049
f 2049 1861 1856
f 2049 1856 1854
f 1854 1856 671
f 671 540 541
f 1862 1504 1503
f 1501 1507 1857
f 1863 1859 1857
f 1857 1859 1855
f 1855 1859 1858
f 1860 1861 1855
f 1858 1860 1855
f 1861 665 1856
f 767 665 1861
f 669 1738 1737
f 2092 1508 1506
f 1503 1867 1862
f 1505 1866 1867
f 1862 1863 1857
f 1862 1867 1863
f 1867 780 1864
f 1863 1867 1864
f 1863 1858 1859
f 1863 1864 1858
f 1858 1864 1860
f 1864 779 1860
f 778 1865 1738
f 767 1861 1860
f 832 1508 2092
f 1505 1508 1866
f 832 1865 1508
f 1866 1508 1865
f 832 1868 1865
f 1865 778 1866
f 1866 780 1867
f 1868 2090 1865
f 1866 778 780
f 1496 1869 1493
f 1573 1869 1567
f 1567 1869 1575
f 1289 1493 1869
f 1871 1870 1574
f 1496 1871 1869
f 1872 1496 1875
f 1871 1496 1870
f 1496 1872 1870
f 1870 1872 1873
f 1870 1873 1574
f 1875 1496 1501
f 1501 1876 1875
f 1875 1876 1976
f 1877 1874 1878
f 1976 1876 1874
f 2048 1878 1876
f 1874 1876 1878
f 1976 1874 1877
f 1879 1880 1589
f 1879 1587 1880
f 1881 257 1882
f 1882 257 544
f 1883 1884 1886
f 1883 1882 1884
f 1594 1882 1883
f 544 1884 1882
f 1886 1887 1596
f 1887 1888 1596
f 1886 1884 1885
f 1886 1885 1887
f 1887 2036 1888
f 1887 1885 2036
f 1893 1889 1890
f 1893 1890 1801
f 1889 1647 1890
f 1647 1803 1890
f 1647 1891 1803
f 1891 2139 1803
f 1803 2139 1892
f 1893 1801 1624
f 1889 1624 1647
f 1624 1936 1647
f 1647 1936 1640
f 1647 1640 1651
f 1253 1515 1328
f 1254 1894 1515
f 1254 1253 1894
f 1328 260 1330
f 1246 1894 1327
f 1253 1328 1894
f 1894 1328 1327
f 1327 1255 1330
f 1259 361 1260
f 1260 361 1261
f 1261 1895 1262
f 361 1895 1261
f 1895 365 1262
f 1897 1899 1898
f 1897 1896 1899
f 1897 1898 1896
f 1901 1902 1900
f 1900 1902 1985
f 1985 1902 1988
f 1907 1908 1903
f 1907 1903 1909
f 369 269 1258
f 1258 269 1904
f 1258 1904 1905
f 1905 1906 1258
f 1906 1905 1486
f 1906 1486 1784
f 1905 1904 1755
f 1907 1909 1908
f 1909 1903 1908
f 1910 1911 1904
f 1911 1755 1904
f 269 370 1912
f 1904 269 1910
f 269 1912 1910
f 1910 1912 1913
f 1910 1913 1911
f 1916 1917 1913
f 1911 1913 1757
f 1913 1918 1757
f 456 1915 1914
f 383 1914 1916
f 1914 1915 1916
f 1916 1915 1920
f 1912 1916 1913
f 1920 1917 1916
f 1913 1917 1918
f 1917 479 1918
f 1921 479 1917
f 1915 1986 1920
f 1919 1922 1920
f 1920 1922 1921
f 1920 1921 1917
f 1921 1922 740
f 1921 740 610
f 610 740 1051
f 1923 1925 1924
f 1924 1925 1926
f 1924 1926 1923
f 1923 1926 1925
f 1927 1782 1928
f 1782 1783 1928
f 1928 1929 1931
f 1928 1783 1929
f 1929 1783 1489
f 1928 1931 1927
f 380 1927 1931
f 1931 1633 380
f 1931 1930 1633
f 1931 1929 1634
f 1931 1634 1930
f 1929 398 1634
f 1784 1490 1754
f 1754 1490 1911
f 1800 701 1932
f 1800 1932 1933
f 701 1934 1932
f 1932 2061 1933
f 1933 782 1800
f 1627 1521 1635
f 1627 276 1521
f 291 292 1521
f 1935 1627 1635
f 1935 1635 1936
f 1246 1527 1938
f 1246 1938 1255
f 1527 1520 1938
f 1255 1940 1259
f 1255 1938 1940
f 1521 292 1937
f 1520 1521 1938
f 1521 1937 1938
f 1938 1937 1939
f 1938 1939 1940
f 374 1940 2000
f 1940 1939 2000
f 2000 1939 379
f 2000 1941 364
f 2000 379 1941
f 1937 396 1939
f 1939 396 394
f 1943 417 1942
f 411 1945 1948
f 1943 1942 411
f 411 1942 1945
f 1942 415 1945
f 1942 414 415
f 415 428 1945
f 1942 417 414
f 405 1947 1946
f 405 1944 1947
f 1944 1948 1947
f 1948 1945 490
f 1945 428 490
f 1946 1947 1948
f 1946 1948 490
f 490 429 511
f 325 1949 324
f 224 227 325
f 331 233 227
f 227 233 1950
f 227 1950 1954
f 325 227 1949
f 324 1951 323
f 324 1952 1951
f 324 1949 1952
f 323 1951 436
f 436 1951 435
f 1949 1817 1953
f 1949 227 1704
f 1949 1704 1817
f 227 1954 1704
f 1954 1840 1704
f 1954 1727 1724
f 1954 1724 1840
f 1817 1821 1953
f 1823 1824 1707
f 1951 1952 1953
f 1952 1949 1953
f 507 525 1822
f 525 1823 1822
f 1823 525 1824
f 525 435 1824
f 1951 1820 435
f 1820 1824 435
f 1951 1953 1820
f 1820 1953 1821
f 507 619 644
f 616 1684 618
f 618 644 619
f 618 1684 644
f 1684 623 644
f 634 1955 637
f 644 623 647
f 623 1956 647
f 1956 1957 1955
f 647 1956 1958
f 1955 1958 1956
f 1955 1957 637
f 1958 527 647
f 628 637 1957
f 1726 1727 1954
f 442 1962 1044
f 442 1041 1962
f 1962 1041 1959
f 1959 350 1960
f 1959 1960 1966
f 573 593 715
f 611 1962 1961
f 1961 1962 1965
f 1962 1959 1965
f 1965 1959 1966
f 1960 1972 1966
f 1963 2021 773
f 2021 1963 679
f 1963 715 682
f 2159 1963 682
f 2159 682 1964
f 573 715 1963
f 715 717 716
f 1961 717 715
f 1961 1965 743
f 1972 1967 1966
f 1972 1968 1967
f 1968 2199 1967
f 2199 1969 1971
f 2199 1968 1969
f 679 2159 773
f 773 2159 2155
f 1971 1969 1970
f 1970 1974 1971
f 1670 1841 1842
f 443 1960 350
f 522 615 1960
f 522 1960 443
f 615 1972 1960
f 645 1969 1972
f 645 1970 1969
f 1968 1972 1969
f 645 1973 1970
f 1970 1973 1974
f 1973 754 1974
f 1575 1871 1574
f 1574 1620 1571
f 1574 1873 1975
f 1574 1975 1620
f 1872 1875 1975
f 1975 1875 1976
f 1873 1872 1975
f 1976 2056 1975
f 1976 1877 2056
f 1975 2056 1620
f 1899 1896 1898
f 1977 1979 1978
f 1978 1980 1977
f 1978 1979 1980
f 1977 1980 1979
f 1982 1981 1983
f 1984 1982 1983
f 1984 1983 1981
f 1984 1981 1982
f 1902 1901 1999
f 1901 1985 1999
f 1900 1991 1901
f 1901 1991 1985
f 365 456 1263
f 365 368 456
f 456 1998 1263
f 1263 1998 1769
f 456 1986 1998
f 1769 1998 1987
f 1770 1987 547
f 1900 1988 1991
f 1991 1988 1989
f 1991 1989 1990
f 1993 1985 1990
f 1989 1992 1990
f 1900 1985 1988
f 1985 1991 1990
f 1985 1993 1992
f 1992 1993 1994
f 1993 1996 1994
f 1993 1995 1996
f 1994 1996 1998
f 1998 1996 1997
f 1985 1989 1999
f 1902 1999 1989
f 1988 1902 1989
f 1989 1985 1992
f 1591 1880 1881
f 1591 1881 1592
f 1592 1881 1882
f 1592 1882 1594
f 374 2000 364
f 453 2005 2002
f 453 2002 455
f 379 455 381
f 455 1919 456
f 1919 1986 456
f 452 562 2001
f 562 2003 2001
f 562 2004 2003
f 2001 2003 2005
f 2004 564 2003
f 2003 2002 2005
f 2002 1919 455
f 2002 592 1919
f 1919 1920 1986
f 1919 673 1922
f 2002 2003 2026
f 2002 2026 592
f 1413 737 2006
f 2006 737 714
f 1413 774 737
f 1930 1634 1633
f 1634 398 499
f 1639 1634 499
f 1650 2007 1652
f 2007 2140 1652
f 1650 1639 2007
f 1639 499 2007
f 2140 2007 498
f 498 2149 2140
f 1613 1614 2009
f 1613 2009 1611
f 2009 2008 1611
f 2009 985 984
f 2009 984 2008
f 2008 984 2010
f 1613 1615 1614
f 1615 2011 1614
f 1615 1616 2011
f 460 1644 2012
f 2012 1644 2013
f 1643 1645 1644
f 1644 1645 2013
f 2012 2013 586
f 586 2013 588
f 1677 1816 1814
f 1814 2014 1273
f 1814 1816 2014
f 2014 1682 2015
f 2014 1816 1682
f 2015 1683 484
f 2017 423 2016
f 2017 2016 2018
f 2017 2018 1420
f 2018 497 1420
f 422 2018 2016
f 2018 1401 497
f 344 434 1828
f 1169 1828 1825
f 434 502 1828
f 612 2182 502
f 502 2182 1828
f 2019 676 2020
f 676 2021 2020
f 2019 2020 594
f 2157 594 2020
f 2019 594 595
f 2204 1837 2119
f 2183 1837 2182
f 2182 1837 2190
f 676 2156 2021
f 2119 2170 2204
f 2204 2205 1837
f 1078 439 1080
f 496 1082 439
f 439 1082 1080
f 2027 1043 2022
f 1043 2023 2022
f 1043 1047 2023
f 2004 2025 564
f 564 2025 2026
f 564 2026 2003
f 2022 2024 607
f 2024 2022 2025
f 2025 2022 2026
f 2026 2022 2023
f 2026 2023 608
f 2023 609 608
f 2027 607 1052
f 2027 1052 1046
f 2027 2022 607
f 479 1044 1918
f 1918 1044 482
f 1044 2028 482
f 482 2028 611
f 1044 1962 2028
f 2028 1962 611
f 1822 1827 507
f 1826 1827 1822
f 619 507 614
f 1827 2029 614
f 507 1827 614
f 1827 1829 2123
f 2029 1827 2123
f 1990 1992 1994
f 1993 1990 1995
f 1996 1995 2030
f 1990 1994 1995
f 1994 2030 1995
f 2030 1994 1998
f 1227 1234 1232
f 1233 1234 1227
f 1233 1595 1234
f 1234 1595 1235
f 1595 1596 1235
f 1235 1596 2033
f 2031 2033 2032
f 1235 2033 2031
f 2085 2075 2034
f 545 1915 456
f 1915 545 1986
f 1986 545 546
f 546 2035 549
f 2035 574 573
f 573 574 593
f 1596 693 2075
f 2075 693 2076
f 2076 693 2037
f 1888 694 1596
f 1888 2036 694
f 2036 672 694
f 693 2039 2037
f 2037 2039 1853
f 1616 1617 1618
f 1617 580 1618
f 1802 1805 583
f 1805 731 583
f 583 731 602
f 1802 583 584
f 474 495 641
f 495 1422 641
f 641 1422 643
f 643 1422 2040
f 1422 1423 2040
f 643 2040 1084
f 2040 1085 1084
f 2041 2044 2042
f 2046 2044 2041
f 2043 2044 2045
f 2043 2042 2044
f 2042 2043 2047
f 2046 2042 2045
f 2044 2046 2045
f 2045 2042 2047
f 1876 1501 2048
f 2048 1501 2050
f 1501 1855 2050
f 2049 1854 639
f 1878 2048 2050
f 1878 2050 2057
f 2050 1855 2051
f 2050 2051 2058
f 2058 2051 2162
f 2051 2052 2162
f 2049 755 1855
f 2049 639 755
f 755 768 2053
f 2053 768 769
f 1844 1847 1850
f 1769 1987 1768
f 1987 1770 1768
f 1770 547 568
f 1770 568 2054
f 568 1771 2054
f 2054 1772 2055
f 1878 2056 1877
f 2056 1878 2057
f 2056 2057 1620
f 2057 695 1620
f 697 1620 695
f 673 740 1922
f 2057 2050 2058
f 2057 2058 2059
f 2057 2059 695
f 695 2059 1404
f 714 740 673
f 1855 755 2053
f 1855 2053 2051
f 2052 2051 723
f 2058 2052 2059
f 2052 723 2059
f 2059 2060 725
f 729 1050 2064
f 1415 2064 1427
f 1427 2064 1932
f 1932 759 2061
f 2061 759 705
f 705 759 734
f 2051 2053 723
f 2059 723 2060
f 729 756 1050
f 2060 723 1621
f 2059 2063 1404
f 1408 777 1410
f 1410 777 1413
f 1413 777 774
f 714 737 740
f 1404 2063 2062
f 2062 2063 776
f 1405 2062 2064
f 2062 776 2064
f 2064 759 1932
f 2064 1050 1053
f 2064 1053 759
f 705 734 2065
f 705 2065 1408
f 2065 777 1408
f 774 777 738
f 1996 2030 1997
f 1986 1997 547
f 1997 2066 547
f 1998 2067 2030
f 2067 1998 1986
f 2030 2067 2066
f 1998 1997 1987
f 1997 1986 1987
f 1986 546 1987
f 546 547 1987
f 2030 2066 1997
f 2066 2067 2068
f 2067 1986 547
f 2066 2068 547
f 547 2068 571
f 2068 2069 571
f 2069 1771 571
f 571 1771 1772
f 1772 570 571
f 546 2067 547
f 550 551 2069
f 551 1771 2069
f 2054 2070 1772
f 1772 2070 2055
f 2070 1772 1771
f 2070 1771 2055
f 572 554 2072
f 680 2072 2071
f 554 555 2073
f 554 2073 2072
f 2073 681 2157
f 2073 555 2074
f 2074 684 2073
f 2074 687 684
f 2074 686 687
f 2076 2077 2079
f 2075 2076 2079
f 2076 1750 2077
f 2032 2033 2084
f 2084 2075 2085
f 2084 2033 2075
f 2033 1596 2075
f 2086 2079 2080
f 2079 2086 2034
f 2075 2079 2034
f 2077 2080 2079
f 2078 2089 1748
f 2089 1749 1748
f 1749 2089 1753
f 1753 2080 2077
f 1753 2077 1750
f 829 2091 2078
f 1506 1236 2082
f 1506 2082 2092
f 1236 2081 2082
f 2082 2081 2083
f 2082 2083 2093
f 2083 1237 2138
f 2081 1237 2083
f 2093 2083 2088
f 2083 2138 2086
f 2083 2086 2088
f 2138 2085 2086
f 2084 2085 2138
f 2034 2086 2085
f 2088 2086 2089
f 2086 2080 2089
f 2087 2091 2090
f 2091 831 2090
f 2087 2088 2091
f 2088 2078 2091
f 2088 2089 2078
f 2089 2080 1753
f 2082 832 2092
f 2082 2093 832
f 2093 2088 2087
f 832 2093 1868
f 2093 2087 1868
f 2090 1868 2087
f 1797 1403 731
f 475 1400 1403
f 731 1403 1415
f 602 604 2095
f 2095 604 2094
f 2094 1089 2095
f 710 2095 736
f 2095 2096 736
f 2095 2150 2096
f 2150 760 2096
f 760 2097 2096
f 601 1086 604
f 604 1086 2094
f 760 1057 2097
f 2099 2103 2098
f 2098 2103 2100
f 2101 2110 2102
f 2101 2102 2167
f 2101 2103 2099
f 2101 2167 2103
f 2102 2104 2167
f 2099 2098 2105
f 2099 2105 2101
f 2098 2111 2105
f 2101 2105 2110
f 2112 2108 2106
f 2115 2106 2107
f 2108 2109 2106
f 2106 2109 2107
f 2108 2166 2109
f 2098 2100 2111
f 2105 2111 2110
f 2111 2104 2110
f 2112 2113 2114
f 2112 2114 2164
f 2114 2165 2164
f 2106 2115 2112
f 2116 2029 2122
f 2122 2117 2116
f 2119 2120 2181
f 2120 2121 2204
f 2182 2121 2120
f 2182 746 2121
f 2121 746 2132
f 746 2128 2132
f 746 748 2128
f 748 2116 2128
f 2131 2122 2118
f 2029 2123 2124
f 2029 2124 2122
f 2122 2124 2118
f 1829 1830 2123
f 2123 1830 2124
f 1830 1833 2124
f 2118 2124 1835
f 2118 1835 2125
f 1835 2126 2125
f 2128 2116 2129
f 2116 2117 2130
f 2116 2130 2129
f 2122 2127 2117
f 2130 2127 2133
f 2122 2131 2127
f 2127 2131 2133
f 2133 2131 2134
f 2118 2125 2131
f 2125 2134 2131
f 2134 2125 2126
f 529 533 2135
f 529 2135 662
f 2039 2136 1853
f 1852 1853 2136
f 2136 1851 1852
f 693 2038 2039
f 2137 695 726
f 726 2059 2137
f 722 2137 2039
f 2039 725 2136
f 2039 2137 725
f 2136 725 1848
f 1237 1234 2138
f 2138 1234 2031
f 2138 2031 2032
f 2138 2032 2084
f 1504 1862 1507
f 1862 1857 1507
f 2139 704 1892
f 1892 704 732
f 1653 2140 713
f 1426 713 2140
f 2040 728 2141
f 2154 1427 2142
f 2154 2142 2141
f 1932 1934 1427
f 1427 1934 2142
f 2141 2142 1087
f 1934 1428 2143
f 1934 2143 2142
f 1428 2144 2143
f 1425 2144 1428
f 2143 2144 2145
f 2146 2145 2144
f 2146 2144 2147
f 2146 2147 2097
f 2097 2147 2148
f 2140 2148 1426
f 2148 2140 2149
f 2040 2141 1085
f 2141 757 1085
f 757 2141 1087
f 2191 2143 1088
f 2143 2145 1088
f 1088 2145 1089
f 1089 2145 2146
f 2097 2150 1089
f 2150 2097 1057
f 2148 2096 2097
f 2151 2152 775
f 2152 728 775
f 2152 2141 728
f 2154 2141 2152
f 1425 2147 2144
f 1425 2153 2147
f 2147 1426 2148
f 772 678 1773
f 1773 674 772
f 678 772 2155
f 771 675 2156
f 771 2156 676
f 2156 773 2021
f 2156 679 773
f 680 2157 2020
f 680 2071 2157
f 2157 2071 2072
f 2072 2073 2157
f 2157 688 594
f 594 688 612
f 688 2158 612
f 612 2158 2182
f 1963 2159 679
f 678 2155 2159
f 2020 2021 2160
f 2160 2021 679
f 685 688 2157
f 688 685 2161
f 578 2161 692
f 578 688 2161
f 691 578 692
f 692 2161 1686
f 2052 2058 2162
f 2163 2153 1425
f 2112 2164 2108
f 2108 2164 2166
f 2102 2110 2104
f 2112 2115 2113
f 2109 2166 2114
f 2109 2114 2113
f 2114 2166 2165
f 2107 2109 2113
f 2113 2115 2107
f 2164 2165 2166
f 2167 2104 2111
f 2167 2100 2103
f 2111 2100 2167
f 2168 743 2120
f 743 2182 2120
f 743 2183 2182
f 2168 2192 2169
f 2192 1965 2193
f 743 1965 2183
f 2183 1965 2192
f 2168 2169 741
f 2169 2195 741
f 2119 2181 2170
f 751 2171 752
f 752 2171 2172
f 752 2172 2173
f 622 752 2173
f 741 2174 742
f 2175 2174 2177
f 2175 2177 2176
f 742 2176 744
f 2176 2177 2178
f 2178 2177 2179
f 744 2176 2178
f 2171 2178 2201
f 2179 2202 2178
f 2201 2172 2171
f 2172 1971 2180
f 2173 2172 2180
f 753 2173 2180
f 753 2180 754
f 2180 1974 754
f 2181 2120 2204
f 2119 2183 2120
f 2119 1837 2183
f 2192 2120 2183
f 2168 2120 2192
f 2117 2127 2130
f 2121 2132 2187
f 2121 2187 2185
f 2187 2132 2186
f 2128 2186 2132
f 2128 2129 2186
f 2129 2184 2186
f 2129 2130 2184
f 2184 2130 1834
f 1832 2184 1834
f 2130 1836 1834
f 2185 2189 2188
f 2185 2187 2189
f 2187 2190 2189
f 2130 2133 1836
f 2190 2187 2186
f 2190 2186 1831
f 2186 2184 1832
f 1831 2186 1832
f 2133 2134 1836
f 2134 2126 1836
f 1087 2142 1086
f 2142 2191 1086
f 2142 2143 2191
f 2191 2094 1086
f 2169 2192 2195
f 1965 1966 2193
f 1966 1967 2194
f 2196 2195 2192
f 2192 2197 2196
f 2192 2193 2197
f 2197 2193 2198
f 2193 1966 2198
f 1966 2194 2198
f 2198 2194 2203
f 2196 2197 2174
f 2174 2197 2198
f 1831 1832 1829
f 2194 2200 2203
f 2200 2194 2202
f 2194 1967 2202
f 1967 2199 2202
f 2172 2199 1971
f 1971 1974 2180
f 741 2195 2196
f 741 2196 2174
f 2177 2198 2203
f 2177 2203 2179
f 2179 2200 2202
f 2178 2202 2201
f 2172 2201 2202
f 2174 2198 2177
f 2179 2203 2200
f 2172 2202 2199
f 2181 2204 2170
f 2204 2121 2205
f 2205 2121 2185
f 2205 2185 2188

