# https://github.com/mikedh/trimesh
v -0.70015141 0.49774677 -0.15391004
v -0.69782969 0.50880845 -0.14454634
v -0.69870382 0.48198363 -0.14570062
v -0.69120357 0.46689491 -0.14522328
v -0.69504041 0.49655477 -0.17097015
v -0.69475898 0.51699273 -0.15762767
v -0.68799043 0.48634062 -0.12159596
v -0.68801829 0.52163645 -0.16958805
v -0.69051938 0.46814849 -0.13502684
v -0.69027787 0.48699210 -0.17079028
v -0.68625231 0.50348482 -0.17820508
v -0.67457019 0.45940125 -0.12671967
v -0.68856846 0.53164890 -0.14209600
v -0.67552848 0.50307821 -0.10999440
v -0.67058815 0.46713881 -0.11727973
v -0.65860689 0.53348574 -0.10121060
v -0.68889202 0.51445248 -0.12588159
v -0.66067055 0.53285436 -0.17724389
v -0.67030048 0.48442681 -0.17676458
v -0.68162822 0.53759118 -0.16177543
v -0.65794837 0.56743347 -0.15532191
v -0.66116790 0.44663568 -0.13329969
v -0.67488610 0.46872302 -0.16489791
v -0.67734371 0.54644520 -0.13747284
v -0.67098563 0.53845720 -0.11856836
v -0.66561774 0.45481408 -0.15322701
v -0.66805922 0.54288643 -0.17013816
v -0.65888160 0.49277662 -0.10134229
v -0.63770577 0.52922701 -0.08445557
v -0.64735167 0.54477436 -0.09479607
v -0.66262819 0.44763848 -0.14140610
v -0.63845166 0.44626281 -0.15693054
v -0.62495180 0.44341266 -0.11613824
v -0.64785966 0.50850727 -0.09215999
v -0.64492007 0.57280669 -0.11598850
v -0.64292136 0.58670473 -0.14923539
v -0.63200337 0.46948356 -0.10199380
v -0.64488200 0.57732732 -0.15938482
v -0.62197709 0.43014042 -0.13548914
v -0.63473198 0.56612376 -0.17050146
v -0.63882188 0.59211294 -0.13321179
v -0.62166226 0.61067937 -0.14557113
v -0.61674302 0.43039767 -0.14285684
v -0.66218942 0.50879396 -0.17971890
v -0.61738477 0.59256357 -0.09970727
v -0.59557258 0.45883050 -0.09272473
v -0.59810049 0.54335842 -0.06840094
v -0.61027687 0.59384333 -0.16360778
v -0.60605631 0.59477573 -0.09114573
v -0.62411577 0.59280928 -0.16066645
v -0.58892233 0.49481171 -0.07380896
v -0.61916536 0.51928493 -0.07672700
v -0.59760124 0.62112804 -0.15383082
v -0.59472143 0.63828657 -0.11504451
v -0.59720400 0.42104375 -0.12779132
v -0.58270835 0.45796785 -0.16896920
v -0.61484103 0.55275994 -0.07775930
v -0.61683464 0.44925031 -0.16630660
v -0.55804098 0.41088031 -0.14475786
v -0.61177537 0.55758934 -0.17183428
v -0.59060072 0.42757081 -0.15482696
v -0.59497487 0.59581420 -0.08574346
v -0.60007427 0.63995719 -0.13444729
v -0.57699749 0.52878060 -0.06168540
v -0.57915703 0.42247526 -0.11538582
v -0.57390713 0.44030571 -0.09692197
v -0.59230557 0.51437085 -0.17231486
v -0.58064226 0.61661544 -0.15706804
v -0.59058621 0.63638588 -0.10932145
v -0.57600144 0.63951493 -0.14749394
v -0.58720038 0.64937053 -0.13045840
v -0.57502815 0.41276187 -0.12633621
v -0.56489978 0.56105477 -0.06469366
v -0.57059903 0.32881747 -0.19423165
v -0.55761707 0.54316848 -0.05842465
v -0.56701132 0.65068274 -0.10905606
v -0.56708551 0.65360669 -0.13168773
v -0.57323316 0.65544602 -0.12011871
v -0.57047222 0.35239411 -0.18975339
v -0.56654142 0.32826354 -0.20309885
v -0.56977392 0.35585581 -0.18285378
v -0.56555895 0.36203644 -0.19222779
v -0.57266008 0.59510573 -0.07904387
v -0.56774246 0.62675167 -0.15211783
v -0.56136778 0.63934164 -0.14490016
v -0.55978059 0.65550693 -0.11924796
v -0.56498299 0.32296844 -0.17926260
v -0.55820698 0.30754001 -0.17911492
v -0.55582062 0.38090942 -0.16842057
v -0.55235713 0.34860389 -0.20665631
v -0.56219614 0.37457315 -0.18163955
v -0.55723693 0.41863014 -0.15537827
v -0.54996933 0.42491470 -0.10097066
v -0.54971402 0.58588869 -0.15459457
v -0.55413903 0.30390668 -0.19778568
v -0.55567540 0.32752614 -0.20829097
v -0.56418895 0.36800927 -0.17577090
v -0.56229663 0.46996542 -0.07342419
v -0.54665065 0.48296726 -0.16748427
v -0.56144013 0.63588029 -0.09628539
v -0.54960917 0.64715128 -0.10718959
v -0.54131305 0.30463576 -0.15578916
v -0.55234288 0.36708881 -0.19720097
v -0.54636568 0.39276455 -0.16005690
v -0.55150445 0.33517690 -0.15984209
v -0.54855345 0.29623043 -0.17083085
v -0.53553517 0.36691225 -0.14914865
v -0.56255210 0.42854853 -0.16126896
v -0.53794307 0.45054965 -0.07540581
v -0.56097039 0.54946780 -0.16509573
v -0.53889247 0.38660207 -0.18283861
v -0.55010445 0.38995908 -0.17028722
v -0.52967434 0.40422763 -0.16026024
v -0.53991249 0.64501882 -0.11716688
v -0.52794716 0.63806075 -0.10321997
v -0.54344978 0.30272035 -0.20624252
v -0.54220229 0.40847193 -0.12477624
v -0.52756501 0.46136459 -0.06339055
v -0.54007895 0.48284925 -0.05941799
v -0.54310444 0.50273163 -0.05595165
v -0.52365153 0.62922144 -0.09339956
v -0.55252094 0.64469309 -0.13483061
v -0.53620674 0.37593455 -0.19518331
v -0.53541712 0.28635383 -0.19758633
v -0.52242583 0.32388989 -0.20731295
v -0.52620316 0.40537350 -0.15046455
v -0.52663904 0.41024196 -0.14670151
v -0.54660530 0.41446012 -0.11207149
v -0.53083206 0.27768924 -0.15800943
v -0.53103631 0.27592651 -0.18278734
v -0.52323361 0.34985726 -0.20451451
v -0.51854247 0.41846472 -0.15243654
v -0.50608261 0.55561475 -0.05308334
v -0.53403122 0.60568484 -0.14273952
v -0.52306271 0.32422709 -0.13452735
v -0.50450194 0.26885900 -0.12380377
v -0.51048346 0.37221243 -0.19691487
v -0.52556530 0.52319252 -0.04925638
v -0.49590860 0.53363262 -0.15119579
v -0.51047565 0.62790347 -0.10219099
v -0.51557921 0.26062184 -0.14886292
v -0.52049598 0.31191362 -0.20579359
v -0.52286608 0.38828198 -0.14185960
v -0.51998632 0.41155106 -0.15289321
v -0.50707802 0.42715731 -0.08626354
v -0.52073348 0.28116779 -0.19969364
v -0.51218737 0.40519202 -0.14161993
v -0.50198443 0.41367335 -0.16724192
v -0.50068133 0.42424279 -0.15650888
v -0.49810685 0.56953404 -0.14001173
v -0.51538245 0.61254558 -0.12684853
v -0.51438268 0.62238903 -0.11783979
v -0.51504690 0.29138620 -0.12916916
v -0.50360336 0.24910070 -0.17321040
v -0.50984500 0.26234533 -0.18797265
v -0.48967082 0.30493271 -0.19790270
v -0.50141340 0.41090641 -0.12204399
v -0.51869285 0.59258922 -0.07095116
v -0.50489540 0.24726389 -0.16339500
v -0.49998848 0.25763971 -0.12411949
v -0.48122369 0.57587911 -0.12902880
v -0.50448499 0.60649351 -0.07768507
v -0.48349024 0.60748520 -0.10380046
v -0.47478017 0.21615750 -0.15030797
v -0.48681006 0.23473457 -0.16986681
v -0.49779497 0.37831697 -0.11784902
v -0.48107815 0.40535034 -0.11534623
v -0.49565494 0.40609082 -0.12535483
v -0.48210152 0.42282661 -0.16420323
v -0.51667893 0.49910053 -0.16215001
v -0.49977759 0.61861595 -0.08969313
v -0.46846920 0.26373304 -0.07988673
v -0.49317568 0.23442809 -0.13609322
v -0.47776630 0.39384729 -0.18392505
v -0.50269500 0.39357685 -0.18616224
v -0.47745769 0.41580299 -0.10420333
v -0.47512037 0.42138705 -0.08871823
v -0.46274830 0.43925949 -0.15289430
v -0.51134217 0.44692208 -0.15966231
v -0.48732143 0.47012860 -0.04436354
v -0.48499038 0.61228918 -0.09461203
v -0.49353984 0.32790017 -0.10497450
v -0.46642031 0.23409078 -0.08757232
v -0.48548895 0.26439039 -0.09979324
v -0.46587873 0.26644667 -0.18141652
v -0.47658596 0.28991054 -0.08590808
v -0.47530805 0.38187022 -0.09649298
v -0.47715355 0.44352701 -0.05774352
v -0.47481050 0.57731556 -0.05923128
v -0.47395511 0.60463992 -0.08389642
v -0.47440661 0.21477352 -0.12339751
v -0.47698004 -0.00522499 -0.04403929
v -0.47637918 -0.03383839 -0.05265412
v -0.46355774 0.20100116 -0.13042272
v -0.47314082 -0.03398796 -0.02650662
v -0.46937241 0.02133107 -0.06653031
v -0.47219492 0.22050790 -0.16176151
v -0.48971226 0.24463301 -0.17887778
v -0.46779045 0.29530354 -0.18851848
v -0.48449666 0.33777781 -0.19695346
v -0.48902541 0.36083393 -0.19540975
v -0.44394460 0.47336782 -0.15063724
v -0.47327433 0.50275471 -0.03625644
v -0.47627070 -0.01170708 -0.06956797
v -0.47254628 0.58456719 0.14487604
v -0.46616277 -0.03261029 -0.08852867
v -0.46750156 0.61204149 0.17642521
v -0.47254398 -0.01125791 -0.02472307
v -0.47077693 0.56071297 0.16073787
v -0.47571360 0.40968722 -0.11131300
v -0.49269169 0.25899816 -0.18642339
v -0.48583933 0.43238271 -0.15527488
v -0.45049478 0.49965015 -0.14901999
v -0.45485437 0.55397970 -0.13301536
v -0.47991455 0.59108901 -0.11765928
v -0.47028465 0.61260918 0.12626090
v -0.46458781 -0.03273699 -0.00481995
v -0.46788078 0.22070724 -0.10049498
v -0.46903326 0.55151034 0.12545674
v -0.46347552 0.54877661 0.18483256
v -0.46643609 -0.00944184 -0.09330346
v -0.46413007 0.57530879 0.08051714
v -0.46954326 0.58471495 0.10653453
v -0.46781520 0.57317042 0.18965023
v -0.46319129 0.52824022 0.11910082
v -0.46752302 -0.06128231 -0.05759657
v -0.46320902 0.63485942 0.16938564
v -0.47228443 0.35613088 -0.08771494
v -0.46699299 0.59223533 -0.07111047
v -0.46588949 0.01555169 -0.02767313
v -0.44911297 0.38082090 -0.17840159
v -0.46392538 0.42876717 -0.07200436
v -0.47273955 0.46804838 -0.04216628
v -0.46815389 0.52200778 -0.03662121
v -0.45345246 0.53523061 -0.13824688
v -0.45376040 0.59062649 -0.09576187
v -0.46344980 -0.00154705 -0.01008015
v -0.46130872 0.53841233 0.08871516
v -0.46436512 0.39930132 -0.08516309
v -0.46503798 0.53281632 0.15190504
v -0.46238004 0.63959523 0.09823241
v -0.46296947 0.58861283 0.20261652
v -0.45525906 0.57025430 0.21274505
v -0.46704064 0.41691198 -0.08897106
v -0.46014752 -0.06182494 -0.07779701
v -0.46248357 0.61304807 0.07791173
v -0.45162704 0.03820473 -0.02947555
v -0.45303379 0.59242069 -0.08545287
v -0.45961690 0.22363683 -0.16431568
v -0.45326590 0.38696852 -0.06990481
v -0.45629442 0.42838693 -0.06439671
v -0.45994250 0.44215322 -0.05662160
v -0.45410150 0.45507317 -0.04743401
v -0.44564977 0.48459142 -0.15089961
v -0.44600054 0.50277677 -0.03317840
v -0.45378099 0.57343593 -0.11624582
v -0.46556904 -0.06764218 -0.02497200
v -0.45359232 0.44181944 -0.04892582
v -0.45504064 0.50823230 0.12770102
v -0.45760136 0.66341339 0.09164498
v -0.44559611 0.27803538 -0.05725018
v -0.45053907 0.00533124 0.00302236
v -0.45982327 0.02865136 -0.08583971
v -0.45203956 0.51203523 0.07872535
v -0.46347920 0.01514090 -0.09232833
v -0.45270499 0.42756675 -0.05280388
v -0.45349713 0.01746780 -0.00909299
v -0.46365550 0.03287803 -0.05257539
v -0.45450994 0.19621595 -0.13767172
v -0.45160149 0.20086257 -0.09809742
v -0.45164014 0.22024028 -0.08045292
v -0.46010051 0.31303388 -0.07076891
v -0.46423077 0.42106840 -0.16894023
v -0.45824414 0.52317827 0.16329543
v -0.44945790 0.53972672 0.19834152
v -0.44880118 0.56278700 -0.04849881
v -0.46408083 0.64309437 0.14942498
v -0.45341281 0.63523783 0.20119410
v -0.44236749 0.55050956 0.01414502
v -0.44598124 -0.09375967 0.00636630
v -0.45174448 -0.01570044 -0.11041117
v -0.45079827 0.57936538 0.03425916
v -0.45349459 0.44437233 -0.01441148
v -0.45011050 -0.03133499 0.01453409
v -0.44415790 0.68028039 0.15015390
v -0.45168459 0.42548781 -0.01530462
v -0.45009078 0.43417840 0.00559016
v -0.44589147 0.40872169 -0.05556351
v -0.45092644 0.61491064 0.03490374
v -0.44589048 0.45795949 -0.03782729
v -0.45747036 -0.04826995 0.00601430
v -0.45534305 -0.04541170 -0.09770144
v -0.44119330 -0.04059195 -0.11238063
v -0.44955118 0.18967344 -0.12146043
v -0.44634657 0.25812632 -0.06072360
v -0.44274979 0.26716560 -0.17152938
v -0.45585516 0.32086017 -0.18511987
v -0.44709584 0.46239912 -0.01266652
v -0.44446364 0.47012719 -0.03988176
v -0.44263389 0.48943520 0.12879824
v -0.44768422 0.52551488 -0.13838717
v -0.44788727 0.54681396 -0.03963588
v -0.44783380 0.55580478 -0.13597330
v -0.44824308 0.58293812 -0.06675599
v -0.44779005 0.57728641 -0.11557790
v -0.44794883 0.59371084 -0.09288939
v -0.45318622 0.61352013 0.21382818
v -0.44811235 0.68674545 0.05077536
v -0.45308567 0.66833475 0.12846628
v -0.44600948 0.46232651 0.00798401
v -0.44516912 -0.10930765 -0.01351810
v -0.44415731 0.52654108 0.03194552
v -0.44309353 0.52756275 -0.14209559
v -0.44687605 0.59307183 0.22518715
v -0.45102143 0.65405131 0.18430749
v -0.45794990 -0.06399061 0.00128815
v -0.44532285 0.55549759 -0.14226239
v -0.43646296 0.63754494 0.22406815
v -0.44361511 0.49316632 0.08204895
v -0.44634555 0.59654776 -0.14610823
v -0.44442743 0.71506767 0.07430829
v -0.44347791 0.40881540 0.01354626
v -0.44481825 0.65307789 -0.10327208
v -0.44599501 0.61922483 -0.09677115
v -0.44542838 0.59771782 -0.09658737
v -0.44408110 0.19075105 -0.10548869
v -0.44860455 0.19906094 -0.14497227
v -0.44683102 0.23270905 -0.07002589
v -0.44638987 0.41522827 -0.17026022
v -0.44108613 0.52102788 -0.03084748
v -0.44207856 0.54652078 -0.03598183
v -0.44163629 0.59213487 -0.06778044
v -0.44439168 0.56464989 -0.16493866
v -0.43998977 0.69365158 -0.12014212
v -0.44214284 0.50809753 -0.15310526
v -0.44307927 0.43367303 0.02406365
v -0.44393012 0.66674502 0.02285266
v -0.44113124 -0.09880871 -0.07384949
v -0.43984643 0.57532920 -0.04965894
v -0.45051118 -0.10132134 -0.03839177
v -0.43961014 0.39825835 0.00410950
v -0.43519946 0.47925152 -0.02792146
v -0.44042751 0.57471870 0.22802361
v -0.44346650 0.66024905 -0.13848880
v -0.43692039 0.51401916 -0.18428335
v -0.44912007 0.00109110 -0.11327080
v -0.43264824 -0.02583417 0.02649947
v -0.44583795 -0.10551965 -0.05376092
v -0.43376733 0.38723617 -0.05018289
v -0.43383417 0.68966286 -0.16573151
v -0.44061706 0.49817908 0.05016498
v -0.43495970 0.64518061 -0.00916837
v -0.43926799 0.73339840 0.08959393
v -0.43798541 0.53690104 -0.01813640
v -0.44099679 0.67120122 -0.08013235
v -0.44073194 0.63951288 -0.16910862
v -0.43751039 0.51898560 -0.00878941
v -0.43864952 0.50874880 0.00926089
v -0.43940611 -0.06726611 0.02577586
v -0.44043923 0.02183484 -0.11534899
v -0.43811223 0.03101150 -0.00558976
v -0.44169642 0.05710076 -0.06183632
v -0.43330429 0.19565946 -0.13996475
v -0.43954026 0.20366763 -0.08727234
v -0.43597333 0.21555699 -0.15351086
v -0.43425982 0.31200489 -0.05006021
v -0.42840157 0.37748834 -0.04799975
v -0.43847279 0.36857166 -0.17468919
v -0.43427368 0.39856510 0.03761948
v -0.43581942 0.44940967 -0.14671780
v -0.44276496 0.49906150 0.15135910
v -0.43050405 0.61003096 0.23869479
v -0.43376015 0.59065864 -0.20556676
v -0.43666457 0.48516028 0.00572312
v -0.43838045 0.56127950 -0.03331897
v -0.43651116 0.68731772 0.16404518
v -0.43602023 0.61214945 -0.03832877
v -0.43641362 0.59427417 -0.00771860
v -0.43799707 0.48233622 -0.15777051
v -0.43255152 0.71591943 0.14441452
v -0.43485729 0.47517104 0.02735254
v -0.43434162 0.71674808 -0.09620476
v -0.43022573 0.71810600 -0.06728485
v -0.43595287 0.55235674 -0.19820457
v -0.44235696 0.04102629 -0.09990166
v -0.43439033 0.48189314 0.04389159
v -0.43571434 0.71805488 0.02257521
v -0.43220786 0.20769275 -0.08466823
v -0.43255005 0.45494770 0.03776142
v -0.43292837 0.00023333 0.01729203
v -0.41795381 0.02725230 0.00754161
v -0.44043490 0.05023638 -0.03215761
v -0.44971999 0.04666933 -0.07964380
v -0.43680620 0.18411468 -0.12388482
v -0.43436643 0.18896180 -0.10431062
v -0.43402168 0.25557914 -0.06077848
v -0.42929534 0.28941880 -0.05040601
v -0.43721356 0.31412942 -0.17405931
v -0.43667221 0.39822489 -0.04433242
v -0.42986148 0.43448427 -0.15900577
v -0.43043014 0.47959274 -0.18547331
v -0.44674382 0.51572875 0.17255591
v -0.42985065 0.44952036 -0.15230401
v -0.42955618 0.41748505 0.04858435
v -0.42832479 0.65672208 -0.20223277
v -0.42692393 0.61886068 -0.21739256
v -0.42405747 0.77648412 0.06683876
v -0.43447177 0.74011112 0.04576804
v -0.43229744 0.66774488 -0.03437632
v -0.42888171 0.45911204 0.04696934
v -0.42441994 0.27189520 -0.05759857
v -0.43100163 0.68455856 -0.01231673
v -0.42500600 0.38202644 -0.03880355
v -0.42374598 0.43909361 -0.16516762
v -0.43334249 -0.09327368 0.02688673
v -0.43923431 -0.07010770 -0.10044355
v -0.43077246 -0.01522873 -0.12333389
v -0.42340081 0.04513836 -0.00959204
v -0.42580882 0.18995104 -0.12824588
v -0.42391378 0.19421059 -0.10440797
v -0.42584586 0.20262425 -0.14119152
v -0.42555199 0.23805883 -0.07467468
v -0.42810275 0.37652433 0.04160803
v -0.42726263 0.53784604 -0.21915754
v -0.42954069 0.69273978 -0.03673365
v -0.42613575 0.68871073 0.18532585
v -0.42168511 0.38156476 0.06629995
v -0.42446074 0.77285550 0.09591013
v -0.43244957 0.47724126 0.13229534
v -0.41804974 0.73980106 -0.02083388
v -0.41813880 -0.07167300 -0.11110996
v -0.42244227 0.75111441 -0.07681277
v -0.41205479 -0.08962985 0.04807305
v -0.42797301 -0.13810224 -0.02206582
v -0.41993260 0.77921425 0.03832112
v -0.42885231 0.47190049 0.06341866
v -0.42847878 0.73696081 -0.12293282
v -0.43172449 0.73776493 0.12448160
v -0.41301049 -0.12289051 0.03973571
v -0.42220079 -0.11687858 -0.08024473
v -0.42250446 -0.04629146 -0.11956113
v -0.42079929 0.00390316 -0.12824963
v -0.41668255 0.07039846 -0.08409428
v -0.41729914 0.30525137 -0.04649679
v -0.42518571 0.41496089 -0.16319484
v -0.41831001 0.41715392 -0.16242680
v -0.43193699 0.53339666 0.20806484
v -0.41738179 0.75262145 -0.15384366
v -0.42307740 0.72846933 -0.16652268
v -0.41846401 0.77154673 0.01502034
v -0.41824330 0.68904879 -0.21207105
v -0.42008774 -0.13923848 0.01436840
v -0.42450998 0.46463824 0.08744343
v -0.41866594 0.59219646 0.24769465
v -0.41111523 0.36056355 0.00818631
v -0.41834637 0.74061589 -0.03670879
v -0.42363947 0.18995696 -0.11623328
v -0.41204409 0.43653552 0.11132335
v -0.41555305 0.77019617 -0.12177819
v -0.42022061 0.21051826 -0.09356494
v -0.41011655 0.68562479 0.21481801
v -0.43935690 0.65708305 0.20621036
v -0.41503463 -0.13688407 0.02720196
v -0.41303290 0.35728308 0.07206253
v -0.41261261 0.21096215 -0.12627143
v -0.40576239 -0.11097921 -0.09721990
v -0.42769948 -0.05532916 0.03518673
v -0.40619036 0.07652411 -0.04893454
v -0.42762534 0.28471782 -0.16452886
v -0.41336614 0.36460057 -0.03968613
v -0.42407854 0.45969415 0.11988476
v -0.41920707 0.46190924 0.13131913
v -0.41414687 0.47940129 0.15553535
v -0.43833688 0.55984187 0.22277769
v -0.41503382 -0.23129263 -0.10375485
v -0.41842173 0.77494947 0.12274317
v -0.41111069 0.52166019 -0.24821325
v -0.41728336 -0.21133604 -0.12079384
v -0.42065298 0.35262462 -0.16475163
v -0.41107960 0.41537914 -0.16711007
v -0.41995035 -0.14627415 0.00014909
v -0.41193956 0.43548931 0.08527416
v -0.40890269 -0.19866207 -0.12734709
v -0.41327650 0.61177288 -0.24791500
v -0.41969206 0.48602286 -0.21799872
v -0.41334366 0.37010248 -0.03407384
v -0.40801002 0.77588770 -0.14912767
v -0.41588325 0.56601980 -0.24622225
v -0.41135979 -0.25437803 -0.07444962
v -0.41443884 -0.22699457 -0.12459091
v -0.41340260 -0.21275898 -0.13301175
v -0.40772275 -0.21306572 -0.09790176
v -0.41037774 -0.20089024 -0.11762871
v -0.39667446 -0.18020127 -0.02656731
v -0.41492153 -0.01360351 0.02840887
v -0.40029748 0.07227928 -0.03238441
v -0.40398718 0.08075717 -0.06378639
v -0.41166487 0.21339066 -0.10889747
v -0.42214664 0.23878857 -0.15099011
v -0.41991535 0.33675307 -0.04208715
v -0.41802404 0.36081677 0.04905646
v -0.40696163 0.39808033 -0.15949717
v -0.40295941 0.57688677 0.25407656
v -0.40878877 -0.22016961 -0.08990086
v -0.40778684 -0.26061405 -0.08485625
v -0.41578186 0.75086847 0.15792277
v -0.40936775 -0.25212979 -0.05075240
v -0.40837237 0.26261782 -0.08386387
v -0.41273181 0.64762240 -0.24121399
v -0.42145211 -0.13626789 -0.05689048
v -0.40329226 0.40787337 0.10338117
v -0.41862679 0.06028343 -0.10118039
v -0.41463567 0.36928704 0.07685511
v -0.40961931 0.25888226 -0.14057602
v -0.42488040 0.04072917 -0.11495478
v -0.40650567 0.42508723 -0.19526450
v -0.40723893 0.40429659 0.09058201
v -0.40343535 -0.22341759 -0.02149702
v -0.39702310 0.78221882 0.17319028
v -0.40827089 -0.24506627 -0.02065374
v -0.40675124 -0.22608462 -0.06253887
v -0.40475034 -0.20889249 -0.13847303
v -0.39889551 -0.20210066 -0.09992298
v -0.40287176 -0.03683238 -0.12424786
v -0.40611206 -0.01082123 -0.13032147
v -0.38778334 0.06746169 -0.01594116
v -0.41168069 0.31918405 -0.15469821
v -0.40260573 0.38110171 -0.15665296
v -0.40410442 0.31027155 -0.04939717
v -0.40173219 0.79014549 0.15065066
v -0.40630109 0.77223590 -0.03549633
v -0.41814476 0.71513777 0.17842482
v -0.40465594 0.69617462 -0.23620147
v -0.39468121 -0.17557934 -0.04286777
v -0.39959414 0.37621388 0.10381390
v -0.40359082 0.79622904 -0.11213167
v -0.41147002 0.27611804 -0.06735860
v -0.39868920 -0.26982676 -0.01958211
v -0.40174367 0.82028364 0.06589483
v -0.39189477 0.79483961 -0.16782885
v -0.40463296 -0.25399056 -0.01489017
v -0.39959837 -0.13758884 -0.08200780
v -0.40156040 -0.21010985 -0.07339054
v -0.40514742 -0.21888162 -0.03605115
v -0.40875314 0.44832332 -0.21378895
v -0.40468971 -0.27071976 -0.03773896
v -0.40238531 -0.25735167 -0.10617596
v -0.40812414 -0.11166288 0.04872740
v -0.40227999 0.02664109 0.00951889
v -0.39845809 0.34713816 -0.03832793
v -0.39339844 0.39814231 -0.19113213
v -0.40736864 0.43569616 0.12539883
v -0.39984401 0.48104718 0.17209801
v -0.39796516 0.53115122 0.22428500
v -0.40464842 0.56117154 0.24424508
v -0.40329430 0.66258893 0.24206850
v -0.40707837 0.77466633 -0.01840272
v -0.39473958 0.82521255 0.02384743
v -0.39211463 0.64483230 -0.27708900
v -0.41086906 0.78155669 -0.08374444
v -0.39957918 -0.27556840 -0.05463495
v -0.39238732 0.29677937 -0.08601357
v -0.39937637 0.26943858 -0.09861535
v -0.40369040 -0.24463642 -0.12526237
v -0.40012001 0.33947678 0.07805953
v -0.39344899 0.81646035 0.13425469
v -0.38957862 0.45934547 -0.25689100
v -0.39417600 0.79877803 -0.03716699
v -0.39828168 -0.27152302 -0.07768933
v -0.38776458 -0.26443790 -0.10960628
v -0.40091643 -0.23746777 -0.00632292
v -0.39142273 -0.18921768 -0.04682348
v -0.37966875 -0.12653672 0.06994601
v -0.39392248 -0.08845627 -0.10953577
v -0.39325963 -0.04251685 0.04109388
v -0.37294317 0.01529405 -0.13821610
v -0.39672026 0.28060269 -0.12358882
v -0.39535004 0.31898446 -0.13653678
v -0.38673784 0.33777163 -0.04775396
v -0.38609659 0.34748526 -0.13864303
v -0.39076031 0.34715346 -0.03597539
v -0.39454367 0.35505704 -0.02714814
v -0.39605995 0.40983329 0.12810375
v -0.39890659 0.46469450 0.15423604
v -0.39897851 0.50062820 0.19420730
v -0.39898423 0.59925025 0.26109722
v -0.40005058 0.74064625 -0.21444381
v -0.39776754 0.64254884 0.25649695
v -0.40302964 0.48359220 -0.24810732
v -0.39373328 -0.18561093 -0.00516428
v -0.39419520 -0.20007524 -0.08594343
v -0.38381186 0.82762146 -0.11218581
v -0.39333483 -0.19426635 -0.03400662
v -0.39960910 -0.23167080 -0.13864194
v -0.39715778 0.58700684 -0.27743046
v -0.38961543 0.81271221 -0.13681187
v -0.38579852 0.32912726 -0.05831739
v -0.39641008 0.74717560 0.20332453
v -0.38598897 0.31982355 -0.12081467
v -0.38684386 -0.19261558 -0.10523843
v -0.40348559 -0.06344850 0.04805282
v -0.39395301 0.36112375 -0.14904042
v -0.38250626 0.49410149 0.20441340
v -0.39493382 0.55397261 -0.27966882
v -0.39008432 0.70882555 0.23311575
v -0.39578113 0.82471380 0.10705223
v -0.38542082 0.84481837 0.07772467
v -0.38282698 -0.16393781 0.05244967
v -0.38245545 0.47911933 -0.27769505
v -0.39350246 -0.20832997 -0.01580380
v -0.39302149 0.28551413 -0.10671453
v -0.38949532 -0.19698971 -0.01421785
v -0.38802903 0.06708494 -0.11861493
v -0.39406594 0.33495273 0.09530406
v -0.38702331 0.72742658 -0.24833906
v -0.38623758 -0.26090477 0.00335974
v -0.39344411 0.77416015 -0.19397143
v -0.39020761 0.80958291 -0.02567612
v -0.39455984 0.38453013 -0.16097932
v -0.39271918 0.51804770 -0.27694101
v -0.39084976 0.34763510 0.11221265
v -0.38182057 -0.17789917 -0.06230410
v -0.37803406 -0.15654117 0.06330787
v -0.38549137 -0.24424529 0.00795443
v -0.38204588 -0.18975904 0.02606960
v -0.38549836 -0.27240661 0.01793364
v -0.38456699 -0.18332401 -0.06115811
v -0.39102923 -0.28130022 -0.02719888
v -0.37948495 -0.23301834 -0.14560453
v -0.39052499 -0.01043192 0.02385493
v -0.39089533 0.01546551 0.01239440
v -0.38436971 0.04267044 0.00574513
v -0.39838545 0.03841253 -0.12930843
v -0.39857727 0.05330089 -0.00678864
v -0.37225087 0.08928787 -0.10728274
v -0.38056291 0.09174295 -0.04439318
v -0.38245434 0.33836761 -0.03868651
v -0.38911654 0.37118088 -0.15353985
v -0.39073844 0.41927116 -0.22315485
v -0.37880013 0.53003615 0.24106827
v -0.37651853 0.56889524 0.27334249
v -0.38751998 0.69336905 -0.26643919
v -0.38721921 0.82215904 -0.08052745
v -0.38485527 -0.17214080 -0.06090448
v -0.39217336 0.62288060 0.26531568
v -0.38024816 0.32034982 -0.10450810
v -0.39270235 0.67121326 0.25091723
v -0.37329850 0.63851522 0.28551541
v -0.38177014 -0.22646009 0.00842484
v -0.38663769 0.40746322 0.14325761
v -0.37264794 0.38539717 -0.21846498
v -0.38274305 -0.27540243 -0.00304026
v -0.38223831 -0.20715209 0.00201346
v -0.38349684 -0.29827881 0.01085591
v -0.37772301 -0.31202773 0.02168140
v -0.37711661 0.59161598 0.27992522
v -0.38637878 0.32303231 0.09406254
v -0.37140615 0.29883408 0.09635800
v -0.36796054 0.36277447 -0.18914198
v -0.37452034 0.78879162 0.21300656
v -0.36273979 -0.29205179 -0.02375741
v -0.38503794 -0.28421902 -0.04279707
v -0.37857146 -0.28357348 -0.01179118
v -0.36372097 -0.19861807 -0.13064113
v -0.37527100 -0.18802906 -0.11111715
v -0.37111931 -0.17850774 -0.08353333
v -0.38151853 0.03231209 -0.13646006
v -0.38033733 0.32113788 -0.08321335
v -0.37719217 0.32725106 -0.07135503
v -0.38018011 0.33484745 -0.12373807
v -0.38497918 0.35028862 0.12954732
v -0.37454817 0.35518756 -0.14942429
v -0.37463652 0.44344977 0.16839989
v -0.38123263 0.45767904 0.16821504
v -0.37220234 0.82509874 -0.16734553
v -0.37437113 0.78887172 -0.21526360
v -0.38082088 -0.28381131 0.02917797
v -0.37764747 -0.31511334 0.01061849
v -0.37273731 0.83670568 -0.04211537
v -0.37398827 0.65224032 -0.30098788
v -0.38121047 -0.25382399 0.02917775
v -0.37117054 -0.17111975 -0.07740909
v -0.38522198 0.33097502 0.12321688
v -0.37590333 0.40872047 0.16473163
v -0.37377551 0.84187266 -0.08908756
v -0.38902061 0.33872114 0.01626000
v -0.37395806 -0.28931535 -0.01210340
v -0.35989163 -0.28667199 -0.04871569
v -0.38410727 -0.24661217 -0.13795200
v -0.36489766 -0.24597912 -0.14046309
v -0.37727199 -0.22019095 -0.14503670
v -0.40235284 -0.19898170 -0.13075923
v -0.38324109 -0.06391374 -0.11475683
v -0.38666866 -0.01374582 -0.13067251
v -0.36932900 0.09971124 -0.09207664
v -0.38209074 0.09602103 -0.06703372
v -0.37528153 0.32961037 -0.05593323
v -0.37385962 0.32788412 -0.10478056
v -0.37917797 0.35024737 -0.13860303
v -0.37004943 0.81934469 0.18771159
v -0.37056392 0.30622293 0.04049340
v -0.37333153 0.11841921 -0.03372838
v -0.37756312 -0.00583446 0.01462334
v -0.37230043 0.30289891 0.13640378
v -0.37324453 0.12411593 -0.04013630
v -0.37263952 0.11155115 -0.01966615
v -0.36882406 -0.21973779 0.03828095
v -0.36925414 0.84391435 0.15008049
v -0.37079423 0.12454088 -0.07895668
v -0.36505062 -0.19520563 0.05308727
v -0.36805218 -0.00523865 0.00740199
v -0.36820559 0.81387096 -0.19520677
v -0.37002267 0.33812724 0.19332474
v -0.37255169 0.76788190 -0.24022003
v -0.37570861 -0.31045630 -0.00054034
v -0.37028132 0.44820106 -0.27855704
v -0.36882430 0.11840207 -0.09224225
v -0.37037162 0.58117538 -0.31374140
v -0.37087255 0.45235391 0.17965660
v -0.37261328 0.85373574 0.01217361
v -0.36732979 -0.32296944 0.01055673
v -0.37215373 -0.30545291 0.03135163
v -0.36898059 -0.27896030 0.04166417
v -0.35921488 -0.27854087 -0.08690541
v -0.37772405 -0.25882701 -0.12757625
v -0.38395516 -0.10346842 0.06665914
v -0.37391963 -0.09385558 -0.10760708
v -0.35849698 0.03464498 0.01107757
v -0.35703187 0.05561195 -0.14202483
v -0.36967140 0.10453422 -0.01890422
v -0.36841939 0.11306443 -0.03506481
v -0.36992181 0.12078074 -0.02203358
v -0.36821218 0.31751112 -0.03165405
v -0.37130411 0.41580206 -0.25396841
v -0.37670708 0.61230500 -0.30404584
v -0.37531971 0.85878163 0.05683599
v -0.36761921 -0.15780678 -0.08668176
v -0.37572140 0.48230209 0.20322884
v -0.36739993 0.09787965 -0.00792932
v -0.36784546 0.84439594 -0.02979562
v -0.35994076 -0.04565492 -0.10424188
v -0.36764052 0.69829866 0.27667319
v -0.36477106 0.09872938 -0.12711145
v -0.35546498 0.67564006 0.30098702
v -0.37017567 0.30751113 0.16915679
v -0.37035449 0.51327530 -0.30583888
v -0.37217365 0.85854318 0.10172132
v -0.37122960 0.37965359 0.17588435
v -0.36410511 0.10684173 -0.09505487
v -0.37205144 -0.20555772 0.03359079
v -0.36911102 0.13107072 -0.04607275
v -0.36578569 -0.31975788 0.02462047
v -0.35550647 -0.30108544 -0.01676806
v -0.35959759 -0.28755027 0.04120858
v -0.36768368 -0.27540623 -0.09786267
v -0.36154554 -0.26153306 0.06266544
v -0.35475189 -0.26081706 -0.12419789
v -0.35843242 -0.22601638 -0.14310640
v -0.35402730 -0.18514712 -0.11327887
v -0.36019276 -0.12481034 0.08560767
v -0.36624915 -0.05071963 0.04201132
v -0.38007032 -0.03674344 -0.11961508
v -0.35410880 -0.01630456 -0.12774807
v -0.37135099 0.01407205 0.00930206
v -0.36466876 0.05996442 0.00344780
v -0.36268583 0.08067292 -0.12648407
v -0.35393951 0.10282093 -0.03425378
v -0.36037503 0.10842154 -0.06756936
v -0.36837820 0.10647278 -0.00492833
v -0.36800346 0.11907960 -0.05922238
v -0.36363319 0.11066754 -0.12047220
v -0.36149070 0.13038462 -0.09079908
v -0.36817577 0.13171165 -0.07005045
v -0.35995268 0.28522248 0.14662313
v -0.36574833 0.32415219 -0.07377466
v -0.36717918 0.33145478 -0.11075971
v -0.36782218 0.32123537 0.19794582
v -0.36164809 0.33597621 -0.13145641
v -0.36024420 0.45212010 0.20519487
v -0.35486486 0.50235880 0.25127047
v -0.35451941 0.63354773 -0.32845271
v -0.37107601 0.77010476 0.23250661
v -0.35569249 0.86841225 0.13369585
v -0.36421130 -0.27253063 0.05338217
v -0.36316958 0.09373100 -0.11698405
v -0.36956130 0.74476843 0.25020771
v -0.36041561 0.11377555 -0.06861133
v -0.36249425 -0.28384433 0.06525136
v -0.37103242 0.83829406 -0.13820255
v -0.35920599 -0.17276990 -0.09099374
v -0.35802590 -0.03197729 0.01780399
v -0.35975421 -0.30865924 0.06710480
v -0.35919485 0.08581388 -0.14448297
v -0.35209779 -0.01538545 -0.00352331
v -0.36212387 0.08997261 0.00513885
v -0.35808700 0.08157271 -0.13226545
v -0.35714833 -0.28757121 0.05188007
v -0.35967157 -0.29507118 0.07786533
v -0.34782519 0.86989518 -0.02815581
v -0.36163857 -0.31896868 -0.00126535
v -0.35894015 -0.21228729 -0.13874865
v -0.35984028 -0.14489440 -0.09533953
v -0.36889403 -0.09361747 0.07104098
v -0.37589078 -0.03681926 0.03472383
v -0.36629785 -0.02540258 -0.12179325
v -0.36159963 -0.00157415 -0.13597402
v -0.35639315 0.08221181 -0.01053433
v -0.35842417 0.09617542 -0.01613828
v -0.35858472 0.09487300 -0.02545558
v -0.34916839 0.10806667 -0.04290050
v -0.35592901 0.10817696 -0.03260582
v -0.36269056 0.10125336 0.00550230
v -0.34974528 0.14445690 -0.04231538
v -0.34983901 0.62322063 0.31326917
v -0.36634292 0.86565011 0.02622731
v -0.35766375 0.33812944 0.23357314
v -0.35711249 0.31296349 0.22678191
v -0.34688767 0.79655912 -0.25181595
v -0.37396603 0.55363227 0.26606134
v -0.35125387 -0.30990130 0.05528243
v -0.35388228 0.08595881 0.02107342
v -0.35786924 0.08494658 0.01293982
v -0.35042625 0.07701453 0.02121612
v -0.35046242 0.06300330 -0.14475786
v -0.34926315 0.82466251 -0.21567867
v -0.35420408 0.07382672 -0.15230027
v -0.34274223 -0.31219137 0.02495377
v -0.35233795 -0.30864638 0.08228803
v -0.36280349 -0.31541292 0.03019516
v -0.34869355 -0.29288609 0.04544832
v -0.35018109 -0.28865281 0.08599731
v -0.34999856 -0.23656181 0.07286303
v -0.35291319 -0.14409282 0.09122473
v -0.36697722 -0.07090337 0.05835249
v -0.34483711 -0.06775517 0.05450355
v -0.34511176 -0.04851923 0.02614620
v -0.35714461 -0.03661567 -0.10696292
v -0.35446862 -0.00408658 -0.00017545
v -0.34803019 0.07471223 -0.00011802
v -0.35061150 0.08311535 -0.15560896
v -0.34754475 0.11410670 -0.05804773
v -0.34679605 0.11519202 -0.04779339
v -0.34298815 0.12764556 -0.11552678
v -0.35175398 0.12419102 -0.00636295
v -0.34673098 0.26708425 0.11600188
v -0.35392363 0.57249105 0.29970844
v -0.35927152 0.73469128 -0.28419468
v -0.34630142 0.79280945 0.25171089
v -0.35037185 0.84539789 -0.17995640
v -0.35166966 0.77339855 -0.26611707
v -0.34319798 0.86292380 -0.15887247
v -0.34800299 0.73453804 0.28662139
v -0.35455466 0.44416302 0.21192646
v -0.35963791 0.41399258 0.20333520
v -0.36805606 0.69379310 -0.29429818
v -0.35170194 0.08551439 -0.00186585
v -0.34409122 0.59157755 -0.34356377
v -0.36479444 0.55384722 -0.31951414
v -0.34781414 0.45133924 -0.30861083
v -0.35935799 0.28533469 0.07311600
v -0.34544107 0.40314195 0.24518906
v -0.34340677 0.47378329 0.24385700
v -0.33713955 0.54932219 -0.34896448
v -0.34753491 0.82097468 0.22423573
v -0.34845703 0.88622475 0.09587650
v -0.35140352 0.30168687 0.23078528
v -0.35002120 -0.31860632 0.07124686
v -0.33726757 -0.30930063 -0.00197163
v -0.34798069 -0.25761370 0.07887950
v -0.34671378 -0.17436526 -0.10122817
v -0.34643442 -0.03004468 -0.11060697
v -0.33718617 -0.02828907 -0.01647696
v -0.32729099 0.00859467 -0.14539287
v -0.33597544 0.03404087 -0.15045600
v -0.34556299 0.05691249 -0.16392188
v -0.34988841 0.06644662 -0.14928053
v -0.34292848 0.07515596 0.01107691
v -0.35819294 0.10030347 -0.13785434
v -0.35162504 0.13707185 -0.02225270
v -0.33961304 0.15028264 -0.05296616
v -0.35252258 0.28201137 0.18357163
v -0.35005772 0.32083976 -0.11516382
v -0.34267430 0.33552386 -0.19199172
v -0.34236698 0.35357635 -0.22884009
v -0.34539883 0.51593377 0.27278796
v -0.34746471 0.59584928 0.31247472
v -0.35310488 0.84015762 0.19163732
v -0.32750652 0.87658210 0.18216261
v -0.34737057 0.86872309 -0.12554784
v -0.34809207 0.86681683 -0.04714223
v -0.35036061 0.86958474 -0.09610854
v -0.35249766 0.87974222 0.01914134
v -0.34560269 -0.05406947 -0.08843791
v -0.35126011 0.28230653 0.03895103
v -0.34779195 0.33381971 0.25577076
v -0.35003996 0.68101749 -0.32235816
v -0.32845211 0.77397382 0.28814238
v -0.34505242 0.07406870 0.02917224
v -0.35048890 0.42238402 -0.28794641
v -0.33022749 0.25568785 0.05931064
v -0.35287411 -0.32198171 0.01446871
v -0.34462910 -0.31860120 0.06353717
v -0.33648144 -0.30403635 0.04709284
v -0.33968054 -0.31435157 0.07962926
v -0.33763837 -0.29666964 0.08890903
v -0.34451715 -0.29717727 0.03811037
v -0.34240803 -0.29911659 -0.01968760
v -0.33314571 -0.28842343 -0.04041924
v -0.34412708 -0.27312990 -0.09540338
v -0.33954236 -0.24791570 -0.12774278
v -0.34866717 -0.19977062 0.07225822
v -0.33859050 -0.20082735 -0.12454565
v -0.33325318 -0.18443695 -0.11075330
v -0.34497983 -0.16435700 0.09396673
v -0.34761428 -0.16225800 -0.09545088
v -0.34454242 -0.14431327 -0.09676629
v -0.34890530 -0.07614726 -0.09644069
v -0.33578310 -0.04489476 -0.07607492
v -0.34099029 -0.00051309 0.00071009
v -0.34739891 0.01609497 0.00786031
v -0.34142805 0.06791732 0.00666789
v -0.35010135 0.09466906 0.01969107
v -0.35504037 0.47791421 -0.31210978
v -0.35136574 0.51253631 -0.32765164
v -0.34977507 0.54026691 0.28887206
v -0.33195090 0.71046971 -0.32982134
v -0.33485233 -0.13791817 0.11042451
v -0.32752217 0.89076268 -0.09709603
v -0.34061279 -0.45434055 -0.11908285
v -0.33169336 0.47935672 0.26676267
v -0.33920720 -0.46751352 -0.10548223
v -0.33321109 0.06086804 0.03236785
v -0.33320546 -0.45574910 -0.16875801
v -0.34090291 -0.45495057 -0.08254888
v -0.34328556 0.30784506 0.25291084
v -0.33630193 0.45141630 0.25475232
v -0.33133410 0.39266953 0.26953569
v -0.35040823 0.37848011 -0.24906447
v -0.33471226 -0.29761033 0.03419213
v -0.33401980 -0.25934043 -0.11103792
v -0.33967941 -0.26557216 0.08697035
v -0.34209384 -0.23602641 -0.13411766
v -0.33609842 -0.13599310 -0.09625894
v -0.35964980 -0.08104706 -0.10338553
v -0.35441796 -0.08656272 0.07214873
v -0.32244566 -0.06852471 0.05088027
v -0.32178945 0.04736597 0.01817204
v -0.33800518 0.04766873 -0.15438767
v -0.33996049 0.05951985 -0.16955109
v -0.33104430 0.06322724 0.02140876
v -0.34609696 0.28340838 0.21282727
v -0.33856674 0.28888145 -0.04566021
v -0.33070107 0.30781178 0.27040087
v -0.32649469 0.43645635 -0.32548892
v -0.33624827 0.62963715 -0.34900451
v -0.32453200 0.89647957 0.14269750
v -0.33082300 0.28128182 0.24670784
v -0.34397995 0.65426626 0.31818705
v -0.33578739 -0.43520437 -0.05905329
v -0.33328334 0.06229424 0.01329086
v -0.34002523 -0.21315189 0.08222796
v -0.33448464 -0.05173913 -0.07341533
v -0.33368564 -0.41729866 -0.09417436
v -0.33496982 -0.43012231 -0.13079999
v -0.32170599 0.26117512 0.00241811
v -0.32641863 0.74800368 0.30462440
v -0.33559448 -0.46684420 -0.05395092
v -0.33253940 -0.47324841 -0.10003415
v -0.33097764 -0.31427838 0.07413104
v -0.32990138 -0.31332512 0.06103452
v -0.32348155 -0.29265389 0.04082242
v -0.32780816 -0.16761174 -0.09889052
v -0.33220134 -0.05907416 0.03491863
v -0.33570025 -0.04308512 0.00133196
v -0.32971522 -0.03905780 -0.02087532
v -0.32852141 -0.04049017 -0.07462007
v -0.32400246 0.02005408 -0.15110198
v -0.33540457 0.49750500 0.26880585
v -0.32752729 0.61897536 0.33356674
v -0.32469485 0.79908192 0.27503061
v -0.32792319 0.43175920 0.27160744
v -0.33372311 0.25958781 0.18695842
v -0.33130483 -0.25599228 0.11126676
v -0.33641834 -0.24562826 0.10365453
v -0.32994518 -0.43579544 -0.16813802
v -0.32909251 -0.47079969 -0.16132496
v -0.33311990 0.06444603 0.03791032
v -0.31664722 0.02003978 -0.15821139
v -0.33020259 -0.26528840 0.10065288
v -0.33537872 -0.46384875 -0.15266354
v -0.31895369 0.07358816 -0.17035954
v -0.31860489 -0.21055803 0.11643157
v -0.33472524 0.33958310 0.27283333
v -0.33354374 -0.45194498 -0.02860511
v -0.32069590 0.46469434 0.28264412
v -0.32777037 -0.04685805 -0.05417927
v -0.32417905 -0.46256617 0.00417346
v -0.32495688 0.68106034 -0.34948636
v -0.32890453 -0.27285262 0.09009662
v -0.33358021 -0.21866567 -0.12700045
v -0.34388164 -0.11389338 0.09513797
v -0.32430089 -0.04941302 -0.01175274
v -0.32657896 -0.02822823 -0.02535086
v -0.30878999 -0.02500105 -0.12219359
v -0.33593381 -0.01906594 -0.01490269
v -0.33282487 0.07610411 0.03624530
v -0.33266680 0.11217298 0.01414967
v -0.32339413 0.24422713 0.10261363
v -0.32403654 0.28481853 0.26101451
v -0.31350618 0.51726373 -0.36695880
v -0.32083829 0.52148755 0.29268011
v -0.32051520 0.54710370 0.31523198
v -0.32027475 0.82092213 0.26246305
v -0.32533250 0.88791995 -0.04344229
v -0.34426992 0.89257634 0.06258115
v -0.32625630 -0.81282620 -0.07223176
v -0.32597153 -0.03884967 -0.03640087
v -0.32598445 -0.78877499 -0.04752811
v -0.32560135 -0.83289508 -0.04172155
v -0.32475406 0.83075770 -0.24551355
v -0.32629238 -0.27211246 0.11520655
v -0.32130262 -0.88926845 -0.09516423
v -0.31274334 -0.35726251 -0.07415111
v -0.32601484 -0.40315507 -0.05094488
v -0.32193131 -0.84313396 -0.11163490
v -0.32491381 -0.79298344 -0.08661653
v -0.32936528 -0.30675781 0.01520490
v -0.31909351 -0.93739052 -0.04727611
v -0.32859516 -0.09956260 -0.08766426
v -0.31656989 -0.14465589 -0.08809814
v -0.32391872 -0.15932284 0.12142940
v -0.32362075 -0.41088155 -0.02276750
v -0.32398071 -0.78071837 -0.05740230
v -0.32259793 -0.47454602 -0.14952466
v -0.32423151 -0.47290628 -0.05019938
v -0.32367527 -0.46971290 -0.01733025
v -0.31826176 -0.47039291 -0.19629898
v -0.32508834 -0.30055434 0.08326613
v -0.31971731 -0.29328610 -0.01334166
v -0.31543773 -0.27779385 0.08652169
v -0.31989649 -0.27692255 0.10078385
v -0.32061031 -0.27312902 0.09411400
v -0.30607756 -0.27407812 -0.05103474
v -0.32240398 -0.25820990 0.12738794
v -0.31957601 -0.09171845 0.09025937
v -0.31982614 -0.03714780 -0.04225442
v -0.32865773 0.14664701 -0.01462197
v -0.33137846 0.25124424 0.15101747
v -0.32238863 0.30903186 -0.16831831
v -0.30739095 0.32066014 0.29094080
v -0.32338260 0.36491244 -0.27584281
v -0.31997053 0.51155800 0.28968778
v -0.32295400 0.55926311 0.32076186
v -0.32399178 0.58357682 0.32991959
v -0.30641575 0.73622128 -0.34213003
v -0.32648732 0.78293783 -0.29009465
v -0.32524967 0.83908084 0.23755827
v -0.32664261 0.90739390 0.04399086
v -0.32196996 0.90500371 0.00757967
v -0.32434911 -0.39889022 -0.13702115
v -0.33617927 0.03997656 -0.16851418
v -0.31969249 -0.89928196 -0.01831977
v -0.32647588 0.48310589 -0.34573857
v -0.32173754 -0.41050071 -0.17237415
v -0.32125565 -0.43518906 -0.19867688
v -0.30681356 0.44761280 -0.35117514
v -0.33943066 0.11336609 -0.13785520
v -0.30388783 -0.23058209 -0.09325651
v -0.33661436 0.40192549 -0.29093507
v -0.31986605 -0.83263896 -0.00228313
v -0.31900003 -0.28851478 0.11792511
v -0.31845049 -0.94231279 -0.09056838
v -0.31926351 -0.78209640 -0.11131889
v -0.31476001 0.04173765 0.03963044
v -0.30462110 -0.16121675 0.14140042
v -0.31673841 -0.22201455 -0.11052940
v -0.31229249 -0.80577149 -0.16767001
v -0.31298375 -0.77859554 -0.01193558
v -0.31535039 -0.77716707 -0.10112123
v -0.31306500 -0.47368382 -0.17979941
v -0.31272475 -0.47108546 -0.01261832
v -0.31884509 -0.47027884 -0.07226775
v -0.32021842 -0.46211263 -0.20633514
v -0.31140968 -0.35357075 -0.09873836
v -0.31537979 -0.30199131 0.06061592
v -0.31622421 -0.28539320 0.03112163
v -0.32185212 -0.28115242 -0.05318337
v -0.31798780 -0.19728949 -0.10816643
v -0.30734852 -0.13916100 -0.07924295
v -0.33863108 -0.09762615 0.08700961
v -0.32138363 -0.08814857 -0.07668718
v -0.31661635 -0.06267585 0.02049085
v -0.31045058 -0.06509551 0.00395314
v -0.31336027 -0.00979077 -0.13859519
v -0.31720718 0.02348860 -0.17892323
v -0.32455189 0.03584202 -0.17776135
v -0.30818346 0.03863508 0.02376177
v -0.31595449 0.08973802 -0.16424229
v -0.33268088 0.09951429 -0.15310955
v -0.30711180 0.11113402 0.02230261
v -0.30126099 0.13789259 -0.12451352
v -0.32174299 0.15384079 -0.02311087
v -0.32209267 0.25646991 0.21838002
v -0.32742597 0.27727004 -0.04062474
v -0.30722865 0.30733245 -0.21051512
v -0.30630353 0.65444837 -0.37271439
v -0.32521869 0.74579333 -0.31744286
v -0.32259159 0.86178082 0.21323397
v -0.32549951 0.86627428 -0.19125509
v -0.28976560 0.91554211 -0.04994143
v -0.29951685 0.91119755 0.16038983
v -0.32994677 0.71205360 0.31611087
v -0.31723020 -0.80817871 0.01003708
v -0.32534958 -0.04602421 -0.03621262
v -0.31524787 -0.96304106 -0.09048691
v -0.31463749 -0.94621165 -0.14282483
v -0.31764439 -0.41838205 0.00709335
v -0.30893789 -0.86631538 0.04547237
v -0.31546714 -0.90015220 -0.14302154
v -0.31791535 0.01439610 -0.17272833
v -0.30769197 -0.29939303 0.11621421
v -0.31485270 -0.96089865 -0.02471577
v -0.31313492 -0.46482418 -0.09329848
v -0.31576416 -0.78396714 0.00564412
v -0.31415039 -0.37111678 -0.03724298
v -0.30521508 0.36157284 -0.29652813
v -0.31232972 -0.95007385 0.01975793
v -0.30988019 -0.28756995 0.01027789
v -0.30813050 0.91830383 0.11708840
v -0.31923503 -0.45602706 0.02288897
v -0.30886287 -0.47103482 -0.21365667
v -0.29782526 0.62843311 0.35799563
v -0.30727239 -0.96783927 0.03888602
v -0.30888199 -0.98026378 -0.08795476
v -0.30865705 -0.77643461 -0.13463588
v -0.31100769 -0.46900138 0.02074599
v -0.31542741 -0.28960892 0.12768733
v -0.30723472 -0.14171412 0.13726016
v -0.31695564 -0.12234759 0.12068449
v -0.32208662 -0.03511697 -0.09521105
v -0.30824062 0.03112374 0.01715182
v -0.30480215 0.04144993 0.04640366
v -0.32622633 0.14556133 -0.09369642
v -0.31159259 0.23666518 0.18624901
v -0.32526361 0.33344769 -0.22928430
v -0.30947370 0.36869134 0.28590051
v -0.32333855 0.88834234 -0.13897818
v -0.30536516 -0.41917458 0.04071394
v -0.31001697 -0.08126900 -0.05390934
v -0.28850097 -0.23429195 -0.06972726
v -0.31112400 -0.06809779 -0.03925097
v -0.29908019 0.77176379 -0.32619885
v -0.30982748 -0.94972901 -0.17393727
v -0.30869823 -0.97344129 -0.15306215
v -0.31460732 -0.47090985 -0.14333390
v -0.30567810 -0.33838448 -0.03739731
v -0.30352533 0.23991983 0.02439315
v -0.30010021 -0.00633534 -0.14919110
v -0.31040711 -0.35726586 -0.12749730
v -0.30415367 0.69997484 -0.36094320
v -0.30311807 -0.98662968 -0.04328877
v -0.29883681 0.47948809 -0.37024171
v -0.30861840 -0.87627595 -0.17903052
v -0.30774957 -0.93697244 0.05028461
v -0.30502325 -0.94264362 -0.19223005
v -0.30965459 -0.78195436 -0.16967132
v -0.29901594 -0.37782412 0.03115057
v -0.30411626 -0.35350070 -0.15775020
v -0.31143154 -0.29673496 0.07399164
v -0.30701087 -0.41322385 -0.21962540
v -0.30360852 0.00217825 -0.17832892
v -0.30223632 -0.78922756 -0.19941462
v -0.30389795 -0.77808977 0.02499899
v -0.30638588 -0.77622735 -0.08780858
v -0.30621121 -0.77707813 -0.03458047
v -0.30193113 -0.46792842 -0.18230450
v -0.30732465 -0.46372029 0.04486025
v -0.30884142 -0.46178032 -0.05585329
v -0.30158903 -0.27851314 -0.03610172
v -0.30485169 -0.27531794 0.09062661
v -0.30079057 -0.27138029 0.08218644
v -0.31901378 -0.19034266 0.11750095
v -0.30513447 -0.18906958 -0.09636483
v -0.32001343 -0.08023280 0.07407524
v -0.32136607 -0.04035843 -0.07161082
v -0.28031563 -0.04608638 -0.05252770
v -0.28807450 -0.03027749 -0.01704495
v -0.29169737 -0.01687436 -0.00482932
v -0.32022634 0.13931729 0.00148974
v -0.29861595 0.24654788 0.24682200
v -0.29955422 0.26248014 -0.07143415
v -0.29901455 0.32996043 -0.26938712
v -0.31332216 0.39622635 0.28345610
v -0.30324635 0.42915038 0.29232525
v -0.30179383 0.77148849 0.31727924
v -0.30133814 0.81938417 -0.28507005
v -0.29908063 0.84199260 0.26596697
v -0.29555151 0.88920821 0.21023904
v -0.31360886 0.91821760 0.09280262
v -0.30420376 -0.46783769 -0.00344947
v -0.29997217 -0.26653028 -0.05625334
v -0.30067326 -0.35349199 0.00928002
v -0.29559532 -0.24937617 -0.06839383
v -0.30251445 0.89837795 -0.16168427
v -0.31739900 0.56508415 -0.36939947
v -0.30683463 -0.80796759 0.05170138
v -0.30855565 -0.97565276 0.00908482
v -0.30948449 -0.39117724 -0.19133578
v -0.30348344 -0.44064739 0.05335729
v -0.29994484 -0.96149648 0.07408178
v -0.30814292 -0.46059446 -0.12306029
v -0.29905487 -0.98751694 -0.15506660
v -0.28977652 0.52270101 0.32129953
v -0.29115751 0.37700459 -0.32490858
v -0.29652746 -0.43374975 -0.07755095
v -0.29686989 -0.72091486 -0.05290770
v -0.30031197 -0.25598884 0.14615570
v -0.29552171 -0.18228691 -0.08439486
v -0.29782566 -0.78179252 0.06200864
v -0.30239921 0.29904171 0.29282809
v -0.30057920 -0.86984472 -0.20057860
v -0.29689074 -0.77712547 0.00567144
v -0.29963805 -0.77676932 -0.12100945
v -0.30205391 -0.77032522 -0.04506054
v -0.30125894 -0.77000012 -0.07799229
v -0.30302755 -0.47221884 -0.20778249
v -0.29649375 -0.47024111 -0.23380877
v -0.30130053 -0.46992237 0.02713435
v -0.29371323 -0.46882317 0.05464888
v -0.30683587 -0.44964968 -0.23670399
v -0.29215407 -0.29933294 0.11167648
v -0.30216105 -0.29968583 0.12720761
v -0.30725281 -0.29370562 0.10522885
v -0.30479686 -0.28291983 0.13947979
v -0.30045194 -0.28106135 -0.01496769
v -0.29366916 -0.27638269 0.00536475
v -0.29665887 -0.22233054 0.14640554
v -0.28911240 -0.13254152 0.14488445
v -0.28897223 -0.11004628 0.12539294
v -0.31548232 -0.06634052 0.03714605
v -0.29909408 -0.07369667 0.02763489
v -0.28287327 -0.04072505 -0.03190834
v -0.30254188 0.05442239 -0.17604591
v -0.31152390 0.05684249 0.04540078
v -0.30550113 0.28591402 -0.13820706
v -0.28991813 0.46401999 0.30766848
v -0.29512095 0.57471893 0.34854776
v -0.30045363 0.80546158 0.29677843
v -0.30218799 0.88309403 -0.19966669
v -0.30183768 0.92108124 0.00814968
v -0.29779575 -0.78123863 -0.20163260
v -0.29350669 -0.31067806 -0.13274477
v -0.29596730 -0.78998284 -0.21015029
v -0.29320180 -0.45258454 -0.00902832
v -0.29445816 -0.01553416 -0.16595102
v -0.29544492 0.01355679 0.01684270
v -0.29517101 -0.29609363 -0.09213722
v -0.30867459 0.69446939 0.34130716
v -0.29845519 -0.98205046 -0.18422765
v -0.29689456 -0.27208020 0.04317313
v -0.30153376 -0.96565309 -0.19470304
v -0.29588818 -0.28408247 -0.02210564
v -0.29451675 -0.20501669 -0.08625928
v -0.29564311 0.01990552 0.03124312
v -0.29518475 -0.28561056 -0.04864242
v -0.29897752 -0.45749017 0.06206008
v -0.29123526 -0.13698900 -0.05573286
v -0.29586709 -0.72388744 -0.08326836
v -0.29859035 -0.97774193 0.06351006
v -0.29539868 -0.99221139 -0.01459751
v -0.29771263 -0.99093795 -0.09942794
v -0.30037842 -0.98421147 0.03738533
v -0.29870715 -0.94107606 -0.20577042
v -0.28998715 -0.77678145 -0.15560800
v -0.29333110 -0.77160772 0.00110106
v -0.28626703 -0.46936625 0.05015580
v -0.29736240 -0.44574696 -0.13611680
v -0.29013677 -0.29427573 0.13220206
v -0.29424538 -0.27753845 -0.05330679
v -0.28609137 -0.27039631 0.02088861
v -0.29383008 -0.26508821 -0.05848091
v -0.29753832 -0.28177285 0.06245985
v -0.29991347 -0.07712474 -0.00093006
v -0.29736305 0.00550430 0.00946877
v -0.29734070 0.02785826 0.04183884
v -0.27752133 0.15027421 0.01200013
v -0.30390491 0.22598762 0.15489621
v -0.28315004 0.23525706 -0.01394558
v -0.29580999 0.30855977 -0.23971525
v -0.30186924 0.49778056 0.30876285
v -0.29770482 0.60255890 0.35434089
v -0.27394936 0.67002142 -0.39290725
v -0.30043791 0.86674197 0.23600469
v -0.30208079 0.85930761 -0.23820255
v -0.27619249 0.94132108 0.11008069
v -0.30505085 0.92558746 0.06133724
v -0.29259030 -0.77271883 -0.12748323
v -0.29364344 -0.28899527 -0.01952089
v -0.29796030 -0.84396819 0.07469756
v -0.29445115 -0.30188782 -0.01438630
v -0.28330280 -0.35569642 0.05549644
v -0.29982006 -0.78868716 0.06545645
v -0.30487149 0.40450278 -0.33004137
v -0.28956375 -0.68030188 -0.05818671
v -0.29698099 -0.77035910 -0.10724341
v -0.28564721 -0.31819407 0.03115373
v -0.30363919 -0.46230324 -0.23924075
v -0.29315437 -0.26536212 0.07677579
v -0.29334326 -0.09057167 -0.01125096
v -0.28871947 -0.31984111 -0.16708748
v -0.30770470 0.60471029 -0.37793090
v -0.27100833 0.30730201 -0.27493769
v -0.29489201 -0.76558324 -0.00899144
v -0.27661492 0.62868719 -0.39830697
v -0.29126471 -0.96520519 -0.21043288
v -0.28010527 0.82324209 -0.30115604
v -0.28555505 -0.25654017 0.07001192
v -0.28157282 -0.45392197 -0.27538546
v -0.28862907 -0.28049845 0.00098975
v -0.28920034 -0.26136962 -0.06606604
v -0.29091507 -0.46991800 -0.22652927
v -0.29629627 -0.00804340 -0.15492093
v -0.29312275 -0.46454789 -0.25178787
v -0.28168942 -0.46430008 0.08076525
v -0.28703799 -0.98260593 0.08332792
v -0.28701604 -0.99437880 -0.16238425
v -0.28683655 -0.99336133 0.05340616
v -0.28749090 -0.97944118 -0.20755383
v -0.28678396 -0.93649013 -0.21932182
v -0.29205070 -0.86948794 -0.21313718
v -0.29075499 -0.86685432 0.08801393
v -0.28757139 -0.77788811 0.06745411
v -0.28731880 -0.77713265 0.03177865
v -0.30328341 -0.77655956 -0.16846201
v -0.28626574 -0.28949912 0.10047724
v -0.28420418 -0.26368240 0.03578036
v -0.28926413 -0.25027988 -0.06740484
v -0.28742144 -0.18041919 -0.07167431
v -0.28555589 -0.02587754 -0.13479953
v -0.29586925 -0.01273703 -0.17265641
v -0.28816405 0.01200276 0.02663875
v -0.29301798 0.06520969 0.03932971
v -0.30101376 0.22641041 0.09090625
v -0.27912152 0.21335316 0.20042076
v -0.29639968 0.23189347 0.21833668
v -0.30957556 0.65467335 0.34756269
v -0.29917616 0.73066143 0.33829640
v -0.27479824 0.87301998 -0.25151482
v -0.27800921 0.88579268 0.23615116
v -0.27671047 0.89482600 -0.21465721
v -0.29411570 0.91426011 -0.03495425
v -0.27894791 0.94070457 0.04032261
v -0.29139348 -0.72554754 -0.00867400
v -0.28732615 0.02856169 0.03934200
v -0.28732669 -0.71390583 -0.11727359
v -0.28960906 -0.78983807 0.08557692
v -0.28394358 -0.24825552 -0.07525616
v -0.28480129 -0.39653243 -0.25167784
v -0.28513749 -0.08593004 0.02434107
v -0.28379234 -0.67143422 -0.09479009
v -0.28005015 -0.27801685 0.02177749
v -0.28818242 -0.43744479 0.07534121
v -0.28336157 -0.21682320 -0.06599207
v -0.28125597 -0.75528429 -0.15678854
v -0.29130170 -0.37174927 -0.21862027
v -0.28139036 -0.02942488 -0.16002386
v -0.27888680 -0.77153700 0.04108144
v -0.28368718 -0.79118417 -0.22266896
v -0.27857978 0.39363653 -0.34871541
v -0.28204083 -0.80889259 0.09705105
v -0.28819524 -0.96448830 0.09217648
v -0.29495839 -0.46563526 0.01722073
v -0.29293072 -0.42824868 -0.25499496
v -0.28744778 -0.45032410 -0.18470243
v -0.27692438 -0.40023766 -0.07529534
v -0.28516882 -0.02301153 -0.14286421
v -0.28509677 -0.67876911 -0.02148797
v -0.29203988 -0.43265790 -0.04906644
v -0.28628047 -0.99608925 -0.09402045
v -0.28659377 -0.99224044 -0.18810131
v -0.27701399 -0.96439479 -0.22147495
v -0.28886580 -0.93599441 0.09430568
v -0.29305027 -0.77713115 -0.19935005
v -0.27886908 -0.46892088 -0.25317480
v -0.28737708 -0.29842282 0.12249166
v -0.28817377 -0.27701870 0.14456290
v -0.28511357 -0.24823949 0.15332899
v -0.28337737 -0.09461637 0.10559276
v -0.28975141 -0.08186541 0.07814545
v -0.28014093 -0.03325349 -0.11732853
v -0.28166889 -0.02295802 -0.16930283
v -0.28385460 -0.00952365 0.00877096
v -0.29120559 0.11632346 -0.15398055
v -0.27658258 0.15936250 0.00313526
v -0.29035626 0.26014793 0.27596583
v -0.28714984 0.54491531 0.33956886
v -0.28154162 0.79467071 0.32177238
v -0.27920939 0.84684492 -0.27816116
v -0.29700376 0.91401439 -0.09493531
v -0.28415232 -0.23721427 -0.06799249
v -0.27679155 -0.86743178 0.10360687
v -0.28225792 -0.45971694 -0.21624025
v -0.28166829 -0.77085667 -0.16014457
v -0.28091520 -0.11190031 -0.00389752
v -0.27790945 0.33720821 -0.30397084
v -0.27773142 -0.20072086 -0.05710925
v -0.28093484 -0.00082914 0.01503884
v -0.27023119 0.35629478 -0.32922796
v -0.27767328 -0.22683365 -0.07153816
v -0.28976517 -0.00410996 -0.17811733
v -0.27529590 -0.99793920 0.04880283
v -0.27793652 -0.98689005 -0.20759860
v -0.27614857 -0.99223819 0.07956421
v -0.27592290 -0.79061817 0.09998595
v -0.27865163 -0.78133841 0.09142369
v -0.27169640 -0.77015776 -0.17685101
v -0.27571924 -0.67992405 -0.12565926
v -0.28014155 -0.46293284 0.04184994
v -0.27340767 -0.45748387 0.09281448
v -0.27729195 -0.41551361 -0.02999865
v -0.27817856 -0.26222313 0.03243652
v -0.28151711 -0.25500418 0.04878685
v -0.28429320 -0.19831390 0.15498692
v -0.28584256 -0.15576373 0.15493457
v -0.27486138 -0.03645331 -0.01172446
v -0.27624303 -0.02667791 -0.00194399
v -0.28144636 0.01260426 0.02406225
v -0.27934608 0.04822194 0.03204699
v -0.28194423 0.02369790 -0.17318943
v -0.27482060 0.07634660 0.03186220
v -0.28034761 0.09922126 0.02769335
v -0.28087543 0.11793316 0.02422249
v -0.27702552 0.13372229 0.02233441
v -0.28587451 0.16832172 -0.03201140
v -0.28030305 0.22317363 0.02655508
v -0.27629789 0.51351541 -0.39530610
v -0.27825398 0.54829132 -0.39834100
v -0.28066474 0.71438126 -0.37315787
v -0.27493044 0.74338084 0.35518704
v -0.27964463 0.79130776 -0.32817017
v -0.27162102 0.92864358 -0.03370829
v -0.27028363 0.93734942 0.14224565
v -0.27482027 -0.93697802 -0.22720868
v -0.26665476 -0.59784203 -0.03190214
v -0.28080923 -0.72422392 0.02648174
v -0.28340476 -0.40900065 -0.10658347
v -0.28505676 -0.33327542 -0.19463177
v -0.27204720 -0.18231167 -0.03510203
v -0.27739636 -0.42020843 0.08562662
v -0.27603414 -0.46450688 -0.27194412
v -0.28115652 -0.14783912 -0.04029634
v -0.27675674 0.58895680 -0.40079149
v -0.26790147 0.28510194 -0.24034572
v -0.27755089 -0.63173204 -0.05571723
v -0.27717305 -0.77771328 0.05304096
v -0.27290135 -0.19463516 -0.04595647
v -0.27863597 -0.78274130 -0.22353742
v -0.26878442 -0.99894456 -0.05749578
v -0.27787948 -0.86945595 -0.22562448
v -0.26768450 -0.82589743 0.10926067
v -0.27622360 -0.77669060 -0.18345939
v -0.27377149 -0.73619594 -0.16517266
v -0.26796969 -0.46727051 -0.26899467
v -0.27251065 -0.43284262 0.01299677
v -0.27672218 -0.40608856 -0.13906829
v -0.26971111 -0.40264558 -0.27837051
v -0.27952620 -0.37626475 0.06981624
v -0.27487834 -0.34894966 -0.23379268
v -0.26952719 -0.30381949 0.05807134
v -0.26973758 -0.27955986 0.13315338
v -0.28453550 -0.26157861 0.08028909
v -0.27273526 -0.24976653 0.04121828
v -0.27463192 -0.23705423 0.05566663
v -0.27803691 -0.12971406 0.14715305
v -0.27187952 -0.11086715 0.13044903
v -0.27180902 -0.08623237 0.07501724
v -0.27146432 -0.04143972 -0.09961670
v -0.26969261 -0.04137742 -0.13417722
v -0.27467737 -0.03600765 -0.15196147
v -0.26931199 -0.01072530 0.00126064
v -0.27418077 0.02519903 0.02172213
v -0.27482746 0.06249597 0.03143886
v -0.27127732 0.20267346 0.13356045
v -0.28087708 0.21220691 0.09539657
v -0.27222949 0.20354080 0.16557939
v -0.27574996 0.22164458 0.23345891
v -0.28884290 0.27841442 0.29435586
v -0.27896602 0.25892252 -0.11298601
v -0.27997742 0.28577267 -0.21758721
v -0.26300509 0.47756543 -0.39600189
v -0.26956533 0.56355525 0.36986498
v -0.27848586 0.69551544 0.36819967
v -0.27912027 0.84324488 0.28466622
v -0.27070669 0.86915295 0.26537753
v -0.28033306 0.91224843 -0.16752109
v -0.26757886 0.93982260 0.00075328
v -0.27157549 -0.71428841 0.04269099
v -0.27140859 -0.66342474 0.00806464
v -0.26592786 -0.21018279 -0.10868201
v -0.27309573 -0.20653057 -0.06130912
v -0.27246622 -0.26330972 0.03531726
v -0.26819259 -0.18076480 -0.02634538
v -0.27619377 -0.93993203 0.10600442
v -0.25872834 -0.42215850 -0.29993765
v -0.25394642 -0.46627495 0.10291333
v -0.26673526 -0.25548082 0.04147916
v -0.25750483 -0.43146059 0.03626140
v -0.26843795 -0.17312155 -0.01349860
v -0.25797252 -0.99271655 0.09161718
v -0.25683610 -0.77590234 -0.22674065
v -0.26267880 -0.60492581 -0.00923743
v -0.26144452 -0.46985135 0.07588528
v -0.26787262 -0.39198330 -0.12116815
v -0.26647723 -0.28204805 0.11030343
v -0.26921148 -0.26351117 0.08472129
v -0.27550191 -0.27356565 0.14316838
v -0.27045216 -0.24542115 0.15521189
v -0.27604797 -0.24383809 0.06832939
v -0.26919566 -0.23526359 0.06193755
v -0.26689341 -0.23356347 0.04935110
v -0.27225229 -0.16697502 0.16254900
v -0.25795645 -0.10285209 0.11578398
v -0.26869108 -0.04962153 -0.03710488
v -0.26749851 -0.04770454 -0.07737552
v -0.26725591 -0.03758921 -0.15141559
v -0.26122069 -0.01710064 -0.15992112
v -0.26935431 0.01144500 0.01112131
v -0.26776820 0.03480759 0.02445446
v -0.26039797 0.08457092 -0.17662595
v -0.27015839 0.10059092 -0.16948522
v -0.27659914 0.13918314 -0.13534422
v -0.28042256 0.24081586 0.26317129
v -0.25391787 0.26655864 -0.21686544
v -0.26487296 0.29513657 0.31243786
v -0.27906707 0.43297689 0.30436644
v -0.27598442 0.58992199 0.37285123
v -0.27963685 0.75584533 -0.35264844
v -0.24867455 0.92186591 -0.19287120
v -0.26843205 -0.45178586 -0.23033958
v -0.27114160 -0.74813754 0.05545577
v -0.27493622 -0.42925549 -0.18776832
v -0.27232881 0.65331846 0.38076273
v -0.26763805 -0.45907321 -0.28743876
v -0.26697798 -0.62570885 -0.10236548
v -0.26898147 -0.13940533 0.00412685
v -0.26784076 -0.19069642 -0.03912195
v -0.26680624 -0.19307584 0.01121357
v -0.26765028 -0.19529181 -0.05771159
v -0.26572501 -0.17427303 0.00234767
v -0.25518463 -0.46560720 -0.28802114
v -0.26390834 -0.39440922 -0.04347075
v -0.26611855 -0.59843814 -0.07933876
v -0.27369454 -0.10300189 0.02267350
v -0.25992290 -0.17669321 -0.03468056
v -0.26009547 -0.30062255 -0.22069541
v -0.26072463 -0.68080355 -0.15180546
v -0.26054811 -0.20794808 -0.13435811
v -0.27942300 0.43434278 -0.36967916
v -0.26858065 -0.24924373 -0.15008240
v -0.26637624 -0.97969355 -0.22033318
v -0.27147438 -0.97693177 0.10099026
v -0.25822645 -0.93265394 0.11594394
v -0.26000950 -0.79469626 -0.23497535
v -0.26059669 -0.78313695 0.10628201
v -0.25906939 -0.77497564 -0.19557232
v -0.25929432 -0.64293785 -0.12941636
v -0.27102434 -0.46457821 -0.24891457
v -0.25901914 -0.40794707 -0.00223300
v -0.26008033 -0.40743294 -0.19026337
v -0.25557885 -0.38018602 0.09813979
v -0.26113309 -0.23664017 0.05223082
v -0.26276413 -0.20194924 0.00962737
v -0.26818777 -0.21825390 0.16060072
v -0.26301621 -0.17683621 -0.00592938
v -0.26484939 -0.14567504 0.15830643
v -0.26965662 -0.08940568 0.05519835
v -0.26690029 -0.04156048 -0.02044799
v -0.26066051 -0.04436385 -0.13375973
v -0.27053366 -0.02733248 -0.16330709
v -0.26138702 -0.01977102 -0.00775280
v -0.26263130 0.00273691 0.00699150
v -0.26235170 0.02412982 0.02311177
v -0.23602622 0.00976163 -0.17134272
v -0.26688007 0.07316926 0.03510118
v -0.23206715 0.13625756 -0.16070225
v -0.26195633 0.51980663 0.34100827
v -0.25517449 0.53898358 0.36918239
v -0.26488733 0.77971010 0.34515634
v -0.27600620 0.91940455 0.18123765
v -0.24763872 0.94360519 0.15946015
v -0.27630709 0.94422828 0.07327855
v -0.25915784 -0.24758387 0.07435318
v -0.26282255 -0.18802994 0.01836239
v -0.26246384 -0.18447203 -0.02094235
v -0.25369111 -0.52890432 -0.03636882
v -0.25767409 -0.65195184 0.02797642
v -0.26474973 -0.58179832 -0.05275170
v -0.25752938 -0.38253798 -0.10161418
v -0.26013909 -0.71615063 -0.17478049
v -0.26332751 -0.12290944 0.02549354
v -0.25045995 0.86843974 -0.27878293
v -0.24745891 0.03418705 0.04344858
v -0.24496566 -0.99144887 -0.21675331
v -0.25633406 -0.17218774 -0.00905788
v -0.25661063 -0.17065865 0.02506479
v -0.26533629 0.20873296 0.05649802
v -0.26031462 -0.14704494 0.02234485
v -0.25902792 -0.33768309 -0.25301983
v -0.25730284 -0.44382602 -0.23879480
v -0.26099204 -0.74473627 -0.18461891
v -0.24399374 0.61098127 -0.41937226
v -0.25130594 0.39395833 -0.37009687
v -0.26102601 -0.42507370 -0.21355810
v -0.24671454 -0.86591330 0.11947514
v -0.25723185 -0.77822354 0.08030653
v -0.25484302 -0.77056324 0.07618077
v -0.25554428 -0.73507844 0.07625215
v -0.26587815 -0.47119468 0.08586599
v -0.25260296 -0.46403309 -0.27642411
v -0.26015699 -0.44787990 -0.30102230
v -0.25699268 -0.39840007 -0.02336419
v -0.25796374 -0.38473518 -0.06388414
v -0.24727793 -0.34703948 -0.27597669
v -0.24568328 -0.25793865 0.10520843
v -0.24919410 -0.25716326 0.13210831
v -0.25629674 -0.26249991 0.09220607
v -0.25724756 -0.24427614 0.06194877
v -0.25513554 -0.23480220 0.15481332
v -0.25679051 -0.19153241 0.00526065
v -0.25734057 -0.19657948 0.01480952
v -0.25955730 -0.16560769 -0.05317775
v -0.24585110 -0.12281969 0.14026582
v -0.26193925 -0.05316343 -0.05252906
v -0.25822651 -0.05071488 -0.10795411
v -0.25584660 -0.02703296 -0.14986444
v -0.25735765 -0.02834464 -0.01584095
v -0.26741807 -0.00221691 -0.16649830
v -0.25875468 0.05273867 -0.17838774
v -0.25753547 0.10027693 0.04410798
v -0.25357182 0.16022056 -0.11639528
v -0.31653802 0.15575761 -0.07110084
v -0.24912102 0.20301601 0.23135173
v -0.25027979 0.21303155 0.25183694
v -0.24912607 0.22596586 0.27399057
v -0.24739348 0.23916815 -0.12052731
v -0.24187870 0.30579341 -0.30300207
v -0.24992092 0.56578928 0.38774513
v -0.25238361 0.69372547 -0.39887334
v -0.26269393 0.81968746 0.31948394
v -0.25363376 0.85137979 0.29806231
v -0.25211140 0.89659156 0.24598659
v -0.28116281 0.92108453 -0.12862200
v -0.25910765 -0.70645973 0.06023505
v -0.24734004 -0.60882855 0.02591808
v -0.25691966 -0.56281592 -0.08455291
v -0.25900422 -0.42919679 0.10322536
v -0.25760627 -0.33812805 0.08697180
v -0.25987691 -0.26766239 -0.19406887
v -0.25869770 -0.16309553 -0.08714839
v -0.26703757 0.32373965 0.30617538
v -0.25288643 -0.25539251 0.07106068
v -0.25561705 -0.53696001 -0.05861519
v -0.25280401 -0.96587515 0.11410508
v -0.25119988 0.17865960 -0.03467894
v -0.25124386 -0.49146213 -0.04634681
v -0.25351575 -0.21321796 -0.16343936
v -0.26016957 0.62533387 0.39076848
v -0.25355911 -0.58974114 0.00639485
v -0.25174219 -0.53431744 -0.08513941
v -0.25280356 -0.16523605 -0.00262228
v -0.25058390 -0.78802738 -0.23803639
v -0.25594388 -0.77208760 -0.21827078
v -0.24698660 -0.76035875 -0.19996355
v -0.25587184 -0.61569807 -0.11898961
v -0.24707064 -0.56550029 -0.11065177
v -0.25100511 -0.41053299 0.01218647
v -0.25245333 -0.40341071 -0.01379102
v -0.25179525 -0.39194103 -0.05465086
v -0.25162565 -0.19021076 0.16298042
v -0.25193496 -0.16051998 0.16200748
v -0.25142168 -0.16183055 0.03204071
v -0.25832039 -0.12801977 0.14837810
v -0.24597302 -0.10984215 0.06708399
v -0.24581630 -0.04881255 -0.09297543
v -0.25190783 -0.02791855 -0.01088008
v -0.23947156 -0.01180239 -0.16123438
v -0.25586002 -0.00838208 0.00428947
v -0.25488685 0.12427866 0.04114136
v -0.26248233 0.25431298 0.29702867
v -0.25781264 0.27916968 0.31582395
v -0.24988515 0.28812320 -0.27083598
v -0.25377713 0.38996404 0.30918242
v -0.27407049 0.49757156 0.32927270
v -0.22783542 0.65298736 -0.42200623
v -0.24607544 0.64999348 0.39958215
v -0.25240789 0.92934618 -0.16557672
v -0.26562043 0.93338305 -0.09037829
v -0.25184961 -0.04308000 -0.03941409
v -0.24433946 -0.07285700 -0.03945709
v -0.25148500 -0.38237139 -0.10204596
v -0.24942716 -0.38189773 -0.12717155
v -0.25026414 -0.40346971 -0.03839928
v -0.25401852 -0.16692068 -0.12570823
v -0.26127905 -0.27728401 0.11980141
v -0.24987760 -0.10312149 -0.08230660
v -0.25060918 -0.25829228 0.08195803
v -0.24973913 -0.48180757 -0.07593731
v -0.25127592 -0.17688917 0.01880854
v -0.24783587 -0.49249282 -0.01532832
v -0.24170495 -0.14089111 0.05194403
v -0.24764713 -0.41261351 -0.01071129
v -0.24791324 0.93907493 -0.04778557
v -0.25019163 -0.53990444 -0.00501626
v -0.24887445 -0.39123853 -0.09004477
v -0.24375319 -0.21604350 0.15515633
v -0.24455994 -0.17006032 -0.15968382
v -0.24700715 -0.04829641 -0.03710774
v -0.26432520 -0.99877010 -0.18204960
v -0.23754622 -0.82511618 0.12317865
v -0.24022339 -0.74589326 0.09278789
v -0.24465127 -0.67488985 -0.16506103
v -0.25480316 -0.46168371 0.07048341
v -0.22637318 -0.42650488 0.06239569
v -0.25222161 -0.39158010 -0.29516636
v -0.25346114 -0.25076113 0.14458798
v -0.24617897 -0.15121067 0.04198428
v -0.24947552 -0.05049284 -0.05936154
v -0.24873894 -0.03642514 -0.12977923
v -0.24407486 -0.00206961 0.03021441
v -0.24615109 0.07136519 0.05080256
v -0.25486134 0.12098405 -0.16264777
v -0.24794692 0.19214330 0.19555122
v -0.23601019 0.25881418 0.31954077
v -0.25708555 0.35382876 0.30643273
v -0.22674142 0.43744858 0.33223515
v -0.25037742 0.43741842 -0.39133215
v -0.23897716 0.51193818 0.35170919
v -0.25328456 0.68776543 0.39032328
v -0.24619606 0.72788518 -0.38886794
v -0.24179420 0.78016567 0.36091904
v -0.24896425 0.79144661 -0.35018775
v -0.24888905 0.82223944 -0.32614015
v -0.25052546 0.91612924 0.21711187
v -0.22626695 0.94970070 -0.03351694
v -0.24289982 0.95949355 0.04052915
v -0.25026251 0.95769873 0.09231171
v -0.24602151 -0.41113612 0.00680897
v -0.24668130 -0.48673718 -0.09357434
v -0.24673418 -0.22484268 -0.18999951
v -0.24611285 -0.16425873 0.02665585
v -0.23154866 0.18056362 0.15665879
v -0.24584111 -0.04059795 -0.01502728
v -0.24474427 -0.30984229 -0.25292102
v -0.24016017 -0.04254745 0.00178609
v -0.24178685 -0.39038395 -0.12177575
v -0.25330129 -0.39308890 -0.17255428
v -0.24735994 -0.11339690 -0.00963929
v -0.24235933 -0.06415214 -0.02633912
v -0.24382199 -0.30888635 0.09811944
v -0.24397973 -0.05829890 -0.05137885
v -0.22962241 -0.40868097 -0.32332784
v -0.24212260 -0.41848976 0.00949986
v -0.24271823 -0.10678503 0.10665373
v -0.24448227 -0.50917171 -0.10305075
v -0.24108551 -0.15216541 0.03299498
v -0.24354699 -0.08784163 -0.12004706
v -0.24268088 -0.49128149 0.00484925
v -0.22696714 -0.46613567 0.09154766
v -0.23670683 -0.58241487 -0.13080599
v -0.25847910 -0.99952042 0.06580953
v -0.23668468 -0.98398257 -0.22558122
v -0.23866937 -0.96644433 -0.23433625
v -0.25659711 -0.93892396 -0.23455274
v -0.22972179 -0.87070352 -0.24183999
v -0.24900952 -0.79163559 0.11673219
v -0.24524978 -0.76516102 -0.22784727
v -0.22402420 -0.77679691 0.10301887
v -0.24659313 -0.76083373 -0.21968327
v -0.23681302 -0.46442217 -0.30078740
v -0.25036399 -0.45773333 -0.30534642
v -0.23155408 -0.42165792 0.05080289
v -0.24211355 -0.41633167 0.03407171
v -0.24277083 -0.26201857 0.09489948
v -0.24092653 -0.25442624 0.10534641
v -0.24414461 -0.26776597 -0.22429454
v -0.23728798 -0.17667791 0.15779725
v -0.24206507 -0.14843573 0.15611185
v -0.21999965 0.18257463 -0.08110150
v -0.27843372 0.17008643 -0.05353611
v -0.24868182 0.19213029 0.10453515
v -0.23253951 0.52503271 -0.42236051
v -0.24858553 0.85013374 -0.30016008
v -0.23286913 0.94046841 0.18496340
v -0.24496004 0.94218169 -0.12314700
v -0.21274447 0.95822352 -0.07526706
v -0.24080059 -0.38330292 -0.15698064
v -0.24582458 -0.10366783 0.09028270
v -0.23791130 -0.40902040 -0.23353700
v -0.24114635 -0.15086078 0.04250142
v -0.23842454 -0.41520998 0.02861401
v -0.24372602 -0.38351838 -0.12803542
v -0.25118642 0.32914544 -0.32074959
v -0.23710946 -0.17488259 -0.17908080
v -0.24151079 -0.06456892 -0.08006747
v -0.23522418 -0.24518617 0.11548190
v -0.22449294 0.32954661 0.32485409
v -0.23646210 -0.42097275 0.02348754
v -0.23995484 -0.43975537 -0.31959058
v -0.23248142 0.16868215 0.02419176
v -0.24554478 -0.27199732 0.08868475
v -0.24596366 -0.99946176 -0.08381459
v -0.22854787 -0.98419963 0.11326285
v -0.24956494 -0.77860906 0.10475514
v -0.22551075 -0.64582300 -0.16219174
v -0.24377307 -0.65281006 0.04671484
v -0.24143381 -0.58300244 0.02761431
v -0.23822464 -0.52667204 -0.11907105
v -0.24105426 -0.43757013 0.11391311
v -0.23260930 -0.41828654 0.04020591
v -0.23762462 -0.38012675 0.11210336
v -0.23659088 -0.25533824 0.10392999
v -0.23903887 -0.05622859 -0.08995452
v -0.23418577 -0.04083260 -0.11828987
v -0.23494889 -0.03224834 -0.13164042
v -0.25143136 0.17317514 -0.00097755
v -0.23192134 0.20766516 -0.02351724
v -0.24724279 0.22334681 -0.05705550
v -0.23165086 0.25616049 -0.22801854
v -0.21306637 0.40743856 -0.39973151
v -0.24253030 0.52484210 0.36700227
v -0.23826758 0.57563745 -0.42325926
v -0.25380738 0.59980383 0.39324177
v -0.24525125 0.76420178 -0.37039232
v -0.22924127 0.84231317 0.32384201
v -0.24320183 0.89719688 -0.24479633
v -0.22327572 0.94606231 -0.15548998
v -0.22715327 0.96798351 0.07440403
v -0.23365714 -0.22514280 0.14074962
v -0.23569457 -0.14107803 0.04214795
v -0.24068821 -0.04963829 -0.09451818
v -0.23468621 -0.07744292 -0.14327895
v -0.23614684 -0.06565320 -0.00310426
v -0.23709795 -0.11242833 -0.15643161
v -0.23583252 -0.51599798 0.02500711
v -0.23682589 -0.12042673 0.12967791
v -0.23803676 -0.11140228 0.01837998
v -0.23163088 -0.04987268 0.01422048
v -0.22195716 -0.54966348 -0.14004995
v -0.22770318 -0.19283221 0.14735705
v -0.23311045 -0.39059987 -0.14227044
v -0.23965869 -0.08581101 -0.00508626
v -0.23427585 -0.12902695 0.07010840
v -0.23023370 -0.25246549 0.10927721
v -0.23053467 -0.13564864 0.05748639
v -0.24689213 -0.99643935 -0.20730983
v -0.24105732 -0.71101193 0.08416938
v -0.23921916 -0.72195088 -0.19693493
v -0.24084209 -0.62397444 -0.14078768
v -0.23691087 -0.48358865 -0.12193499
v -0.22859527 -0.46389098 -0.31054991
v -0.22739750 -0.44603653 -0.32822650
v -0.23854422 -0.44730351 -0.26765753
v -0.23676440 -0.34079920 0.10999696
v -0.22816131 -0.23667554 0.11795331
v -0.22509103 -0.22531469 -0.22501124
v -0.23330603 -0.13689997 0.06306944
v -0.23002165 -0.04838180 -0.12040457
v -0.23655485 -0.02226072 -0.15075688
v -0.23997132 0.06870605 -0.18095165
v -0.24685275 0.17011912 -0.09657690
v -0.21592055 0.17493296 0.12110378
v -0.22091240 0.52903979 0.38742049
v -0.24082925 0.74959780 0.37697245
v -0.23430769 0.81334154 0.34405356
v -0.22301899 0.96172837 0.00480414
v -0.24345550 0.95796028 0.11618437
v -0.23394681 -0.39666682 -0.22045944
v -0.23466192 -0.38373589 -0.14940260
v -0.22979787 -0.20949460 -0.20993134
v -0.25030374 0.36372024 -0.35139178
v -0.22283709 0.35824000 0.32321561
v -0.22955947 -0.14236673 0.14425995
v -0.23794282 -0.75371992 -0.20612544
v -0.21940401 -0.77131901 0.10260345
v -0.22419542 -0.12824890 0.11871515
v -0.23250885 -0.11783564 0.09304950
v -0.21372830 0.33415883 -0.35365975
v -0.22692055 -0.38801373 -0.20627036
v -0.22039557 -0.92186967 -0.24345125
v -0.20733363 -0.78958394 -0.24512077
v -0.22220019 -0.75933562 -0.22498950
v -0.22707714 -0.68290498 -0.18343055
v -0.23195161 -0.61480044 0.04634232
v -0.23476670 -0.47242824 0.09828892
v -0.22523769 -0.47070352 0.11281210
v -0.22693369 -0.42739083 0.04147931
v -0.22159999 -0.44230540 -0.15221600
v -0.22468802 -0.22209732 0.12709401
v -0.22751024 -0.16418031 0.14958844
v -0.22205886 -0.12516421 0.06995339
v -0.22940136 -0.01789348 0.03764533
v -0.21412473 -0.02096258 -0.15228487
v -0.22970543 0.02373355 0.05360155
v -0.21796403 0.00481867 -0.17064436
v -0.21378590 0.09194679 -0.18583563
v -0.22324388 0.15561107 -0.14622889
v -0.21320561 0.18305213 0.22909713
v -0.22617259 0.18925145 0.05933093
v -0.21070849 0.26863530 -0.27805716
v -0.22289257 0.48073116 -0.41911444
v -0.21742205 0.59875256 0.41497165
v -0.21904294 0.82697672 -0.34024778
v -0.22073527 0.88499350 -0.27880284
v -0.23157367 0.88840621 0.27289824
v -0.23389522 0.91538223 -0.22283785
v -0.21813299 0.91931314 0.23805830
v -0.21876745 0.93566702 -0.19463850
v -0.22059998 -0.08744543 0.03988603
v -0.22924907 -0.55338683 0.04050381
v -0.20260196 0.69906761 0.41569640
v -0.22075445 -0.39168036 -0.16230297
v -0.21474370 -0.16965454 0.12953948
v -0.22611546 0.55915150 0.40004197
v -0.22180369 -0.14584856 0.13613179
v -0.22625039 -0.07699029 -0.16258266
v -0.22235627 -0.04482530 0.03274180
v -0.22456332 -0.15938381 -0.19521985
v -0.22035480 -0.06930659 0.03269758
v -0.22050831 -0.20743186 0.12963643
v -0.21169792 -0.72168102 0.10649181
v -0.22477013 -0.70151740 0.09215816
v -0.21918566 -0.63912723 0.06283088
v -0.21912216 -0.61646414 -0.15379555
v -0.21891728 -0.55474306 0.05180239
v -0.22405229 -0.49707054 0.04388921
v -0.22598228 -0.50360236 -0.13575661
v -0.22120967 -0.42563655 0.05002743
v -0.21622991 -0.42835268 -0.33590944
v -0.20943016 -0.37142229 -0.32349523
v -0.23088110 -0.36345175 -0.30269922
v -0.22374513 -0.26842454 -0.25105047
v -0.22276371 -0.02503721 -0.14506666
v -0.21196701 0.03097627 0.06653717
v -0.22440203 0.04931065 -0.18196161
v -0.21072353 0.17451043 0.19944963
v -0.20733360 0.18908402 -0.04829539
v -0.22925074 0.23630954 -0.15847707
v -0.21087433 0.25543694 -0.25349137
v -0.22113306 0.69025229 -0.41550599
v -0.20951334 0.74728472 -0.39789759
v -0.23804106 0.72129989 0.39062806
v -0.21726731 0.78346102 -0.37341488
v -0.22846848 0.86853851 0.29848884
v -0.21116341 0.93880796 0.20715033
v -0.22238216 -0.13278299 0.08288683
v -0.22546035 -0.29273736 0.11858824
v -0.21996288 -0.13387265 0.09859307
v -0.22324557 -0.24341694 0.11811347
v -0.21742123 -0.12745288 0.08477725
v -0.21863767 -0.08660598 -0.18071940
v -0.20538380 -0.15064339 -0.21568570
v -0.20765469 -0.08479239 -0.19453699
v -0.21500095 -0.41244503 -0.26460883
v -0.22625508 -0.93897352 0.12654941
v -0.22920427 -0.78038894 0.11892806
v -0.22290998 -0.77856640 0.10909068
v -0.22104093 -0.74967444 0.10444194
v -0.21967020 -0.75188631 -0.21502622
v -0.21973932 -0.71999348 -0.20804267
v -0.22193119 -0.66011295 0.07028792
v -0.21425754 -0.60596881 0.05917243
v -0.19988485 -0.59027329 -0.15740315
v -0.22400091 -0.57582010 -0.14111130
v -0.20023663 -0.47076924 0.10934718
v -0.21931934 -0.45662432 -0.29959225
v -0.22239233 -0.45719025 -0.32543424
v -0.22435178 -0.44976321 0.12173366
v -0.21008915 -0.38352525 -0.20249312
v -0.22491069 -0.38303035 -0.16935311
v -0.20132265 -0.21716679 -0.24553352
v -0.21732803 -0.21495681 0.12755414
v -0.21452671 -0.14340350 0.11213118
v -0.21519049 -0.13352407 0.09480106
v -0.22516950 0.02530697 -0.17667390
v -0.21670032 0.11157288 -0.18020522
v -0.21981987 0.12373472 -0.17462347
v -0.20754798 0.13968499 0.06168118
v -0.20878197 0.18711621 -0.01362043
v -0.20906900 0.19438805 -0.00417135
v -0.22498065 0.40701352 0.32592606
v -0.23475774 0.48581376 0.34777621
v -0.21102498 0.54572475 0.40178682
v -0.21781058 0.67180015 0.41383486
v -0.21094768 0.76034430 0.38911829
v -0.22329265 -0.04105921 -0.13392223
v -0.22563946 -0.30353664 -0.27107262
v -0.22034898 0.30923216 -0.32463837
v -0.21521442 -0.02526280 0.04879199
v -0.19759500 -0.85160380 0.13477316
v -0.21816345 -0.78951225 0.12846988
v -0.21976550 -0.77618727 -0.23592811
v -0.20714983 -0.77068106 -0.22252448
v -0.20936196 -0.49672639 0.05943847
v -0.21589040 -0.46284352 0.12245561
v -0.21264471 -0.43162515 0.07692937
v -0.20760562 -0.42466680 0.07067278
v -0.20549595 -0.40917951 -0.17429654
v -0.20771038 -0.33352941 -0.30385597
v -0.20905662 -0.16720955 0.12453540
v -0.21745091 -0.03234020 -0.14392758
v -0.19455176 0.03848321 0.07810062
v -0.20561535 0.17567070 0.03070027
v -0.21040287 0.18287359 0.00764152
v -0.18780330 0.21143848 0.30324665
v -0.19454264 0.21712956 -0.16822466
v -0.20980954 0.28543834 -0.30457790
v -0.21743481 0.45588160 0.34450503
v -0.20690521 0.56675681 0.41251432
v -0.20198707 0.83269624 0.34760173
v -0.19942275 0.89634773 0.28240403
v -0.19526492 0.95630348 -0.16128466
v -0.18463782 0.37493493 -0.39834502
v -0.20592077 -0.44215703 -0.29566123
v -0.19458228 0.59337268 -0.44255478
v -0.20608582 0.18866503 0.02016123
v -0.18948213 -0.00692246 0.07383860
v -0.20267362 0.71401607 -0.41504448
v -0.20208610 -0.25406077 -0.26315337
v -0.18882377 -0.92849057 0.13573227
v -0.21476866 -0.78192326 -0.24091895
v -0.21025048 -0.75975280 -0.21934867
v -0.20632938 -0.70040370 0.10177120
v -0.20936379 -0.67528761 -0.18744309
v -0.21223423 -0.46265697 -0.32156083
v -0.20071757 -0.42755723 0.07744623
v -0.21281972 -0.40388487 -0.33381964
v -0.19249865 -0.39178580 -0.25538633
v -0.20792643 -0.38421722 -0.18835404
v -0.21868054 -0.33615540 0.12543896
v -0.21072305 -0.20701857 0.13086774
v -0.20252804 -0.16901607 0.12846021
v -0.20877069 -0.13816394 0.10615606
v -0.20576047 -0.00747340 -0.16630910
v -0.19823048 0.07241726 0.07792012
v -0.19666183 0.16601682 0.16836776
v -0.20852013 0.18095160 -0.10689868
v -0.20081345 0.18302848 0.03885951
v -0.20436414 0.19339328 -0.02613793
v -0.19548107 0.20259184 -0.10179090
v -0.19707376 0.33432013 0.33958491
v -0.19998637 0.50405411 0.37357914
v -0.21539735 0.64483556 0.41782730
v -0.18967251 0.80834562 -0.36791981
v -0.20465548 0.91656194 -0.24349514
v -0.21045615 0.95975437 -0.11115881
v -0.21793573 0.96504351 0.13298084
v -0.20372212 0.18311127 0.02064730
v -0.20028416 -0.01149404 -0.17031020
v -0.19630249 0.37483901 0.33869981
v -0.20111791 -0.03545081 -0.18144587
v -0.20726103 0.06769400 -0.18985679
v -0.20023487 0.19359890 -0.06157188
v -0.19712298 -0.11165419 0.10453059
v -0.21451145 0.19360147 0.25383628
v -0.19677325 -0.96804939 -0.23932920
v -0.20654981 -0.96733026 0.12676467
v -0.18790862 -0.91084776 -0.24709487
v -0.18304250 -0.81315895 -0.24840061
v -0.18363425 -0.77594617 -0.23491059
v -0.20118332 -0.64936873 0.07635763
v -0.19467919 -0.61770234 0.07063115
v -0.20295544 -0.57083802 0.06337049
v -0.19848895 -0.56677886 -0.15483090
v -0.19969264 -0.52103588 0.06590723
v -0.21186615 -0.51896145 -0.14741616
v -0.20858742 -0.48892662 -0.15371642
v -0.20252478 -0.47285118 0.11591111
v -0.19789152 -0.45836075 -0.31762869
v -0.18850995 -0.43421574 0.08885356
v -0.19453053 -0.32022038 0.14288009
v -0.20965162 0.11889665 0.06751478
v -0.22717960 0.15546784 0.04125858
v -0.18612269 0.17351674 0.06861843
v -0.20122401 0.17466709 -0.13058206
v -0.22038449 0.23392874 0.30728544
v -0.20454480 0.24130640 -0.22865195
v -0.21345986 0.28709850 0.34070233
v -0.19938886 0.53444959 -0.43880476
v -0.19682082 0.62756214 -0.43900919
v -0.18414966 0.69120729 0.42490358
v -0.19088696 0.77781813 0.38979053
v -0.20702943 0.80644326 0.36440217
v -0.18481052 0.86887368 0.32249177
v -0.20026211 0.95880101 -0.04305632
v -0.19809784 0.18801661 -0.07885491
v -0.20486567 -0.07840130 0.06318978
v -0.20593022 -0.39058641 -0.18097947
v -0.20348705 0.20016924 -0.06465102
v -0.20066214 0.97623755 0.05045501
v -0.20128598 -0.43324020 0.06842526
v -0.17879287 -0.42834962 -0.35544629
v -0.18190185 0.33085267 -0.37059373
v -0.18967825 0.19413193 -0.08406154
v -0.22243028 -0.99577254 0.09852195
v -0.18454432 -0.79047503 0.13745759
v -0.20129440 -0.74766583 0.11252747
v -0.19922196 -0.73998187 -0.21961810
v -0.19234366 -0.70076866 -0.20777480
v -0.18583231 -0.69391800 0.10507970
v -0.19257497 -0.61554790 -0.16546347
v -0.19010492 -0.51881778 -0.15910933
v -0.19521876 -0.46083454 -0.33470729
v -0.18989961 -0.44460199 -0.34922731
v -0.18282081 -0.43154348 0.08341693
v -0.19254734 -0.41168733 -0.28275741
v -0.17935392 -0.38555549 -0.24613247
v -0.19599591 -0.25967155 0.14493444
v -0.19129204 -0.17952723 -0.23867923
v -0.18895680 -0.03742474 -0.20309697
v -0.19321608 0.00408354 -0.18307473
v -0.19373997 0.01954495 -0.18589878
v -0.18876275 0.15029278 -0.17368729
v -0.19543720 0.17102262 0.04574000
v -0.19468821 0.17797631 0.04526900
v -0.18141752 0.17953059 0.25616417
v -0.19074132 0.18777266 -0.09767861
v -0.20675969 0.35359291 -0.37300356
v -0.20366241 0.51188783 0.37677076
v -0.17626953 0.65183476 -0.44202057
v -0.16622618 0.84338024 0.35432954
v -0.18471281 -0.12762122 0.12808909
v -0.20757951 0.86675642 -0.30815966
v -0.20262695 -0.03973371 0.05794758
v -0.18802679 0.02476895 -0.19277013
v -0.19069648 -0.01170005 -0.19864556
v -0.18473886 -0.14294068 -0.23180868
v -0.18652610 0.72835663 0.41440105
v -0.18225940 -0.99951495 0.08509304
v -0.21410426 -0.98978690 0.11116063
v -0.21089188 -0.83882995 -0.24557798
v -0.18431652 -0.77824943 0.11837333
v -0.18332591 -0.77097825 0.11473220
v -0.17401784 -0.65821465 -0.18659590
v -0.18290351 -0.63597419 0.07822849
v -0.18328222 -0.48189176 0.07728896
v -0.18969394 -0.48608546 -0.16500748
v -0.18935241 -0.45998853 0.10372922
v -0.18293409 -0.45960831 -0.32762985
v -0.20095901 -0.45379163 -0.33943450
v -0.20429636 -0.38452764 0.13128940
v -0.18129539 -0.35571998 0.14487763
v -0.18883482 -0.36310560 -0.33117214
v -0.19388381 -0.30951712 -0.29909969
v -0.17877734 -0.23998905 -0.27104076
v -0.19408636 0.06519490 -0.19749528
v -0.17613908 0.07741422 0.09043165
v -0.19206654 0.16612064 0.11892216
v -0.17977331 0.17553222 -0.13996945
v -0.18500190 0.17300337 0.05845293
v -0.21109971 0.26760583 0.33884909
v -0.17580709 0.28302730 -0.32675573
v -0.19354008 0.31453424 -0.34885815
v -0.18030420 0.44179535 0.36369447
v -0.18910372 0.49225501 -0.43688075
v -0.17153161 0.56007646 -0.45023182
v -0.17619245 0.65523143 0.43336031
v -0.16533001 0.91714545 -0.26399772
v -0.20206717 0.95678888 0.17431802
v -0.19978691 0.96739499 -0.00489105
v -0.18065773 -0.39225904 -0.20026872
v -0.18338689 0.18815875 -0.10463779
v -0.19947593 -0.05862176 0.06174462
v -0.18563008 0.04698074 -0.20242386
v -0.20013369 0.44060536 -0.41920470
v -0.17605330 0.28010822 0.36337294
v -0.17304230 -0.99543845 0.10720287
v -0.18967961 -0.98067741 -0.23290723
v -0.17859102 -0.95622984 0.13462905
v -0.18046340 -0.78129151 0.13222063
v -0.16283659 -0.74592211 0.11912040
v -0.19646251 -0.71863650 -0.21510299
v -0.18585865 -0.71789558 0.11349953
v -0.16960557 -0.61441024 -0.17096854
v -0.19059846 -0.41608256 -0.18287297
v -0.17874309 -0.15946846 0.14595496
v -0.18542934 -0.10101286 -0.22086187
v -0.18502748 0.00969767 -0.20878737
v -0.18882414 0.08563797 -0.20103458
v -0.17804387 0.12750901 -0.19293083
v -0.17989968 0.16392414 0.06187071
v -0.19001523 0.16506538 -0.15588066
v -0.16408981 0.15770919 0.19756876
v -0.18277142 0.19339828 -0.10636631
v -0.18391133 0.50950242 0.38408704
v -0.17683602 0.68837505 -0.43285848
v -0.17655871 0.88765417 0.30414162
v -0.18516390 0.89012985 -0.29202026
v -0.19399865 0.93896275 -0.20970947
v -0.18297101 0.97428880 0.14053915
v -0.20372015 0.97593417 0.09662483
v -0.18212461 -0.44496483 -0.31343301
v -0.17654979 -0.04441666 -0.21700747
v -0.16982788 0.86872124 -0.32261678
v -0.16797376 -0.99984773 -0.19478611
v -0.19600325 -0.64274768 -0.17428286
v -0.18965145 -0.46024370 0.13316950
v -0.18273497 -0.43876736 0.13819375
v -0.16220065 -0.41251894 -0.30066402
v -0.18895490 -0.40855122 -0.34834280
v -0.19583745 -0.39791416 -0.26463753
v -0.17008049 -0.19704719 -0.25800932
v -0.18020921 -0.19593387 0.15349207
v -0.17693042 0.05676093 -0.20997896
v -0.17407440 0.18188249 -0.11891517
v -0.20472758 0.19908456 0.27350299
v -0.17746135 0.21590200 -0.19569121
v -0.17004458 0.24194710 -0.26657844
v -0.17299524 0.24155455 0.34328848
v -0.17915605 0.48206466 0.37951966
v -0.18089831 0.59764520 0.42929914
v -0.18089605 0.71761409 0.41927631
v -0.16752469 0.73135631 -0.42043245
v -0.18890338 0.83305880 -0.34903496
v -0.17506959 0.82570704 0.36507434
v -0.17992190 0.93068918 0.24099428
v -0.17066087 0.95434378 -0.19036086
v -0.18604129 0.96463420 -0.03158239
v -0.17789230 -0.06710742 0.09612548
v -0.18672487 0.40887628 0.34954421
v -0.14769313 0.97508088 -0.04462227
v -0.18278033 -0.99211053 -0.22176852
v -0.15737148 -0.78489696 -0.24466028
v -0.17347325 -0.74227048 -0.22281679
v -0.16057432 -0.69805057 -0.20890607
v -0.15928252 -0.64051643 -0.17993150
v -0.17866594 -0.58190601 0.07336750
v -0.18134642 -0.52980895 0.07436551
v -0.17000603 -0.46129772 -0.33939537
v -0.16457714 -0.45465209 -0.35361839
v -0.18072993 -0.43818724 0.08028916
v -0.17171686 -0.43781810 0.09376137
v -0.17399501 -0.41822227 -0.19049755
v -0.16168903 -0.39051461 -0.21249058
v -0.17467200 -0.30234580 -0.30492360
v -0.16548128 -0.26085438 -0.28710916
v -0.17018061 -0.26480951 0.16217571
v -0.17447881 0.01016596 -0.21885812
v -0.17077398 0.03678324 0.09319904
v -0.17707010 0.11093163 0.08492428
v -0.18090636 0.10630231 -0.20024571
v -0.17533645 0.13586067 0.07761232
v -0.15664514 0.16163414 0.07901328
v -0.17542294 0.19351038 -0.12266744
v -0.18783101 0.25180210 0.34438587
v -0.17904476 0.30950863 0.35443859
v -0.18291287 0.53182856 0.40328015
v -0.17980768 0.57604679 0.42533948
v -0.15127719 0.75314362 0.41849558
v -0.18490733 0.91462574 0.26469395
v -0.17358544 0.95766219 0.19219431
v -0.18868680 0.96830997 -0.08274438
v -0.17291763 0.97885634 0.01022417
v -0.14918121 -0.40210291 -0.29760860
v -0.18022455 0.54953383 0.41521448
v -0.15838347 0.41023620 0.37027706
v -0.14884333 -0.97194836 -0.23805824
v -0.19542274 -0.94689394 -0.24494388
v -0.15505653 -0.80793237 -0.24819400
v -0.14832095 -0.80439184 0.14298009
v -0.15288983 -0.77097919 0.11674329
v -0.15448109 -0.71062443 0.11454465
v -0.15971845 -0.63036258 0.08173017
v -0.18109990 -0.54887841 -0.16092593
v -0.16134342 -0.52348813 -0.16711934
v -0.16503218 -0.47869857 0.08468638
v -0.18678638 -0.47139340 0.12719365
v -0.15190095 -0.46704208 0.11602879
v -0.15968427 -0.44422513 0.08802584
v -0.16840506 -0.39044764 0.14352169
v -0.17535158 -0.23686405 0.16005441
v -0.16365719 -0.12009877 -0.23994145
v -0.15984077 -0.12421705 0.14936240
v -0.16428447 0.06454660 0.09406681
v -0.16409610 0.11403411 0.08532494
v -0.15849621 0.11087768 -0.20322453
v -0.16297595 0.15661812 0.07071536
v -0.17186147 0.16068495 -0.16812047
v -0.17139729 0.16584919 0.06958159
v -0.16495524 0.18290880 -0.11996582
v -0.16911108 0.18876326 -0.12139426
v -0.16521603 0.21822547 -0.21933769
v -0.17509741 0.77785116 -0.39435531
v -0.17107252 0.93599274 -0.23026132
v -0.16581105 0.97595698 -0.10338175
v -0.16099574 0.98580043 0.11010493
v -0.16078083 -0.03345046 0.10053875
v -0.16449128 -0.00627164 0.09253783
v -0.14998870 -0.99931077 -0.14472947
v -0.17795095 -0.97814390 0.12728658
v -0.15566690 -0.71909834 -0.21739290
v -0.15990556 -0.68770084 0.10555881
v -0.17665961 -0.65751094 0.08825964
v -0.15294853 -0.33046067 -0.32787491
v -0.15544665 -0.21325835 -0.27027679
v -0.16695550 -0.04377137 -0.22407253
v -0.16330498 0.05933456 -0.21468054
v -0.16514739 0.14415019 -0.18544693
v -0.17591735 0.26341407 -0.29962184
v -0.16221204 0.35533051 -0.39847050
v -0.15982171 0.39712699 -0.42073620
v -0.15199089 0.44956916 0.38405567
v -0.16446953 0.45156110 -0.43738238
v -0.15553325 0.50323242 0.39692485
v -0.14201014 0.51150114 -0.45627771
v -0.15388244 0.53008067 0.41948356
v -0.17575751 0.62089922 0.43399655
v -0.14428250 0.77390678 0.41049628
v -0.16464364 0.98719601 0.06116773
v -0.16853576 -0.30547951 0.15911862
v -0.11044902 -0.99245015 -0.21540787
v -0.14727712 -0.98611164 -0.22787345
v -0.16547198 -0.87833498 -0.24768833
v -0.14350098 -0.77740259 0.11939649
v -0.17801032 -0.76891122 -0.22458164
v -0.14205020 -0.72684941 0.11671383
v -0.14788703 -0.42200162 -0.19715944
v -0.15963775 -0.40865104 -0.35904980
v -0.16078446 -0.38076913 -0.34990951
v -0.14394253 -0.23637642 0.17716518
v -0.15279108 -0.02910541 -0.22979408
v -0.15342611 0.00564034 0.09706907
v -0.14804917 0.04289137 -0.21916186
v -0.15334066 0.10671747 0.08254672
v -0.15119364 0.15766843 0.06960643
v -0.15823982 0.16511874 -0.15845058
v -0.15880988 0.26754736 0.37349983
v -0.13327059 0.32511683 -0.39152011
v -0.16884049 0.33690319 0.35766763
v -0.15746126 0.48803315 -0.44798326
v -0.14466660 0.72587339 0.43194178
v -0.16168328 0.79696225 0.39027649
v -0.12700664 0.93894728 0.24419980
v -0.15437508 0.96984215 -0.15953708
v -0.17750035 0.16580810 0.22042028
v -0.17493257 -0.98757949 0.12047259
v -0.14429650 -0.95780483 -0.24246938
v -0.13466520 -0.90603863 -0.24588776
v -0.13498617 -0.67221306 -0.19335165
v -0.14651058 -0.61494770 -0.17369186
v -0.15955577 -0.58323906 0.07760569
v -0.15603434 -0.47409488 0.12644656
v -0.14862748 -0.45862484 -0.33901818
v -0.15900063 -0.46621609 0.13868439
v -0.15407215 -0.44508953 -0.36084017
v -0.14228823 -0.45229894 -0.33350076
v -0.14779630 -0.44382318 0.09267437
v -0.15043912 -0.43746429 0.14465652
v -0.15204799 -0.43256164 -0.31748231
v -0.14486252 -0.40345432 -0.20642659
v -0.15344213 -0.38723270 -0.27004916
v -0.17397237 -0.38396424 -0.22173053
v -0.13674985 -0.38334872 -0.25547099
v -0.15084630 -0.16022989 0.16638464
v -0.12704280 0.15293343 0.23007715
v -0.14735494 0.15892169 -0.15944872
v -0.15192537 0.17749534 -0.11943143
v -0.14868477 0.18510006 -0.13802080
v -0.14807098 0.19853827 0.31176738
v -0.14366020 0.21826438 -0.23840890
v -0.15532141 0.55347638 0.43114186
v -0.14332074 0.69718229 0.44136092
v -0.14763500 0.82130560 -0.37232412
v -0.13456366 0.87367276 -0.32813406
v -0.16703542 0.97240773 -0.13373996
v -0.15620566 -0.07432806 0.12827361
v -0.15176606 0.01878411 0.09548512
v -0.15342451 0.17308192 -0.12408404
v -0.15206415 0.66724574 -0.44544373
v -0.14547215 0.35532960 0.37286211
v -0.14756311 0.13711771 -0.18637450
v -0.14122169 -0.93959081 -0.24550542
v -0.14637370 -0.74163682 -0.22152673
v -0.16306044 -0.58940238 -0.16769846
v -0.15279341 -0.53701108 0.08143903
v -0.16080654 -0.44020241 -0.18811996
v -0.15077214 -0.44366183 0.09966909
v -0.12103920 -0.43203839 -0.32436333
v -0.13867548 -0.42637045 -0.36640173
v -0.13715882 -0.38918917 0.15022470
v -0.14327423 -0.26122370 -0.29410999
v -0.14094416 -0.09295305 0.15121658
v -0.14184217 -0.00071892 -0.22791509
v -0.14428333 -0.00642519 0.10609710
v -0.14940322 0.06042530 0.08660090
v -0.13556602 0.09171921 -0.20452866
v -0.14589924 0.17209187 0.27135046
v -0.14827563 0.18593311 0.29411482
v -0.14554241 0.21431987 0.33008927
v -0.10961666 0.23985487 -0.30339625
v -0.15413504 0.29938912 -0.35634354
v -0.13923238 0.49642023 0.40118683
v -0.12959221 0.64127626 -0.45624221
v -0.13969698 0.65675064 0.44915624
v -0.14941497 0.85779571 0.34619462
v -0.14882949 0.95699813 0.20421757
v -0.15360467 0.15064356 0.06805211
v -0.14595079 0.16433150 -0.05838508
v -0.14509999 0.16536671 -0.08613423
v -0.14583510 0.17105535 -0.10816642
v -0.14429022 0.10583238 0.07143688
v -0.14140208 0.07240501 0.06670180
v -0.14221938 0.04829869 0.06676715
v -0.13975100 0.08563310 0.06092186
v -0.14030358 0.15261834 -0.07589621
v -0.12806313 -0.97176112 0.13419878
v -0.14528437 -0.65073205 0.08804251
v -0.13075006 -0.57341281 0.08086104
v -0.11559131 -0.53952395 -0.16890057
v -0.13300477 -0.48320880 0.09078242
v -0.15699030 -0.48599848 -0.17471700
v -0.15581287 -0.45909925 -0.35033811
v -0.12185017 -0.45436657 0.09293411
v -0.11775219 -0.45966054 0.14344518
v -0.12921221 -0.38842419 -0.35917417
v -0.10745949 -0.38533041 -0.25288973
v -0.15730031 -0.34252826 0.15724447
v -0.14870926 -0.12400675 -0.24898477
v -0.14392040 0.01396899 0.09092454
v -0.13803544 0.10027412 0.05987799
v -0.14076807 0.12208971 0.05321031
v -0.13842967 0.12647542 -0.18674263
v -0.14337089 0.15036118 0.04656764
v -0.14126360 0.15815130 -0.05403046
v -0.13871448 0.17320266 -0.09456133
v -0.14464503 0.17922312 -0.12232975
v -0.14615747 0.25389065 0.37373838
v -0.12425592 0.26393487 0.40026280
v -0.14237879 0.30853609 0.37946836
v -0.13286885 0.41641288 0.38636542
v -0.14360456 0.43499258 -0.44072772
v -0.12440665 0.45505631 0.39690376
v -0.13960574 0.50744446 0.40619281
v -0.13726453 0.52644824 0.42272831
v -0.14513382 0.60570310 0.44738863
v -0.12567196 0.71867604 -0.43553769
v -0.13487606 0.77519283 -0.40658053
v -0.15496353 0.84500647 -0.35032154
v -0.13676767 0.91642086 -0.27478889
v -0.13075498 0.97674431 0.16251684
v -0.14582046 0.97550765 -0.03045834
v -0.14858221 0.98550633 0.01727147
v -0.13808318 0.15588021 -0.12341668
v -0.14502511 0.16482467 0.25416531
v -0.13523742 0.13330367 -0.10693194
v -0.15817357 -0.99818616 -0.20609307
v -0.13212145 -0.98729739 0.12269338
v -0.15241126 -0.94089554 0.13993916
v -0.15392279 -0.85798636 0.14239062
v -0.12894991 -0.78882698 0.14239978
v -0.11482091 -0.78057468 -0.23435144
v -0.13190278 -0.68919007 0.10445102
v -0.13299886 -0.61404165 0.08078915
v -0.14575065 -0.55525635 -0.16763866
v -0.12673556 -0.46647244 -0.18344553
v -0.10975368 -0.38494894 -0.27504921
v -0.15447442 -0.20492591 0.17153794
v -0.13792707 0.02144824 0.06996407
v -0.13421049 0.04999631 0.06287509
v -0.13775256 0.07396569 -0.21093989
v -0.13516105 0.11490514 0.05202353
v -0.13547094 0.14103426 -0.08267776
v -0.13783941 0.15593931 0.05028874
v -0.13991384 0.16852725 -0.05615113
v -0.14110955 0.25921358 -0.31386415
v -0.12405110 0.27875283 0.40228157
v -0.14821331 0.28429359 0.38258270
v -0.13863387 0.54658206 0.43402309
v -0.14178685 0.57066392 0.44229062
v -0.12154583 0.78123280 0.41354865
v -0.15203506 0.89050260 0.30936507
v -0.13750090 0.95905152 -0.19941613
v -0.12040424 0.98457145 -0.06937214
v -0.13607738 0.98850880 0.11668361
v -0.13022637 0.11429449 -0.13501088
v -0.13718196 0.14452984 -0.16245003
v -0.12337939 0.30564757 -0.37964727
v -0.13401262 0.08251300 0.05860941
v -0.12190053 -0.10684962 0.16840394
v -0.12313312 -0.80108278 -0.24508024
v -0.11679787 -0.77110336 0.11127875
v -0.12372792 -0.74692788 0.11509133
v -0.11646082 -0.74438843 -0.21713387
v -0.13348137 -0.70279966 -0.20895737
v -0.12383127 -0.66066563 -0.18538823
v -0.12385864 -0.61650247 -0.17330231
v -0.11651835 -0.55179810 0.08295681
v -0.13409292 -0.47126487 0.13815303
v -0.14657520 -0.39178208 -0.28503946
v -0.13231600 -0.38888678 -0.22650649
v -0.13129554 -0.35806614 -0.34593195
v -0.13789415 -0.21909159 -0.27728745
v -0.12500653 0.01005871 0.09165007
v -0.12299704 0.09230069 -0.18747178
v -0.12799817 0.11126556 -0.17491461
v -0.12605817 0.16456842 -0.07354827
v -0.13561316 0.23146887 0.35104142
v -0.13504728 0.36337834 -0.41483165
v -0.13282055 0.55353277 -0.46162762
v -0.11989697 0.58620519 -0.46444913
v -0.14791265 0.60345224 -0.45657004
v -0.11048157 0.68635203 -0.44967943
v -0.11881691 0.74977316 -0.42321536
v -0.14432654 0.89359387 -0.30272253
v -0.13401198 0.91468494 0.28163331
v -0.13364749 0.14863062 0.04614095
v -0.12756027 0.10697783 0.06058147
v -0.12729287 0.15101658 0.05837767
v -0.13359710 0.15030847 -0.06219021
v -0.15590157 0.15415390 0.14055861
v -0.12611240 0.09555742 -0.16414376
v -0.13394732 -0.26837490 0.17887927
v -0.12729386 0.20280743 0.33971229
v -0.11109769 -0.95641593 0.13850337
v -0.11967826 -0.64852166 0.08453743
v -0.12003707 -0.44716906 0.09835905
v -0.10531796 -0.40886261 -0.36666846
v -0.11145050 -0.39668023 -0.21841006
v -0.11112264 -0.33365599 0.17357410
v -0.13784271 -0.30429966 0.17220751
v -0.14038713 -0.29376597 -0.31104694
v -0.11098635 -0.24038399 -0.28968208
v -0.13858138 -0.17226877 -0.26407467
v -0.12581842 -0.05475705 -0.24482711
v -0.13008499 -0.05670770 0.14583198
v -0.13600728 0.00343152 0.10120897
v -0.12455094 0.09701253 -0.15358012
v -0.12412076 0.11101383 -0.13177167
v -0.14605318 0.15173564 0.17091309
v -0.12041905 0.16603109 0.29700655
v -0.10121831 0.45720199 -0.45867286
v -0.10210913 0.91769865 -0.28091396
v -0.12770180 0.94079034 -0.23856250
v -0.13237020 0.98147507 -0.13038608
v -0.13462456 0.15978490 -0.05541605
v -0.12620410 0.06186920 0.07041689
v -0.09971469 -0.91067958 -0.24149410
v -0.12945031 -0.77047856 -0.22022607
v -0.10908315 -0.71931342 -0.21037771
v -0.11314834 -0.68868766 0.09916997
v -0.13139481 -0.46043131 -0.34829479
v -0.10948903 -0.45230697 0.10470864
v -0.10863315 -0.41955055 0.14729351
v -0.11378731 -0.32774549 -0.33205366
v -0.11304776 -0.03301018 -0.24254062
v -0.12095772 0.01537757 -0.22389291
v -0.12925198 0.02253983 0.07366708
v -0.11960561 0.08485886 -0.16918744
v -0.11941906 0.15844399 0.27628382
v -0.12174042 0.25316623 0.39257464
v -0.11840900 0.29094828 -0.36775603
v -0.12368032 0.34040152 0.38530121
v -0.09938734 0.39612466 -0.44182583
v -0.12135239 0.37721590 0.38695677
v -0.13374615 0.61353574 0.45116196
v -0.12358048 0.71774655 0.44035416
v -0.12304726 0.76080661 0.42327619
v -0.11846884 0.79705111 -0.39663187
v -0.11050523 0.82002456 0.38996742
v -0.13758288 0.98344952 -0.08886945
v -0.11925209 0.99357702 0.07383636
v -0.11897983 0.07334021 -0.19855081
v -0.08981486 -0.99890633 -0.06520640
v -0.13932403 -0.99940001 -0.03814757
v -0.11416458 -0.99228418 0.11551477
v -0.12863027 -0.91097739 0.14327750
v -0.11770612 -0.83418262 0.14495211
v -0.07108453 -0.77604086 0.12751748
v -0.11037870 -0.77712106 0.11233371
v -0.11925316 -0.77716222 -0.22318628
v -0.09892728 -0.77147764 -0.21166911
v -0.09756507 -0.69841988 -0.19813149
v -0.10008201 -0.65506451 0.08079554
v -0.10425185 -0.59776517 0.07817535
v -0.11675110 -0.49819413 -0.17449909
v -0.12389288 -0.40080988 -0.30488156
v -0.09237031 -0.28112289 0.18932852
v -0.12037984 -0.11492281 -0.25828539
v -0.11802327 -0.00185033 0.12344209
v -0.11907221 0.03951897 -0.21312739
v -0.11878487 0.08169152 0.07560244
v -0.11760492 0.09048413 -0.15817527
v -0.11951153 0.14779374 0.15490592
v -0.11943707 0.15122712 0.08091107
v -0.12170197 0.18013229 0.32035946
v -0.10997472 0.19065594 -0.18996860
v -0.11608630 0.20083227 0.34637475
v -0.12366868 0.24311368 0.37080421
v -0.10383040 0.25920998 0.41732614
v -0.09365922 0.36445043 -0.42816037
v -0.11168516 0.53149770 0.42854587
v -0.12109047 0.74407247 0.43200414
v -0.11505828 0.85304772 -0.35226917
v -0.11215835 0.97573391 -0.16620086
v -0.11029719 0.98048532 -0.03706261
v -0.12950872 0.13784816 -0.08304739
v -0.11993238 0.42638606 0.39291400
v -0.11496041 0.29768823 0.40158793
v -0.10628904 -0.15992658 0.18857951
v -0.10424075 -0.74732793 0.10780512
v -0.08666016 -0.45547750 0.09236595
v -0.10533423 -0.48046069 -0.17767674
v -0.10741030 -0.45603742 -0.34043758
v -0.10865362 -0.45681369 -0.36015761
v -0.10706180 -0.40915956 -0.20711177
v -0.11375002 -0.21228478 -0.27943435
v -0.09673255 -0.07545465 -0.25491704
v -0.09255105 -0.04628260 0.16881885
v -0.11425503 -0.01160031 0.13687058
v -0.09646536 -0.01561985 -0.23928320
v -0.10797903 0.01520501 0.10278133
v -0.10354747 0.02808056 0.10109401
v -0.10852987 0.03018679 -0.21479565
v -0.10847469 0.05294079 -0.20051451
v -0.11177580 0.07671538 -0.17537620
v -0.12523842 0.12247864 -0.11413529
v -0.10838497 0.14794924 -0.09012243
v -0.09128739 0.14704126 0.24240676
v -0.11037912 0.16323619 -0.09521033
v -0.11837123 0.31519045 0.39156314
v -0.08705440 0.33231432 -0.40885539
v -0.11181294 0.55222215 0.43973496
v -0.10679824 0.65611966 0.45410316
v -0.11161373 0.69574983 0.44783094
v -0.10586859 0.73830887 0.42618062
v -0.10937726 0.74689360 0.42448171
v -0.09934664 0.77293373 -0.41440857
v -0.09965312 0.77521575 0.41772284
v -0.10758826 0.84629567 0.36752668
v -0.08204964 0.86507017 -0.34553664
v -0.11144667 0.89131022 0.31724887
v -0.09812406 0.95676789 -0.21468944
v -0.11441333 0.98698851 0.12941246
v -0.10397597 0.98724503 -0.12118564
v -0.08153900 0.98964179 -0.08191484
v -0.11523694 0.98783675 0.00796337
v -0.11151573 0.15629135 -0.08592160
v -0.11230677 0.50109062 0.40638490
v -0.09204930 -0.74553282 -0.20899151
v -0.11165866 -0.71032711 0.10667224
v -0.11099078 -0.63143207 -0.17434043
v -0.09169232 -0.53956027 -0.16601007
v -0.09640630 -0.47124684 0.13688115
v -0.10268442 -0.43000056 -0.36890273
v -0.09159505 -0.40286735 0.15195276
v -0.11373669 -0.38994612 0.15381465
v -0.11246800 -0.16859108 -0.26861105
v -0.10054024 0.03812956 -0.20642533
v -0.10381694 0.07385362 0.08985760
v -0.08970923 0.14065745 -0.10766175
v -0.11193563 0.14346554 0.07390790
v -0.10551584 0.22364303 0.36989175
v -0.09822831 0.22835277 0.37972267
v -0.10263517 0.36714883 0.39268806
v -0.11024438 0.51142246 0.41120204
v -0.11175589 0.57525780 0.44712556
v -0.10808942 0.60888208 0.45351362
v -0.10711595 0.73388018 0.43191656
v -0.10429945 0.86749271 0.34681211
v -0.09111607 0.93617404 -0.25340217
v -0.09116471 0.98231452 -0.02694354
v -0.07448409 0.99022111 0.11292535
v -0.12029194 0.99255028 0.04453888
v -0.09601529 -0.62402906 0.07588374
v -0.09527878 0.15868742 -0.10494441
v -0.10671048 0.27725881 0.42358243
v -0.09561885 -0.98056955 -0.22680793
v -0.09868119 -0.97870578 0.12861444
v -0.10422086 -0.80029838 0.14418448
v -0.09979493 -0.66371836 -0.18074218
v -0.09075223 -0.57812547 0.07687285
v -0.11630191 -0.42960298 -0.19763676
v -0.08875714 -0.39683128 -0.30205652
v -0.10011942 -0.28877086 -0.31197771
v -0.09858756 -0.24003623 0.19418440
v -0.11130110 -0.19722475 0.19022609
v -0.09193329 -0.20239559 -0.27740051
v -0.10025236 -0.06154006 0.16946076
v -0.10613732 0.06884798 -0.18270491
v -0.09773422 0.08592930 -0.16381248
v -0.10797988 0.13178962 0.07625384
v -0.10305938 0.15283619 0.27617435
v -0.10473980 0.16956492 0.31545738
v -0.10863201 0.17071679 -0.12268073
v -0.10201997 0.19170689 0.34422999
v -0.10553231 0.20584699 -0.23397610
v -0.10996186 0.25124087 -0.32182916
v -0.10393394 0.26453132 -0.34054842
v -0.09207091 0.30891489 0.40738021
v -0.09211877 0.50666481 0.41339239
v -0.09364035 0.55926256 -0.46977037
v -0.10697502 0.71719727 0.43690132
v -0.10334698 0.75239407 0.42238690
v -0.11449711 0.96082990 0.20527583
v -0.07385801 0.97767894 0.16160199
v -0.09171941 0.74238121 0.43742934
v -0.10632399 -0.57864624 -0.16775647
v -0.08603614 0.73397848 0.44189312
v -0.08638488 -0.99575610 0.10159086
v -0.09346393 -0.94438921 -0.23888873
v -0.08151144 -0.82958010 0.14249465
v -0.09879130 -0.78968595 -0.23823193
v -0.08052352 -0.77956961 -0.22539013
v -0.11558961 -0.77903141 0.11974652
v -0.07544302 -0.77685864 -0.20664863
v -0.09568615 -0.77118680 0.10093918
v -0.10422140 -0.47049445 0.12335865
v -0.07475646 -0.43316621 0.14203804
v -0.07679753 -0.07930421 0.18672493
v -0.08691361 -0.00507965 0.14849133
v -0.08398892 0.12248474 0.09346221
v -0.10428968 0.13277870 -0.10702401
v -0.09576216 0.14682667 0.11447627
v -0.09245934 0.23675311 0.39661921
v -0.09820238 0.27038071 0.42689196
v -0.09376071 0.29284626 0.42564209
v -0.08558086 0.36246207 0.39637869
v -0.08473856 0.42391138 0.40070234
v -0.09011438 0.57684504 0.45609265
v -0.08672952 0.76563625 0.42864872
v -0.10319787 0.89285699 -0.31314456
v -0.07664417 -0.98521645 -0.21839351
v -0.09627253 -0.78023928 0.13846224
v -0.07709187 -0.66584369 -0.17263865
v -0.09380912 -0.44779002 -0.33411020
v -0.07273867 -0.41524683 -0.19969370
v -0.06832216 -0.41613936 -0.36572100
v -0.10122611 -0.39092899 -0.29357592
v -0.05571692 -0.39223519 -0.24742690
v -0.09641723 -0.14285247 -0.26577206
v -0.08475905 0.01865542 0.11838014
v -0.06982223 0.07078296 -0.17202555
v -0.08361460 0.15117560 0.27877205
v -0.08631607 0.17639195 0.33022018
v -0.08783816 0.17393538 -0.14795727
v -0.08377427 0.21779893 0.37320809
v -0.08000343 0.23283687 -0.30308674
v -0.07520697 0.27848659 -0.36667185
v -0.09439046 0.28893414 -0.36846007
v -0.09153212 0.32784621 0.39793604
v -0.08400666 0.49040753 0.40977521
v -0.10433642 0.52020992 -0.46672864
v -0.09086624 0.60390551 0.45977190
v -0.10044318 0.82086491 -0.38235989
v -0.08293013 0.94017656 0.24524954
v -0.08432399 0.72301177 0.44708121
v -0.08497017 -0.92567146 0.14033875
v -0.09168260 -0.77838467 0.10427080
v -0.08949759 -0.73934107 0.09861709
v -0.07410707 -0.71132020 -0.19176974
v -0.08684037 -0.70671762 0.09161393
v -0.08915337 -0.65339520 0.07582357
v -0.08542004 -0.60363229 -0.16499054
v -0.08327776 -0.45861516 -0.18133617
v -0.07555437 -0.42743282 -0.19300787
v -0.07385948 -0.38646728 0.16033849
v -0.06854618 0.03421419 -0.19636998
v -0.08158478 0.05788657 0.10829411
v -0.08701966 0.05122191 -0.18795040
v -0.08498864 0.13913674 0.09442782
v -0.06875808 0.14590390 0.14018444
v -0.09242377 0.15074967 -0.10369458
v -0.08572542 0.16393782 -0.11970533
v -0.11218258 0.22224600 -0.26641825
v -0.10110030 0.42410722 -0.45056661
v -0.07519605 0.60409851 -0.46968918
v -0.09397907 0.63612627 -0.46388144
v -0.09062734 0.78856539 0.41550686
v -0.06956959 -0.11715033 0.19789585
v -0.06731741 0.15170571 -0.11883711
v -0.08116272 -0.77117225 0.08900243
v -0.06095980 -0.55450780 0.06931929
v -0.10010820 -0.99840000 -0.19084919
v -0.06926516 -0.95908630 0.13238569
v -0.07718033 -0.88133512 0.14081630
v -0.06674217 -0.74574045 -0.19382876
v -0.07069385 -0.46731021 0.13761987
v -0.06597142 -0.45250495 0.09176105
v -0.09355034 -0.40870034 -0.31276676
v -0.05705697 -0.39751220 -0.22459057
v -0.09233786 -0.38897396 -0.36106401
v -0.07322026 -0.16663404 -0.26816862
v -0.07113621 -0.06373939 -0.25240252
v -0.07388816 0.00183215 0.13875960
v -0.07908400 0.01294688 -0.22601948
v -0.08982361 0.00530690 0.12696863
v -0.08218888 0.10323549 -0.14851300
v -0.07466767 0.12269677 -0.12649707
v -0.08852642 0.14528261 0.10123099
v -0.08052696 0.26548059 0.42937371
v -0.07475502 0.28665993 0.43345033
v -0.06898797 0.31314516 0.40844742
v -0.06466894 0.42253127 0.40266834
v -0.08607410 0.49374440 -0.46731644
v -0.09036109 0.55227566 0.44847432
v -0.07228806 0.69149329 0.45823829
v -0.05897115 0.86721201 0.34646915
v -0.07419840 0.99293338 0.04453390
v -0.07241812 -0.64730363 0.06547115
v -0.08803036 -0.96398472 -0.23344516
v -0.06974899 -0.93045993 -0.23462870
v -0.08273698 -0.81895276 -0.23787681
v -0.07418563 -0.78545245 0.13854712
v -0.07507113 -0.77931552 0.08994447
v -0.05573013 -0.77559601 0.11677034
v -0.07636878 -0.71609774 0.08536139
v -0.08588918 -0.63582475 -0.16896295
v -0.05976768 -0.51241590 -0.16112995
v -0.08315046 -0.48322906 -0.17363650
v -0.05917282 -0.46853720 0.11328054
v -0.07584458 -0.44978190 0.09870266
v -0.09794542 -0.45013526 -0.36532460
v -0.06620605 -0.42733054 -0.32043799
v -0.07386725 -0.40308510 -0.21243338
v -0.09046371 -0.36235934 -0.34996281
v -0.07148810 -0.29054846 -0.31124011
v -0.07301345 -0.23846685 -0.28780869
v -0.06923028 -0.18882981 0.20749223
v -0.07619873 -0.01365079 0.16146239
v -0.05371577 0.02101994 -0.21530799
v -0.07087483 0.09897579 0.10339955
v -0.06058229 0.16416377 -0.13155540
v -0.06700604 0.20603806 -0.24773226
v -0.07766490 0.24272529 0.41101327
v -0.06602859 0.24740687 0.41502562
v -0.08305030 0.27943240 0.43438673
v -0.07629749 0.29744824 0.42599098
v -0.08560475 0.31544286 -0.39575221
v -0.07319953 0.33029731 0.40057206
v -0.07350837 0.69923915 -0.45006598
v -0.03901997 0.92235162 -0.27839861
v -0.07489606 0.98973507 0.01295285
v -0.05989491 -0.99739184 -0.17879175
v -0.06493404 -0.98670253 0.11373030
v -0.06726578 -0.77019033 0.07238301
v -0.06789049 -0.68106945 0.06843278
v -0.06243872 -0.61305197 0.06083980
v -0.07431225 -0.50933219 0.08224656
v -0.06731265 -0.47274678 0.12982713
v -0.06283857 -0.46625100 -0.17203173
v -0.06548997 -0.45666339 0.08787817
v -0.07192625 -0.43511630 -0.36693599
v -0.06035579 -0.41903472 0.14357609
v -0.08171301 -0.35593260 0.17292552
v -0.07462611 0.01316396 0.12717925
v -0.05747418 0.03846008 0.12274424
v -0.05384228 0.13282675 0.10319803
v -0.03796431 0.14771527 0.18306030
v -0.08623816 0.14556668 0.18209952
v -0.07593546 0.19142572 0.34894944
v -0.06801650 0.21946795 0.37498161
v -0.06152694 0.22523561 -0.29560285
v -0.06857095 0.24285463 -0.32432745
v -0.06842753 0.25900741 -0.34645294
v -0.05975567 0.28137550 -0.37360368
v -0.08532234 0.52831515 0.43666142
v -0.06701392 0.55166375 0.45005548
v -0.04531322 0.56531476 -0.47442499
v -0.07318738 0.73412053 -0.43696189
v -0.06171160 0.77923449 -0.41445772
v -0.08545096 0.97114252 -0.18285378
v -0.06705870 0.98927872 -0.09689932
v -0.07248374 0.99336593 0.07764953
v -0.05853067 -0.76935306 0.05515434
v -0.05587505 -0.92212306 0.13356505
v -0.07688915 -0.99816944 0.07883479
v -0.06289478 -0.97267152 0.12538864
v -0.04949730 -0.95507843 -0.22412731
v -0.06489476 -0.78371245 -0.22547357
v -0.03989975 -0.77656626 -0.20055129
v -0.06878135 -0.77039259 -0.19529848
v -0.05928904 -0.69120644 -0.17165360
v -0.05275585 -0.66346779 -0.15609202
v -0.05628138 -0.64266854 -0.15525214
v -0.05818577 -0.56968641 -0.15396422
v -0.06328492 -0.47318182 0.12218417
v -0.07480301 -0.46262552 -0.35010193
v -0.06076444 -0.46252125 -0.34284441
v -0.06571607 -0.45935016 -0.35579924
v -0.05816434 -0.39721295 0.15500072
v -0.05541949 -0.40637888 -0.30525351
v -0.04413502 -0.06306494 -0.24785199
v -0.06321528 -0.04144046 0.18072802
v -0.03844835 0.06235272 -0.17191637
v -0.06175598 0.13398544 -0.12220944
v -0.06513225 0.14834939 0.25967137
v -0.05337590 0.15786234 0.29333771
v -0.07683465 0.16123864 0.30785031
v -0.04411174 0.19304975 0.34429800
v -0.05448332 0.33426597 0.39983561
v -0.06598554 0.35870362 -0.42783561
v -0.06972550 0.60554243 0.46406848
v -0.07428561 0.63150961 0.46492841
v -0.07522368 0.66267510 0.46283862
v -0.06593177 0.75762372 0.43649918
v -0.06077417 0.79008341 0.41771591
v -0.07050375 0.82144326 -0.38550234
v -0.07355818 0.84034225 -0.36989767
v -0.06314131 0.88741985 0.32180592
v -0.06972564 0.97902062 -0.15837776
v -0.06840472 -0.72867656 0.07744666
v -0.05251603 -0.78171385 0.12505753
v -0.06225990 -0.99767276 -0.11052418
v -0.04595544 -0.99328492 0.05170072
v -0.05670862 -0.99174627 -0.20261652
v -0.05866789 -0.97457970 -0.22088513
v -0.05637890 -0.83358354 -0.22910252
v -0.05705059 -0.82826830 0.13540209
v -0.06750459 -0.79708252 -0.23173230
v -0.05009541 -0.79132852 0.12632804
v -0.06109526 -0.77840957 0.07444041
v -0.04921437 -0.46384211 0.08014829
v -0.04642755 -0.46981690 0.12667488
v -0.04707416 -0.39284935 -0.35722458
v -0.06009608 -0.30864435 0.19104665
v -0.06713695 -0.24006413 0.20602667
v -0.05471293 -0.07227511 0.19362960
v -0.05739884 0.17132454 0.32228974
v -0.03778287 0.20081368 -0.23919433
v -0.04967951 0.22714165 0.37591309
v -0.05996127 0.24177504 0.40524322
v -0.05672112 0.27097312 0.43194128
v -0.03701777 0.31196005 0.40306413
v -0.06315316 0.58100554 0.46040791
v -0.04817553 0.74271091 0.44472698
v -0.01634103 0.81794458 -0.38961336
v -0.06148913 0.88018138 -0.33169174
v -0.07409766 0.90986447 -0.29476379
v -0.08674735 0.91779705 0.28169935
v -0.07009686 0.98641823 -0.12787383
v -0.05290587 -0.77787999 0.05426882
v -0.05298802 -0.76601067 -0.17600377
v -0.05271034 -0.99247758 0.09084320
v -0.04284625 -0.96802423 -0.21632875
v -0.04272287 -0.77556880 0.09650561
v -0.05204325 -0.67364889 0.05006360
v -0.04407710 -0.63932022 0.03999428
v -0.05956774 -0.61495882 -0.15517978
v -0.05330140 -0.62670260 0.05164742
v -0.04312167 -0.47317238 0.11982162
v -0.04339927 -0.41857259 -0.18595100
v -0.05551473 -0.36297978 -0.34674323
v -0.04134924 -0.32041609 0.19137060
v -0.06149333 -0.10101185 -0.25792888
v -0.06347831 -0.01629110 -0.23763828
v -0.05304755 0.00926536 0.13589761
v -0.04635241 0.11926998 -0.13230684
v -0.06915500 0.18687912 -0.19819102
v -0.05661729 0.30466528 -0.39413655
v -0.04898164 0.42392774 -0.45871991
v -0.07340658 0.51030025 0.41799264
v -0.05375878 0.53256927 -0.47356206
v -0.03713583 0.69153329 0.45964692
v -0.07339205 0.98268750 -0.03970668
v -0.01798556 0.97913527 -0.04423216
v -0.04738152 -0.76922815 0.01483355
v -0.04394965 -0.73710999 0.00783489
v -0.04168651 -0.96561167 0.11748838
v -0.05234802 -0.72121406 0.05178516
v -0.04573885 -0.76436897 0.00182354
v -0.04675610 0.26069737 0.42149034
v -0.04319927 -0.43425391 0.13321551
v -0.03980067 -0.99194761 -0.17406227
v -0.04477631 -0.91589418 -0.22513282
v -0.04115449 -0.80290138 -0.22009882
v -0.04684865 -0.77939303 0.04850296
v -0.05068642 -0.57749746 0.05877182
v -0.05421573 -0.45534701 0.09540894
v -0.03483800 -0.25934653 -0.29059008
v -0.03660612 -0.15903468 -0.26098093
v -0.03145764 -0.15314838 0.21659729
v -0.04790646 -0.00391236 0.14807745
v -0.04781865 0.09817682 0.10917235
v -0.03792706 0.12771899 -0.12581193
v -0.05069633 0.14358850 0.11155515
v -0.05467044 0.28926694 0.42965682
v -0.04943019 0.39256464 -0.44884516
v -0.05362548 0.46073233 -0.46615938
v -0.02962690 0.53217505 0.43436151
v -0.04574521 0.68098378 -0.45747629
v -0.06485644 0.84843396 0.36799911
v -0.01689634 0.91171678 0.28410535
v -0.07203494 0.95534171 0.21493914
v -0.06005625 0.95776140 -0.21293757
v -0.04655357 -0.98055880 0.10983592
v -0.04308470 -0.84006399 0.12615988
v -0.03473141 -0.67830165 -0.13681345
v -0.04228719 -0.78983301 0.11576434
v -0.04977482 -0.71794803 -0.17158030
v -0.04368249 -0.93571718 0.12599123
v -0.04339805 -0.74120585 -0.16393278
v -0.03648926 -0.62309326 0.03153193
v -0.03661404 -0.71921164 -0.02120071
v -0.03440655 -0.77072326 -0.09105791
v -0.03955546 -0.77656217 -0.01289511
v -0.04142907 -0.76458777 -0.15001682
v -0.04331287 -0.99364337 -0.08192847
v -0.04048312 -0.98519297 -0.20064805
v -0.03477756 -0.94330685 0.11731916
v -0.04201694 -0.88629011 0.12655912
v -0.03694790 -0.78240131 -0.21076527
v -0.03937107 -0.77829856 0.02293658
v -0.04578777 -0.77611453 -0.17794573
v -0.04298386 -0.77207663 -0.16569958
v -0.03712561 -0.56245694 0.05021567
v -0.04233250 -0.52814078 -0.15001744
v -0.04376860 -0.47198488 0.07529313
v -0.04179628 -0.47342173 0.10953099
v -0.03864154 -0.46035817 -0.33363704
v -0.03076311 -0.43607068 0.12628815
v -0.04342564 -0.43212862 -0.17665275
v -0.06362424 -0.39259933 -0.28769495
v -0.03892298 -0.30726601 -0.31531244
v -0.04138774 -0.23035229 0.21495085
v -0.06172350 -0.20786776 -0.27625531
v -0.02321361 -0.09322112 -0.24827592
v -0.05154895 0.00579792 -0.22559384
v -0.02903959 0.13228512 0.10540122
v -0.04850067 0.14930996 0.21095275
v -0.03057745 0.15784593 0.25132086
v -0.03744313 0.24305481 0.38340632
v -0.02777288 0.25551371 0.39792674
v -0.04131977 0.28470529 -0.37334223
v -0.04220883 0.27418206 0.42579915
v -0.03767079 0.30454714 -0.39358542
v -0.04629138 0.35282137 -0.42976656
v -0.05205293 0.36295620 0.39828182
v -0.04274568 0.40142505 0.40033142
v -0.04930744 0.46991939 0.41062313
v -0.03562311 0.65403109 0.46392960
v -0.02189074 0.78143418 -0.41434736
v -0.06061289 0.82547472 0.39026599
v -0.01529620 0.88667506 -0.32497244
v -0.01276108 0.92211127 0.26931503
v -0.02584539 0.94191477 -0.24389237
v -0.02821421 0.97814002 0.14240932
v -0.01428450 0.98329514 -0.10900896
v -0.03584036 -0.68457811 0.01573656
v -0.03641022 -0.76508560 -0.08158924
v -0.04161123 -0.60866122 -0.14240479
v -0.03192563 -0.98550381 0.01041101
v -0.04283975 -0.68572508 0.03489047
v -0.03796677 -0.98638361 0.08457563
v -0.03064053 -0.96714060 -0.20479797
v -0.03216381 -0.93917964 -0.21439593
v -0.03492963 -0.77549641 0.07697290
v -0.03365255 -0.77086508 -0.14852774
v -0.03244811 -0.47427168 0.09776765
v -0.03339398 -0.47129320 0.07249336
v -0.04272237 -0.46119420 0.08490116
v -0.01135791 -0.46591778 -0.33295723
v -0.04314941 -0.40862062 -0.19763653
v -0.04589054 -0.01193469 0.16688680
v -0.04027482 0.03319617 0.12793286
v -0.04073568 0.09764062 -0.15290074
v -0.01387800 0.09707934 0.11127706
v -0.03808798 0.14354458 -0.12381596
v -0.04068137 0.15296878 -0.12574692
v -0.02445181 0.16389424 0.26836709
v -0.03725556 0.16482717 0.29565099
v -0.05145901 0.16911100 -0.14634205
v -0.03660285 0.17773996 0.32147500
v -0.03315542 0.21168094 0.35416977
v -0.03378183 0.22239410 -0.28708318
v -0.04515728 0.30369131 0.41081141
v -0.01350395 0.38538993 0.39397035
v -0.03766012 0.50487518 0.41597531
v -0.01521755 0.97883880 -0.14152490
v -0.02496749 -0.52699113 -0.13624725
v -0.02950782 0.29058141 0.40951635
v -0.03374903 -0.78262336 0.09599129
v -0.03799794 -0.86500957 -0.21935374
v -0.03109175 -0.72793962 -0.13123973
v -0.03162757 -0.97139889 0.10042095
v -0.02719201 -0.97347217 0.07976060
v -0.02633168 -0.77448344 -0.18071047
v -0.03420129 -0.64499118 -0.13317981
v -0.03299595 -0.89767517 0.11620373
v -0.03708542 -0.83307769 0.11625423
v -0.03050916 -0.72424285 -0.07755966
v -0.02836362 -0.62859578 0.01292545
v -0.02947893 -0.77645275 -0.09008091
v -0.02975996 -0.98584574 -0.09759783
v -0.02571387 -0.97943951 -0.17168148
v -0.02923318 -0.82140923 0.08012718
v -0.02611671 -0.80120264 -0.20548557
v -0.02881826 -0.79056915 -0.20702091
v -0.03373154 -0.77766181 -0.04347848
v -0.02955192 -0.77668073 0.06162282
v -0.02784482 -0.77597531 0.01405378
v -0.02593107 -0.76047402 -0.10642094
v -0.02214761 -0.48572658 0.05674405
v -0.02749673 -0.47132054 0.11174468
v -0.02071287 -0.44451222 0.11529015
v -0.03468255 -0.44369470 -0.16557817
v -0.01961185 -0.42273836 -0.16496194
v -0.03140612 -0.41803295 0.13946057
v -0.02142503 -0.41652565 -0.35730773
v -0.01928062 -0.40745906 0.14693625
v -0.04282184 -0.27245066 0.20720076
v -0.03529254 -0.19490504 0.21793733
v -0.02803117 -0.06228909 0.19893115
v -0.03737673 -0.03046203 0.18339295
v -0.02709875 0.00142733 0.14263401
v -0.00805915 0.00106288 -0.21229809
v -0.01276365 0.11915262 -0.12604513
v -0.01826569 0.16518869 -0.13535445
v -0.03332882 0.25061656 -0.33164886
v -0.02064327 0.26378821 -0.35196010
v -0.03107847 0.34012173 -0.42196850
v -0.02541525 0.39606900 -0.44941897
v -0.02849980 0.57921775 0.45660420
v -0.00327120 0.63593031 -0.46704035
v -0.03111719 0.61451470 0.46282349
v -0.01386613 0.97887481 -0.02256329
v -0.01769937 0.98524849 0.01166469
v -0.03022504 -0.75235727 -0.12281443
v -0.03095805 -0.98024641 -0.19237865
v -0.02878513 -0.75014883 -0.10639909
v -0.02808484 -0.57650605 -0.13132941
v -0.02800387 -0.71054042 -0.11771313
v -0.02646659 -0.92078950 -0.20773697
v -0.02685160 -0.67595086 -0.01528956
v -0.02709738 -0.71582080 -0.10620241
v -0.02487104 -0.60215420 -0.12264420
v -0.02798248 -0.85990169 -0.20780174
v -0.02192663 -0.66821459 -0.03990368
v -0.02419547 -0.75721156 -0.11800949
v -0.02751215 -0.94323490 0.10623316
v -0.02178200 -0.47515597 0.07334948
v -0.02528446 -0.91514202 0.09998438
v -0.02579491 -0.47908737 0.06204259
v -0.02453349 -0.81200902 0.04241127
v -0.02824288 -0.55532193 0.04145814
v -0.01972163 0.26423228 0.40015763
v -0.02177603 -0.94570241 0.08657938
v -0.02297185 -0.77649358 -0.02356662
v -0.02723482 -0.77192922 -0.09919923
v -0.02087847 -0.76923711 -0.15517173
v -0.03115275 -0.76222324 -0.13413828
v -0.03092353 -0.46671857 -0.15438591
v -0.02641351 -0.46368333 -0.34595512
v -0.00618945 -0.29867321 0.20664518
v -0.03357223 -0.11006172 0.20919983
v -0.03456467 -0.02836218 -0.23542981
v -0.02568436 0.02606432 -0.19061670
v -0.01547849 0.09309040 -0.14981951
v -0.02909620 0.15289012 0.22111638
v -0.01876298 0.17959093 -0.18306695
v -0.00841723 0.18668841 -0.20296695
v -0.00876971 0.44627975 -0.46504045
v -0.02116124 0.51382336 0.41855721
v -0.01428570 0.58063483 -0.47409720
v -0.01683282 0.73663560 0.44412018
v -0.03612671 0.74790886 -0.43210141
v -0.01408858 0.96856186 -0.17978282
v -0.02092895 -0.97385161 -0.07304987
v -0.02329334 -0.84966955 -0.07060126
v -0.02132809 -0.64026557 -0.10605971
v -0.02405182 -0.83076104 -0.07664710
v -0.02405406 -0.84886679 0.04676173
v -0.02052859 -0.82027057 -0.19351483
v -0.02136219 -0.96235636 -0.18476339
v -0.02216956 -0.85562348 -0.19272223
v -0.01996433 -0.95545587 0.06504463
v -0.02462117 -0.97536654 0.03235215
v -0.01898398 -0.78351060 -0.18416188
v -0.02578027 -0.78191859 0.06548274
v -0.02084256 -0.81550015 -0.01689444
v -0.02126661 -0.67719371 -0.07161891
v -0.02198396 -0.83105185 -0.02170416
v -0.02201974 -0.90487307 0.08233396
v -0.02239263 -0.93351494 -0.19921383
v -0.01629347 0.19198331 0.32035334
v -0.03440240 -0.20613995 -0.27031522
v -0.01927125 -0.85278070 -0.11018864
v -0.01843570 -0.89472064 0.03198016
v -0.02049220 -0.55111773 0.02976112
v -0.02036433 -0.82876578 -0.08820736
v -0.02024309 -0.80981837 -0.07465631
v -0.01889344 -0.85361385 -0.16716316
v -0.01774044 -0.93610850 -0.18061308
v -0.01765236 -0.78308354 -0.01392572
v -0.02172853 -0.85730969 -0.01661318
v -0.01679097 -0.88969265 -0.11937428
v -0.01796188 -0.56940241 0.01195800
v -0.01858508 -0.96676422 -0.14333253
v -0.01316567 -0.51631824 -0.12214657
v -0.01749538 -0.80228641 -0.05398305
v -0.01864212 -0.77828318 -0.04358907
v -0.01585991 -0.48403401 -0.13521633
v -0.00983500 -0.47350431 0.07778657
v -0.03019179 -0.45621543 -0.35357942
v -0.04370505 -0.45066682 -0.32778591
v -0.01885668 -0.41026006 -0.18353767
v 0.00947442 -0.39612971 -0.24450326
v -0.03672450 -0.39310858 -0.26532462
v -0.02196367 -0.35378291 -0.33604846
v -0.02275554 -0.36330831 0.17807966
v -0.00153049 -0.24880881 0.21982392
v -0.02142475 -0.18702357 -0.26224675
v -0.00563633 0.15414553 -0.12449625
v -0.01687580 0.15887784 0.24733709
v -0.02336467 0.20088580 0.33781847
v -0.01809018 0.23416541 0.35937124
v -0.02033346 0.27831020 0.40499872
v -0.01492912 0.28252947 -0.37817008
v -0.01725387 0.32150214 0.39528429
v -0.01185194 0.33178906 -0.41896473
v -0.02673913 0.42696248 0.40208582
v 0.00023340 0.51544041 -0.47370663
v -0.04110417 0.64318077 -0.46642214
v -0.03976526 0.80452508 0.40613489
v -0.01805429 0.86618827 -0.34670167
v -0.02504458 0.93795324 0.24297956
v -0.02121343 0.95685957 0.20059180
v -0.01793316 -0.85978173 -0.13630775
v -0.02086093 -0.61779012 -0.00772902
v -0.01282465 -0.46770222 0.09354455
v -0.01770442 -0.92333650 0.05209917
v -0.01518570 -0.79252337 -0.16392661
v -0.01478064 -0.94139890 -0.01682241
v -0.01426927 -0.91879116 -0.03214333
v -0.01904037 -0.96201766 0.01872856
v -0.01217419 -0.84657840 -0.13427945
v -0.01481292 -0.79866112 -0.08402176
v -0.01255894 -0.56951163 -0.02363180
v -0.01379868 -0.92982815 -0.13014186
v -0.01333893 -0.55494882 -0.10886139
v -0.01313333 -0.78297446 -0.08382567
v -0.01370964 -0.81165631 -0.15412479
v -0.01696709 -0.43764870 -0.15189244
v -0.01492704 -0.95504022 -0.09036343
v -0.01238056 -0.58120590 -0.08463057
v -0.01743558 -0.84015298 -0.09928589
v -0.01285074 -0.81345915 -0.08383857
v -0.01770910 -0.77711546 -0.09212147
v -0.01665461 -0.77307960 -0.15863855
v -0.00984297 -0.76173991 -0.13350694
v -0.01686470 -0.50293730 0.04625050
v -0.01012456 -0.43577804 0.11264535
v -0.00252059 -0.42717900 -0.30353893
v 0.00510405 -0.33666320 -0.32063131
v -0.01454498 -0.27375666 0.21339296
v -0.00504291 -0.09887512 0.21240706
v 0.00982467 -0.06713320 -0.23084547
v -0.00580538 -0.04283475 0.19497258
v -0.02386732 -0.02174852 0.17855594
v -0.02269535 0.04149635 -0.17832046
v -0.01191206 0.13718919 -0.12040454
v -0.01044400 0.21809121 0.34398485
v 0.00189586 0.25759952 0.38491935
v -0.01447920 0.35072684 0.39272755
v -0.02739027 0.48824720 -0.47171211
v 0.01035098 0.78119395 0.41866273
v -0.00906423 0.90625096 -0.30002086
v -0.02119571 0.98882170 0.04916551
v -0.01113019 -0.57378073 -0.05392454
v -0.00716825 -0.51860526 0.02287124
v -0.01090667 -0.84367017 -0.11318953
v -0.01098648 -0.83892877 -0.15042259
v -0.01413358 0.62290196 0.46028925
v -0.01020624 -0.82531637 -0.09488354
v -0.01125948 -0.82476748 -0.15539886
v 0.00177579 -0.81189287 -0.08045991
v -0.00715344 -0.79166573 -0.08734575
v -0.00694760 -0.77065301 -0.14983230
v -0.00925281 -0.77420295 -0.09652261
v -0.00541834 -0.76267906 -0.10623843
v -0.00875668 -0.76074769 -0.11541999
v -0.03445945 -0.44391359 -0.35931115
v -0.00365241 -0.42496039 -0.13520680
v -0.01577188 -0.41494219 -0.17110189
v 0.02069706 -0.41616881 0.13386739
v -0.00863478 -0.40569539 -0.19271360
v -0.01846369 -0.01149141 0.15319272
v -0.01185706 0.12484067 0.10438268
v -0.01587860 0.17082532 0.27896461
v -0.00877161 0.18322903 0.30164693
v -0.01213631 0.22398337 -0.29492670
v -0.00469649 0.23921399 -0.32547279
v -0.00360128 0.27262735 0.39485945
v -0.01015431 0.30429862 -0.39887770
v -0.00755486 0.36679539 -0.43881462
v -0.02926762 0.77707799 0.42619663
v 0.00130941 0.86670834 0.33819540
v 0.00059263 0.89774433 0.30067198
v -0.00244441 0.94879248 0.21918700
v -0.00697577 0.97303246 0.15659750
v -0.01420055 0.98268034 -0.07503670
v -0.00592396 -0.51380415 -0.09324868
v -0.00423609 -0.44866053 -0.12802834
v -0.01272463 -0.55987212 -0.00590344
v -0.00555336 -0.52532513 -0.04767581
v -0.00308143 -0.48094448 -0.10357933
v -0.00305216 -0.50833507 -0.06392563
v 0.00232308 -0.46427716 0.06652973
v -0.00328008 -0.50279197 -0.09199496
v -0.00835629 -0.44648654 0.09978366
v 0.00069375 -0.84521527 -0.12264388
v -0.00486275 -0.83807290 -0.10289068
v -0.00236409 -0.82249154 -0.15062842
v -0.00800229 -0.81088784 -0.14819270
v -0.00694927 -0.79277686 -0.15635427
v 0.00147681 -0.78700777 -0.08616334
v -0.00386955 -0.77046343 -0.09509409
v -0.00235437 -0.51805993 -0.04272933
v -0.00357131 -0.51962482 0.00876814
v -0.00413720 -0.50486832 0.03278543
v -0.00588203 -0.47864405 0.04951772
v -0.00368788 -0.47047468 -0.11570781
v -0.01022905 -0.42593222 0.12520011
v 0.00168021 -0.41475040 -0.29369908
v 0.00568430 -0.28675622 -0.29398036
v -0.00324029 -0.17565298 0.22280342
v -0.00876131 0.04145291 0.12820264
v 0.00955449 0.09300116 -0.13756008
v -0.01851374 0.21344914 -0.26851755
v -0.00259537 0.27046571 -0.35925528
v -0.00319225 0.43003838 0.39794674
v 0.00528919 0.54294900 0.43072074
v -0.02868938 0.54964901 0.44525369
v -0.00730655 0.98422753 0.11535125
v -0.00262417 -0.83867252 -0.14316947
v -0.00657734 0.29031833 0.39779509
v 0.00576019 -0.84585849 -0.09747295
v 0.00566664 -0.84706467 -0.14147202
v 0.00895078 -0.82397473 -0.15139571
v 0.00881703 -0.76303111 -0.14970416
v 0.00457919 -0.75642052 -0.13971710
v 0.00267783 -0.51648833 -0.04081492
v 0.00337019 -0.50877874 -0.05834622
v 0.00275968 -0.50026098 -0.08847947
v 0.00280215 -0.47768090 -0.09981056
v 0.00259845 -0.47728878 0.04682996
v 0.00296576 -0.44682924 0.08436146
v -0.00000233 -0.41478393 -0.14982364
v 0.01041044 -0.39902569 -0.26689766
v -0.00813903 -0.38025656 -0.34464012
v 0.00938180 -0.21834216 0.22366003
v 0.00435164 0.02992918 -0.17234069
v 0.01045870 0.12655725 -0.11398414
v 0.01663369 0.13358389 0.09891037
v -0.00432459 0.14159142 0.10982865
v 0.00639456 0.16641918 -0.13257299
v 0.00373923 0.28663677 -0.37638501
v 0.00874070 0.37035215 -0.43988952
v 0.00206222 0.40666257 -0.45487669
v 0.01170922 0.68910470 -0.45360881
v -0.00000408 0.70560683 0.44953662
v -0.01775807 0.84387132 -0.36810959
v -0.01325847 0.84323941 0.36621421
v -0.00648746 0.95855814 -0.20752835
v 0.02664729 0.98201490 -0.04071931
v 0.00269912 -0.51655775 0.01111647
v 0.00119401 -0.82459566 -0.09078098
v 0.01620648 0.27814172 -0.37075821
v 0.00851917 -0.75372343 -0.09449467
v 0.01916102 0.63726541 0.45015214
v 0.02689476 0.06437987 -0.14456053
v 0.00705437 -0.52467486 -0.04714572
v 0.00703537 -0.52421185 -0.01618389
v 0.00801846 -0.78923322 -0.07621106
v 0.00808738 -0.81459319 -0.07460945
v 0.00802281 -0.77825634 -0.08497293
v 0.00528131 -0.76050949 -0.08676485
v 0.00295050 -0.51005636 0.02706291
v 0.00786578 -0.50824277 -0.08712663
v 0.00877430 -0.49391378 0.04395093
v 0.00967381 -0.46600062 0.07109989
v 0.00366217 -0.44734529 -0.12644797
v 0.00992503 -0.43511596 0.10003374
v 0.01806692 -0.42171318 -0.15642922
v -0.00346739 -0.39827394 -0.22319667
v 0.01440754 -0.22512090 -0.26221190
v 0.00559328 -0.10826660 -0.24085896
v 0.00896144 -0.03053515 -0.21947836
v -0.00179347 -0.02236378 0.17443047
v -0.00814399 0.01364126 -0.20170119
v -0.00841871 0.25063870 0.38053501
v 0.02895246 0.58845122 -0.47091483
v 0.01260372 0.74865727 0.43407812
v -0.00005816 0.74836974 -0.43123354
v 0.02223081 0.83588948 0.37183340
v 0.00759773 -0.47766307 0.05308314
v 0.00826073 -0.91688760 -0.10181893
v 0.00840580 -0.85829688 -0.10892351
v 0.01111491 -0.86168923 -0.13924656
v 0.00908703 -0.91566909 0.02893901
v 0.00271655 -0.42528416 -0.13442082
v 0.00456822 -0.46631037 -0.11328244
v 0.01240794 -0.85615491 -0.06588507
v 0.00922217 -0.94566520 0.05340388
v 0.01115327 -0.93245760 0.10831798
v 0.00926569 -0.94526896 -0.09222764
v 0.01026919 -0.78121984 -0.07174868
v 0.01269722 -0.54052610 0.01141695
v 0.01206260 -0.96171890 0.00485863
v 0.00964244 -0.87231316 -0.10601467
v 0.03341418 -0.00777391 -0.19542805
v 0.01687926 -0.94699831 -0.17573657
v 0.01347195 -0.78312176 -0.01375084
v 0.00817190 -0.51824268 0.02521213
v 0.00963351 -0.93029546 -0.12813736
v 0.01400150 -0.85397296 -0.15146973
v 0.01884649 -0.82960407 -0.16024876
v 0.01211743 -0.80797049 -0.14933259
v 0.01406752 -0.77668303 -0.15296886
v 0.01694908 -0.75561808 -0.12090262
v 0.01444351 -0.50533726 0.04844577
v -0.00552562 -0.46652601 -0.33663361
v 0.01644757 -0.45322613 -0.14045535
v 0.01484091 -0.44953524 0.08993171
v 0.00910864 -0.44419066 0.08659132
v 0.01041583 -0.43558265 -0.35066494
v 0.01085575 -0.41516721 -0.15686402
v -0.00771325 -0.40320338 -0.28462350
v 0.01008870 -0.06053792 0.20340386
v 0.01008382 0.01740360 -0.17848187
v 0.00317770 -0.00358450 0.14497072
v 0.00841917 0.11194995 -0.12270508
v 0.01886298 0.15386855 -0.11635263
v 0.02669356 0.15832230 0.24543787
v 0.03074433 0.16516167 -0.12103488
v 0.01206044 0.22784524 -0.29397536
v 0.03627937 0.27436657 0.38423869
v 0.01549582 0.29667833 -0.38668734
v 0.01266653 0.33437245 -0.41882548
v -0.02450328 0.47185965 0.41022985
v 0.03362273 0.54966376 -0.47172731
v 0.01873079 0.55992602 0.43652575
v 0.00910644 0.59943479 0.44953979
v -0.01237268 0.72557668 -0.44231756
v 0.02333700 0.81072709 -0.39213716
v 0.02516011 0.94198589 -0.24349578
v 0.02891444 0.98796085 -0.11716286
v -0.01769525 0.98759379 0.09011376
v 0.01050017 -0.53394937 -0.07411887
v 0.01207614 -0.55901828 -0.02054141
v 0.00849432 -0.48277613 -0.10252988
v 0.01320704 -0.96756163 0.09705891
v 0.01483591 -0.84952530 -0.03205174
v 0.01082677 -0.91386850 0.08303438
v 0.01408267 -0.96710857 -0.09481095
v 0.01300730 -0.87412999 0.03869584
v 0.02256866 -0.84139440 -0.18069693
v 0.01670890 -0.83801821 0.03529147
v 0.01214672 0.47671590 0.40679516
v 0.01786840 -0.91875834 0.12600970
v 0.01905492 -0.78255154 0.05922510
v 0.01422612 -0.59209019 -0.05112300
v 0.01515538 -0.82036168 -0.02549985
v 0.02068812 -0.89079632 -0.18545001
v 0.01979737 -0.81892131 0.06358204
v 0.01537941 -0.77844803 -0.08195887
v 0.01866882 -0.77707557 0.01293372
v 0.01784710 -0.77664220 -0.04694478
v 0.01521620 -0.76145607 -0.14433272
v 0.02345169 -0.51332318 0.05095234
v 0.01762146 -0.48977155 -0.12063944
v 0.00767446 -0.45372996 -0.31366079
v 0.01980980 -0.42839110 0.11422367
v 0.01971219 -0.40038708 0.15486947
v 0.03397869 -0.36705509 0.18305246
v 0.00313450 -0.32916119 0.19603533
v 0.02627067 -0.18930862 0.22459690
v 0.00444022 -0.13948733 0.22075322
v 0.02392757 -0.08987875 0.21180441
v 0.01210595 0.10921997 0.10303781
v 0.01682974 0.14277747 -0.11171751
v -0.00494157 0.19730901 0.32170328
v 0.03482152 0.28839869 0.38536490
v 0.00375394 0.51130783 0.41375308
v -0.01408754 0.67446772 0.45826118
v 0.04645625 0.72425385 -0.43729318
v 0.00343392 0.81601219 0.39280342
v 0.02413702 0.83782035 -0.37054850
v 0.01702310 0.98917339 0.01718084
v 0.01779438 -0.87108307 0.10488648
v 0.02171190 -0.98290819 0.09526829
v 0.01803150 -0.59601147 -0.07943559
v 0.01459807 -0.49386493 0.08617786
v 0.01871763 -0.53913937 0.03527003
v 0.01682033 -0.57631501 0.00714926
v 0.02360106 -0.97642084 0.11779408
v 0.01680010 -0.96870755 -0.15389352
v 0.01891089 -0.78938392 -0.15679931
v 0.02220607 -0.76698562 -0.12851823
v 0.01941485 -0.48734226 0.10585877
v 0.02307280 -0.58889399 0.02933802
v 0.02009970 -0.55504832 -0.10066430
v 0.02290214 -0.65970116 -0.06911978
v 0.03137343 -0.49413926 0.13444903
v 0.02534565 -0.97128707 -0.18712386
v 0.02039143 -0.78142092 -0.15625571
v 0.02641077 -0.98656164 -0.01540680
v 0.02049820 -0.98050812 -0.05183863
v 0.02142924 -0.87328300 0.12235246
v 0.01588318 -0.95998114 0.11943008
v 0.02350283 -0.93607472 0.13371192
v 0.02485675 -0.90768292 -0.19800628
v 0.02850704 -0.77735795 -0.15823103
v 0.02658142 -0.77763027 -0.07640774
v 0.02438901 -0.77629649 0.06396185
v 0.02795735 -0.76892589 -0.08331439
v 0.02770833 -0.74930426 -0.09430658
v 0.03263134 -0.74974007 -0.11056744
v 0.02133983 -0.53248877 -0.11007091
v 0.02589603 -0.50639964 0.06546167
v 0.02165251 -0.50138870 0.08885239
v 0.01224612 -0.44967989 -0.34734502
v 0.02547350 -0.43631484 0.11407860
v 0.02883696 -0.28575971 0.21444682
v 0.00471300 -0.25500503 -0.27855893
v 0.00805799 -0.16548819 -0.24840760
v 0.01453751 -0.03514944 0.18818628
v 0.00905365 0.14439644 0.12137660
v 0.03627420 0.21284197 -0.25616292
v 0.01270898 0.22559377 0.35172683
v 0.03305730 0.24046878 0.36495303
v 0.00901065 0.26061110 -0.35182816
v 0.03022188 0.28559838 -0.37462550
v 0.01811513 0.52557733 0.41721633
v 0.00454316 0.57009873 0.44392668
v 0.03759176 0.60142827 0.44340158
v 0.04412208 0.66678507 -0.45587281
v 0.03108495 0.88794216 -0.31980280
v 0.01716959 0.91892857 -0.28180619
v 0.01460772 0.93553576 0.24717379
v 0.02491676 0.96131549 0.19731396
v 0.02169784 0.98223437 -0.14623880
v 0.03385948 0.98694778 0.12487892
v 0.03224933 -0.41990259 -0.17163977
v 0.02664114 -0.78979799 -0.18772314
v 0.02495605 -0.78240517 0.09715984
v 0.02356170 -0.68505623 -0.03815705
v 0.02416428 -0.82342234 0.10442113
v 0.02593289 -0.65351855 0.01632099
v 0.02884177 -0.71638467 -0.08322586
v 0.02493305 -0.98224287 -0.16517323
v 0.02866092 -0.49214197 -0.13467599
v 0.07522876 -0.42284036 -0.27331572
v 0.03831918 -0.58208286 0.06139890
v 0.02609388 -0.95045365 -0.19836631
v 0.03341890 -0.98642091 0.11390451
v 0.03511390 -0.96176748 0.13493456
v 0.03009673 -0.91875378 -0.20724148
v 0.03144995 -0.80012410 -0.19897776
v 0.02353991 -0.77771002 -0.14508791
v 0.03523984 -0.77864338 -0.00808084
v 0.03128767 -0.75707561 -0.11725684
v 0.02774545 -0.65207769 -0.08734068
v 0.03271208 -0.50164917 0.11815331
v 0.02238999 -0.38538443 0.16952941
v 0.02156060 0.14239477 0.10422049
v 0.02688939 0.25405479 -0.33562646
v 0.03611294 0.36686869 -0.43187076
v 0.03912832 0.62527614 -0.46522486
v 0.02555865 0.77548575 -0.41506957
v 0.02880935 0.97596365 0.16193958
v 0.05145478 0.99006476 0.01886919
v 0.02821863 -0.75294090 -0.08542069
v 0.02552802 -0.77602972 0.00595427
v 0.02607748 -0.68314287 -0.00269313
v 0.03427038 -0.74598364 -0.07821997
v 0.03809305 -0.98657605 -0.18770316
v 0.03392934 -0.74233413 -0.10289684
v 0.03131991 -0.82606797 0.13094697
v 0.03629915 -0.68398704 0.04011744
v 0.03509801 -0.72639065 -0.01516930
v 0.04091660 -0.64934899 0.05369803
v 0.03192874 -0.99068250 -0.08830092
v 0.03141554 -0.99069587 0.07455385
v 0.03548019 -0.99130457 -0.16792133
v 0.03943411 -0.93312865 0.14296427
v 0.03269153 -0.77628048 -0.12267005
v 0.03508108 -0.66060688 -0.10170894
v 0.03284507 -0.53797422 -0.12394206
v 0.01729098 -0.46733932 -0.32425418
v 0.01436437 -0.46168594 -0.34008508
v 0.06299440 -0.46202246 -0.32672226
v 0.02510614 -0.40973974 -0.17959729
v 0.04015389 -0.39978346 0.16058792
v 0.01435255 -0.40116950 -0.34534985
v 0.04608109 -0.26902614 0.21719088
v 0.02102504 -0.02628046 0.15821173
v 0.03690826 -0.00096194 -0.18637417
v 0.04801512 0.00249226 -0.16467125
v 0.02525631 0.06406898 0.11903265
v 0.04665953 0.11283478 -0.09886860
v 0.04612759 0.14505651 -0.09150408
v 0.03352276 0.33282256 -0.41297472
v 0.03222447 0.40574802 -0.44936816
v 0.03274752 0.46271966 0.39860849
v 0.02174413 0.46784019 -0.46656714
v 0.03960652 0.56958546 0.43739163
v 0.03939201 0.69111804 0.44213421
v 0.06276967 0.82086093 0.38276913
v 0.05663475 0.84094484 0.36558888
v 0.05546259 0.93436910 -0.25257200
v 0.05102343 0.94494959 0.23209858
v 0.02781625 0.97528400 -0.17179617
v 0.03022846 0.98874773 -0.08286479
v 0.03345096 -0.85951071 0.13913067
v 0.03540253 -0.72222350 -0.11490822
v 0.03483137 -0.77488478 -0.07713283
v 0.03089643 -0.69135336 -0.09575585
v 0.03274984 -0.78440114 -0.19501611
v 0.04179515 -0.72286729 0.03196925
v 0.04135476 -0.68705851 -0.11703064
v 0.01674983 -0.20248011 -0.25345931
v 0.03995283 -0.26101243 -0.26897207
v 0.04270330 -0.80525421 -0.21043469
v 0.04347853 -0.43008642 0.14322941
v 0.03916867 -0.76998089 -0.06878212
v 0.03954019 -0.74872380 -0.11838987
v 0.03650608 -0.97461597 -0.19953993
v 0.03831013 -0.95372113 -0.21058796
v 0.03749684 -0.86232568 -0.21183083
v 0.03848159 -0.78467686 0.13013724
v 0.04311483 -0.78022494 0.05960972
v 0.04112105 -0.77722307 0.01371236
v 0.02999220 -0.77545221 0.08674035
v 0.03457875 -0.62299430 -0.10458223
v 0.03382505 -0.51358994 0.06566662
v 0.03966718 -0.50146112 0.11144665
v 0.03645592 -0.49962804 0.08568164
v 0.04485521 -0.49399090 -0.14630547
v 0.03437908 -0.42108902 0.13553196
v 0.03878343 -0.15598295 0.22250158
v 0.05760018 -0.08520074 0.20569485
v 0.03014343 -0.05987883 0.20154233
v 0.04136073 0.09995876 0.09866798
v 0.02962200 0.11707152 0.09542669
v 0.03684245 0.13913713 0.09283590
v 0.04945607 0.14601070 0.09916899
v 0.04992507 0.15391224 -0.09208151
v 0.05239450 0.42670585 0.38010417
v 0.04830578 0.51443371 0.41076636
v 0.03982435 0.64803174 0.44570875
v 0.03866865 0.73061706 0.43381075
v 0.03781415 0.76956780 0.41829031
v 0.03346675 0.87057291 -0.33844738
v 0.05883996 0.96352827 0.19698213
v 0.03181409 0.99386756 0.06118744
v 0.04219976 -0.74886803 0.00584907
v 0.04730631 -0.50115002 0.15502704
v 0.04215100 -0.77109347 -0.12321819
v 0.04136244 -0.87015235 0.14556614
v 0.05062466 -0.73181270 0.06281138
v 0.04504797 -0.77025928 0.01031586
v 0.03846903 -0.99355556 0.09816738
v 0.04986101 -0.96902845 -0.21104544
v 0.05043072 -0.83119207 -0.21816134
v 0.04641355 -0.78137642 -0.20022152
v 0.05620957 -0.78045642 0.09252900
v 0.03501376 -0.77772189 -0.18246979
v 0.05316826 -0.77703649 0.13866905
v 0.03727894 -0.77555493 0.11178285
v 0.05225291 -0.50189726 0.13973869
v 0.04331759 -0.46631236 -0.31197680
v 0.06984808 -0.45225635 -0.32972873
v 0.04682028 -0.41428990 -0.18437180
v 0.04114173 -0.40282716 -0.20156463
v 0.03164824 -0.36058563 -0.32485781
v 0.03941005 -0.12139210 0.21793540
v 0.02607930 -0.01990094 0.15004003
v 0.02881865 0.14632670 0.18077587
v 0.03507021 0.22772889 -0.29206282
v 0.05406385 0.28100347 -0.36841480
v 0.05972132 0.82707639 -0.37412286
v 0.04175242 0.86694796 0.33880059
v 0.03898385 0.96698370 -0.19384295
v 0.03224120 0.98178517 -0.02094798
v 0.04021110 -0.77802165 -0.12788094
v 0.04751132 -0.73706320 -0.14440078
v 0.04583470 -0.49418604 0.16132640
v 0.04347963 -0.50130443 0.08076183
v 0.05476685 -0.77056913 -0.14965107
v 0.04464684 -0.71226701 -0.13527914
v 0.05030993 -0.53859329 0.08019067
v 0.04575187 -0.91541124 -0.21954411
v 0.05075285 -0.78528777 0.14422419
v 0.04447965 -0.99499941 -0.15974557
v 0.06827756 -0.99876473 0.09580553
v 0.05708186 -0.99369284 -0.18648269
v 0.05180612 -0.98311595 -0.20235916
v 0.04428215 -0.97833704 0.13030386
v 0.05741497 -0.89064241 0.15117151
v 0.04656592 -0.77985928 -0.15630889
v 0.05413464 -0.67957096 -0.12930336
v 0.04811495 -0.66463864 -0.11848947
v 0.04739733 -0.65281381 0.06333072
v 0.04603333 -0.56842829 -0.12640439
v 0.04831716 -0.48963241 0.09214643
v 0.05957725 -0.23672660 0.21960900
v 0.04527075 0.08576361 -0.12128892
v 0.04255729 0.12941834 -0.09420882
v 0.07707856 0.15168466 0.19909187
v 0.03592222 0.15105082 0.21688630
v 0.05488142 0.17231849 -0.12424408
v 0.01866568 0.19787181 -0.22672983
v 0.05493312 0.22781351 -0.28138074
v 0.07603058 0.33994666 0.36817030
v 0.03460229 0.35920567 0.37640449
v 0.04998565 0.50357871 -0.46762988
v 0.03550144 0.80275003 0.39775081
v 0.05280759 0.91562508 -0.28179093
v 0.06491398 0.94990227 -0.22277848
v 0.05116464 -0.70230267 0.07341486
v 0.04758926 -0.48695356 0.10298559
v 0.05112432 -0.77028066 0.05360340
v 0.05330521 -0.42430731 0.15537596
v 0.07215206 -0.78396680 -0.21440515
v 0.04116942 -0.41502237 -0.34035546
v 0.05901850 -0.73871202 0.08676789
v 0.05038377 -0.49507974 0.12094137
v 0.05930250 -0.48399749 0.09968477
v 0.04529507 0.01149645 -0.15779952
v 0.06324909 -0.99931688 0.04857820
v 0.05065994 -0.99707041 -0.04401810
v 0.05755250 -0.77102220 0.07570449
v 0.05916022 -0.64488341 0.07667765
v 0.05728048 -0.47665784 0.10603006
v 0.06553885 -0.46834847 -0.31822302
v 0.05554406 -0.40664417 -0.26697160
v 0.06049476 -0.10841531 -0.21704772
v 0.06647775 -0.07002768 -0.20467574
v 0.06348066 -0.04083180 0.15425596
v 0.05961834 0.10960970 0.08602489
v 0.06732610 0.12162458 -0.07901362
v 0.06353152 0.15950705 0.24266534
v 0.03600302 0.16850185 0.27126123
v 0.03354673 0.18344878 -0.18266866
v 0.06221950 0.28649375 -0.37169251
v 0.04388515 0.31865577 0.37742017
v 0.06520411 0.38724120 -0.43768821
v 0.03793510 0.54892074 0.42986523
v 0.06638833 0.77816231 0.41012067
v 0.06261964 0.89461742 0.30521140
v 0.06425978 0.91668539 0.27584663
v 0.06200004 0.97619412 0.16505201
v 0.06148327 0.98809401 -0.09765056
v 0.04892928 0.99032505 0.10839267
v 0.05072414 0.12592535 0.08179319
v 0.05213225 -0.77706570 0.06979702
v 0.07159281 -0.01455110 -0.16972874
v 0.05812996 -0.74567243 -0.16079392
v 0.05562674 0.13817911 0.07772748
v 0.05529474 -0.94759551 -0.22008876
v 0.05969376 -0.91443190 -0.22468542
v 0.07176085 -0.81471948 -0.22455678
v 0.06425539 -0.77948026 -0.17330537
v 0.07131581 -0.77587421 0.14222117
v 0.05195155 -0.61965789 -0.12145786
v 0.06460371 -0.52363337 -0.14599618
v 0.07519349 -0.49004860 -0.16045345
v 0.06445790 -0.45224082 -0.29221254
v 0.06882266 -0.41903387 0.17161215
v 0.05090712 -0.41309862 0.15650320
v 0.09011258 -0.39610206 -0.21731483
v 0.05479006 -0.38359241 0.17757139
v 0.08133756 -0.28307375 -0.26380494
v 0.05169208 -0.17262568 -0.23214275
v 0.07191646 -0.14330452 0.21475482
v 0.06930512 0.14901176 0.09425299
v 0.07205814 0.21555518 -0.25049870
v 0.05062216 0.24185521 -0.31779847
v 0.05749679 0.30823481 -0.39313774
v 0.08062297 0.44586234 0.37874398
v 0.05412044 0.43455149 -0.45474933
v 0.07591028 0.64982127 0.44389709
v 0.05547725 0.98328337 -0.14017335
v 0.06346650 0.97885388 -0.03374665
v 0.04926560 -0.05612238 0.19354620
v 0.07309289 -0.06574344 0.18661172
v 0.05933758 -0.64857473 -0.12617609
v 0.06179995 -0.71611294 -0.15713605
v 0.06056045 -0.50240087 0.15732442
v 0.06273714 -0.48641463 0.18058505
v 0.06298212 -0.79196097 0.15199308
v 0.06259424 -0.68761185 0.08844499
v 0.06237208 -0.54201188 0.08930208
v 0.05966874 -0.46971784 -0.31477305
v 0.06635018 -0.46784061 0.11082877
v 0.06295775 -0.46777432 0.11752172
v 0.08281185 -0.43470697 -0.32827513
v 0.06363297 -0.40226918 0.17118959
v 0.07393243 -0.38051156 0.18553124
v 0.06458609 -0.36096634 0.19023225
v 0.05135577 -0.04483437 0.17905638
v 0.07010259 0.12852119 0.06462724
v 0.05649053 0.16431440 -0.09864603
v 0.04364561 0.39943333 0.37707870
v 0.09815931 0.48583821 0.39291325
v 0.07632043 0.54390955 0.42816017
v 0.06970375 0.98404572 0.13429332
v 0.06402343 0.99306817 0.06260431
v 0.07705857 -0.56960938 -0.14057491
v 0.06447413 -0.71734116 0.09722134
v 0.06909441 -0.16534128 -0.22316438
v 0.05340697 -0.77768055 -0.15453033
v 0.07395017 -0.66826548 0.09365821
v 0.07167243 0.14025402 0.05910964
v 0.05934964 -0.79488593 -0.21625319
v 0.08031280 -0.78108443 0.15473691
v 0.07371470 -0.77511685 0.10603717
v 0.05883807 -0.77855583 -0.19838169
v 0.08021646 -0.49457100 0.19547759
v 0.06416620 -0.49480289 0.14456915
v 0.07313956 -0.45682435 0.12272138
v 0.06666109 -0.31326357 0.20449652
v 0.08349892 -0.08938923 0.19560627
v 0.05784563 -0.03065069 -0.19489471
v 0.07422464 -0.02087990 0.14640312
v 0.06390771 0.07935988 0.10439860
v 0.06224447 0.14012400 -0.07400334
v 0.08075132 0.21544521 0.33430209
v 0.05679426 0.25001612 0.36858703
v 0.07993901 0.28383860 -0.35510650
v 0.07518327 0.31049584 -0.38987640
v 0.06534982 0.34540339 -0.41735256
v 0.07461625 0.51860326 0.40894474
v 0.07784723 0.59765340 -0.46186692
v 0.08173362 0.65948272 -0.45066136
v 0.08969180 0.98841703 0.09416399
v 0.05688652 -0.33512517 -0.30338827
v 0.07237549 -0.74612668 0.10810273
v 0.07436083 -0.46005148 0.13144842
v 0.07175295 0.14540598 0.06447580
v 0.06458694 -0.99277319 0.12052473
v 0.06451131 -0.83437166 0.15436303
v 0.07754753 -0.75385982 -0.17807849
v 0.07966356 -0.70890054 -0.16601529
v 0.06791691 -0.67686830 -0.13920949
v 0.05749540 -0.41918711 -0.18630001
v 0.07235496 -0.40680407 -0.19646210
v 0.08113384 -0.33329246 0.19965774
v 0.05186742 -0.21076783 -0.24237856
v 0.07152096 -0.20607973 0.21883155
v 0.11215634 -0.07476657 -0.17942068
v 0.07586027 -0.02063983 -0.17468261
v 0.04574612 0.18008831 0.29256988
v 0.06671703 0.19942424 -0.21365552
v 0.05952558 0.20325385 0.32367681
v 0.07509828 0.24442721 -0.30259147
v 0.08236396 0.56753362 0.43695084
v 0.06367999 0.69124363 -0.44601253
v 0.07858778 0.74813421 0.42247708
v 0.06506734 0.75801235 -0.41842844
v 0.06444949 0.79306386 -0.39793196
v 0.07870674 0.97627558 -0.15401305
v 0.10088558 0.97498593 0.15614767
v 0.07499485 -0.46079713 0.11615366
v 0.08087932 0.15158422 0.07214142
v 0.08604831 -0.77096847 0.11844901
v 0.06452524 -0.99860458 -0.07178093
v 0.08096497 -0.98488245 0.13581688
v 0.08292776 -0.94125097 -0.22823448
v 0.08957597 -0.85962331 0.15940130
v 0.07972974 -0.77178551 -0.17927315
v 0.08431614 -0.72722717 -0.17676603
v 0.08517865 -0.71406381 0.11795853
v 0.07812241 -0.64106691 -0.13693552
v 0.07455048 -0.62497389 0.08834959
v 0.06655888 -0.60947023 -0.13135393
v 0.07754715 -0.55788671 0.09606403
v 0.08801144 -0.52383463 -0.15194102
v 0.08668040 -0.49363783 0.11342544
v 0.07164457 -0.46806360 -0.30329117
v 0.09826241 -0.46405181 -0.28753698
v 0.07177801 -0.45443454 0.18416597
v 0.06270074 -0.38129741 -0.32347975
v 0.07897281 -0.10966267 0.20567154
v 0.07448913 -0.05315636 0.16170762
v 0.10719298 -0.05098599 -0.17162424
v 0.08828588 0.12426190 -0.06110082
v 0.08110547 0.14971510 0.16878370
v 0.07607929 0.25993011 -0.32919006
v 0.08280610 0.51138878 -0.46121509
v 0.07267365 0.55172408 -0.46515742
v 0.08347205 0.60163575 0.44237470
v 0.07912520 0.72418573 0.43101832
v 0.10606506 0.82074020 -0.36725896
v 0.07518424 0.87150951 -0.33026441
v 0.08434215 0.89465019 -0.30173434
v 0.08867406 0.96185031 -0.19053166
v 0.07487589 0.15685013 -0.06128124
v 0.07734761 0.14861970 -0.05236659
v 0.08848249 0.15443408 -0.02668015
v 0.08887560 -0.75333012 0.12300418
v 0.10001414 -0.35810847 -0.29941459
v 0.08831763 -0.46129340 0.14952610
v 0.08605173 -0.96282786 -0.22398306
v 0.08726457 -0.78757687 0.15898018
v 0.08222488 -0.77726636 -0.18679495
v 0.09652444 -0.75073760 -0.18767716
v 0.10526312 -0.62256598 -0.14509404
v 0.09820765 -0.61566653 0.09855158
v 0.08702862 -0.50145395 0.19330057
v 0.09388703 -0.50088854 0.18294633
v 0.09221515 -0.44818925 0.14105706
v 0.08664324 -0.44968543 0.12727668
v 0.08326609 -0.41348443 -0.19142190
v 0.07086618 -0.39756599 -0.24367319
v 0.08221261 -0.04997731 0.15648635
v 0.06831735 0.05050204 -0.12858662
v 0.09004117 0.05810786 -0.11430119
v 0.08814166 0.10779725 0.07642850
v 0.08573873 0.14462660 0.03549797
v 0.08578959 0.15079887 0.04025514
v 0.09481647 0.26867859 0.37085699
v 0.09839988 0.64022936 0.44111591
v 0.09033143 0.77276313 0.40836317
v 0.08791299 0.95417631 0.21288558
v 0.09488728 0.97414636 -0.01711043
v 0.08612009 0.98828415 0.03886353
v 0.09222822 0.15140454 0.00371632
v 0.09351993 0.15718399 0.02847585
v 0.07600497 -0.99755292 -0.17447932
v 0.07196175 -0.99652032 0.11275997
v 0.07639497 -0.92355739 0.15411636
v 0.08329828 -0.77961825 0.12626869
v 0.08966556 -0.66408759 0.10292958
v 0.08211923 -0.49458899 0.16493619
v 0.09366100 -0.40803776 -0.25360521
v 0.08368453 -0.39786966 0.18542255
v 0.09688420 -0.36555235 0.19589691
v 0.09114880 -0.29754049 0.20605007
v 0.08161948 -0.25325232 -0.24763509
v 0.09514230 -0.20196269 0.21134961
v 0.09290470 -0.12574775 0.20240032
v 0.07554844 0.03890409 0.12354104
v 0.10143355 0.08775657 0.09044481
v 0.09233559 0.09126741 -0.09113206
v 0.08411845 0.14060104 -0.04770658
v 0.09491483 0.14358256 -0.02392126
v 0.08232281 0.16416505 -0.06114163
v 0.11109526 0.18149482 -0.08672636
v 0.05632170 0.18228166 -0.16589393
v 0.10840409 0.24094403 -0.28265040
v 0.10175439 0.26501909 -0.32668989
v 0.10170639 0.28454858 -0.35047441
v 0.08841554 0.53492142 0.42076917
v 0.09479334 0.55891531 0.43200487
v 0.08353630 0.68994696 0.43863078
v 0.07066622 0.85054510 -0.35135313
v 0.06950545 0.86110329 0.34337806
v 0.08507203 0.98227943 0.00587412
v 0.13032679 -0.31336572 -0.25907868
v 0.08024407 -0.97459792 -0.21686202
v 0.09909238 -0.80314761 -0.22960502
v 0.10295555 -0.77740505 -0.19645140
v 0.09468136 -0.77632463 0.12640942
v 0.09882488 -0.72353474 0.12757111
v 0.09219404 -0.67205448 -0.15128879
v 0.08565810 -0.64153620 0.09550197
v 0.09642772 -0.54019313 0.10628083
v 0.11064291 -0.48450021 -0.16676883
v 0.11138826 -0.47118752 -0.29161786
v 0.10842425 -0.45408122 0.15905544
v 0.11613828 -0.46575597 -0.30636109
v 0.12024003 -0.42147622 -0.25287736
v 0.09089595 -0.41654572 0.19026465
v 0.10350276 -0.38437059 0.19590897
v 0.11569109 -0.23165048 -0.22093013
v 0.10007070 -0.19522176 -0.21506179
v 0.10645387 -0.01324399 -0.12826867
v 0.07457382 0.02957196 -0.13337762
v 0.08821974 0.13395686 0.04509030
v 0.09997588 0.14354433 -0.00654025
v 0.09664561 0.16455576 -0.02284287
v 0.08525278 0.17303195 0.27051385
v 0.09697165 0.20482485 0.31863482
v 0.09895849 0.23577733 0.34811673
v 0.11549316 0.37675183 -0.41651714
v 0.10265044 0.39719184 -0.42983450
v 0.09236809 0.48003650 -0.45493372
v 0.10640687 0.55633961 -0.45668630
v 0.12171776 0.60804610 -0.44887086
v 0.10874751 0.79774523 0.38902828
v 0.11337491 0.96805754 -0.02944548
v 0.09071186 0.98261644 -0.11265076
v 0.08363716 -0.97090206 0.14683071
v 0.12727722 -0.95388072 -0.23163328
v 0.08319636 -0.95000229 0.15273455
v 0.10143832 -0.84481916 -0.23145199
v 0.12172986 -0.77996447 0.14511136
v 0.11269317 -0.64724280 0.10696354
v 0.09908877 -0.48745116 0.20436371
v 0.09885140 -0.45239127 0.12638176
v 0.09814397 -0.45652349 0.20230453
v 0.10561010 -0.40219596 -0.19572502
v 0.08055347 -0.39959314 -0.20688175
v 0.10536742 -0.28500948 0.20562942
v 0.11743444 -0.19427679 0.20110657
v 0.09989457 -0.09938630 -0.19408495
v 0.08237180 -0.01092003 -0.14326050
v 0.11542054 -0.00414234 -0.12255183
v 0.11552055 0.05630466 0.10861604
v 0.10866950 0.12129818 0.05345896
v 0.09934963 0.13701741 -0.03339361
v 0.11434614 0.15851995 0.19616322
v 0.08722366 0.18242954 -0.13157788
v 0.10437248 0.19045101 0.29450731
v 0.09393343 0.31151220 -0.38001631
v 0.09845733 0.43264424 -0.44319498
v 0.06249932 0.50607499 0.40666198
v 0.11205605 0.69688019 0.43013359
v 0.09009983 0.91578245 0.27420936
v 0.08892499 0.98178268 -0.07058453
v 0.11981008 0.97593819 0.01761262
v 0.11416942 0.98134218 0.10842299
v 0.10292010 -0.07279877 0.16393051
v 0.10317735 -0.03323848 -0.15720387
v 0.09334580 -0.02398994 -0.14434376
v 0.10243673 -0.08631063 0.17876004
v 0.10121903 -0.77190646 -0.19059061
v 0.11839655 -0.67079252 -0.16025039
v 0.10664089 -0.59111592 0.10189309
v 0.11004223 -0.49344009 0.18111064
v 0.09759417 -0.47142024 -0.30258692
v 0.10540198 -0.44261958 0.13697085
v 0.10003194 -0.04679787 0.15511085
v 0.11970225 0.15847676 0.11380523
v 0.09846402 0.22667518 0.34023070
v 0.11931851 0.29044137 0.36816048
v 0.10454820 0.58507831 0.43529851
v 0.10354482 0.70373948 -0.43239760
v 0.11237603 0.77867188 -0.39449688
v 0.10702115 0.82884813 0.36688113
v 0.09748629 0.93949526 -0.23159412
v 0.12058902 0.98076999 0.05892385
v 0.11159451 -0.07954321 0.15886947
v 0.07602306 -0.99224319 -0.19713946
v 0.12921691 -0.81065469 -0.23387333
v 0.11222958 -0.79025449 -0.22846216
v 0.10162131 -0.78046285 -0.21663789
v 0.10596084 -0.70521465 0.12650323
v 0.09636019 -0.59692108 -0.14230384
v 0.13230809 -0.59048096 -0.14666488
v 0.11921926 -0.57241247 0.10526361
v 0.11769708 -0.56218112 -0.14762057
v 0.11309896 -0.52040587 -0.15468959
v 0.11347094 -0.49443595 0.20723709
v 0.12029141 -0.45804583 0.20847267
v 0.11276594 -0.16992440 -0.20165338
v 0.09347587 0.07323940 -0.10395775
v 0.13129517 0.09831937 0.07483943
v 0.12955684 0.13232935 0.01397003
v 0.09592979 0.14312871 0.01755259
v 0.10805560 0.20178983 -0.19025071
v 0.10307984 0.22516792 -0.25369703
v 0.09508177 0.24805029 0.35810392
v 0.07604398 0.38268116 0.36832389
v 0.13116588 0.51052235 -0.44651013
v 0.13000595 0.67432503 -0.43340406
v 0.11253746 0.86440814 0.33089482
v 0.13085353 0.94628284 -0.20076956
v 0.11296889 -0.12551376 0.18748370
v 0.10902223 0.15408483 0.14873943
v 0.11782160 -0.08118190 0.15086134
v 0.12938734 -0.12122079 -0.18069230
v 0.11146699 -0.77119092 0.13204184
v 0.10421388 -0.92368218 -0.23275673
v 0.13024177 -0.78317225 0.16120115
v 0.12600822 -0.77056152 -0.19937102
v 0.12185753 -0.74281992 -0.19526294
v 0.10764667 -0.71732123 -0.18299141
v 0.12876488 -0.63190966 0.10708628
v 0.12050082 -0.43992312 0.14756218
v 0.09575871 -0.41281712 -0.32149278
v 0.11659870 -0.41119341 0.20074524
v 0.11002373 -0.39498068 -0.21783846
v 0.10842620 -0.24700080 -0.23186097
v 0.12266519 -0.05093538 -0.15788419
v 0.11987006 -0.00707432 0.13801213
v 0.12327904 0.12872785 -0.02729155
v 0.13483512 0.20414290 -0.16528175
v 0.13675268 0.22069956 0.32082739
v 0.12327961 0.35884057 -0.40386477
v 0.12704497 0.48855719 0.38954018
v 0.12243706 0.53400324 0.40840085
v 0.12838823 0.61757806 0.43049452
v 0.14313481 0.70082292 -0.42051344
v 0.09157051 0.91520227 -0.27254275
v 0.10775273 0.96095722 0.19349754
v 0.12190809 -0.08909379 0.13713984
v 0.17911002 -0.99814053 -0.19287911
v 0.11169342 -0.79614254 0.16368913
v 0.11947815 -0.74946936 0.13884107
v 0.12336966 -0.70927823 0.13472253
v 0.12692023 -0.52865651 0.11228597
v 0.11305564 -0.50079748 0.19613359
v 0.13535950 -0.49339893 0.18660255
v 0.14695293 -0.47224153 -0.28781638
v 0.15363745 -0.46099672 -0.29608434
v 0.11713309 -0.45183352 -0.17765287
v 0.11773475 -0.44946494 -0.31361620
v 0.12249288 -0.44664529 0.12920298
v 0.12671091 -0.37519363 0.20089033
v 0.13454793 -0.06693272 0.15165505
v 0.12298037 -0.07446279 0.14245821
v 0.13811107 -0.08328426 -0.16262017
v 0.11623477 -0.07159549 0.15741293
v 0.11151780 0.01699114 0.12834955
v 0.12362630 0.11562909 -0.05101805
v 0.10300747 0.16367926 0.23537253
v 0.12050189 0.18261827 0.27151766
v 0.10646426 0.21325730 -0.22436322
v 0.14998769 0.26066482 0.34848882
v 0.13152437 0.29231254 -0.34477942
v 0.11570878 0.33397203 -0.39060944
v 0.09805861 0.41097599 0.36778058
v 0.12842289 0.57727998 0.42498819
v 0.10109283 0.64253959 -0.44950060
v 0.14725950 0.77314735 0.39105945
v 0.13026411 0.84485122 0.34612319
v 0.12335420 0.88836980 -0.29529931
v 0.10773915 0.88813639 0.30562381
v 0.10416993 0.93355389 0.24627939
v 0.10992428 0.97062996 -0.14885556
v 0.12442527 -0.06365726 0.13248300
v 0.14224152 -0.07989957 0.11756342
v 0.13232538 -0.77764606 0.14273003
v 0.14306333 -0.99206362 0.13891711
v 0.11805666 -0.98694984 -0.21309464
v 0.12036603 -0.89432458 0.16288441
v 0.15987679 -0.79066721 -0.23205994
v 0.15508791 -0.78261168 -0.22578985
v 0.10849728 -0.45094945 -0.27427508
v 0.11440297 -0.41286517 -0.18836296
v 0.14762009 -0.39726513 -0.18402722
v 0.14391420 -0.16440328 -0.18018191
v 0.12541375 -0.05757691 0.13554033
v 0.13000409 -0.04941333 0.12589025
v 0.12557441 0.10044679 -0.06806888
v 0.12476812 0.13382861 -0.00009387
v 0.14236568 0.16592890 0.18597544
v 0.14983301 0.24012610 -0.25098550
v 0.12203228 0.43271804 0.36991569
v 0.12997608 0.51691271 0.39258215
v 0.12385152 0.55059381 0.41865681
v 0.13916418 0.56258103 -0.44567954
v 0.14123934 0.65814053 0.42754258
v 0.10714119 0.72992575 -0.42149556
v 0.12518895 -0.12164573 0.17090658
v 0.13272153 -0.10353809 0.12183393
v 0.12612224 -0.97530970 -0.22336510
v 0.16023697 -0.97176327 0.15769362
v 0.16950436 -0.78864056 0.16667969
v 0.14326084 -0.71307126 -0.19004029
v 0.11231600 -0.64662572 -0.15032536
v 0.13535953 -0.61513945 -0.14865507
v 0.14331175 -0.59070329 0.10532951
v 0.14256887 -0.51724605 -0.15369566
v 0.12178118 -0.45843118 0.16706483
v 0.14414994 -0.44302170 0.16045806
v 0.13600264 -0.39294051 -0.19580797
v 0.12595999 -0.34628279 0.20163585
v 0.15775173 -0.31244303 0.19623958
v 0.11512438 -0.26815801 0.20451686
v 0.13661395 -0.29160894 -0.24240779
v 0.15662384 -0.27866814 -0.22319420
v 0.12949130 -0.21175383 -0.20439243
v 0.12760696 -0.08737089 0.12814251
v 0.13825183 -0.06021214 0.15630521
v 0.13219424 -0.06541252 0.14577403
v 0.12287853 -0.03908313 -0.12453962
v 0.13749920 -0.03308990 0.15132669
v 0.13831373 -0.03952023 -0.11227429
v 0.12346413 0.02750856 -0.11249373
v 0.13913209 0.16587258 0.09403324
v 0.11352189 0.16467513 0.03373609
v 0.13890410 0.20424474 0.29853061
v 0.11488122 0.33292321 0.36340489
v 0.11791750 0.45567719 0.37688551
v 0.15432856 0.69900977 0.41646064
v 0.14383940 0.75905074 -0.39406554
v 0.13709855 0.80156701 -0.37000081
v 0.11926169 0.86381090 -0.32414684
v 0.15382201 0.89291701 0.28652442
v 0.13533312 0.94531491 0.21498382
v 0.13309135 0.96807525 0.15246875
v 0.15202777 0.96884632 0.05652342
v 0.13818032 -0.09540102 0.10358880
v 0.14309906 -0.93394091 -0.23513601
v 0.12919704 -0.95684805 0.15901921
v 0.14509668 -0.83467334 0.16792450
v 0.14477710 -0.69757504 0.13440735
v 0.13202662 -0.66129781 0.11627489
v 0.15508514 -0.48824586 0.21067393
v 0.14837282 -0.49441861 0.11720621
v 0.14473102 -0.40865299 -0.18048633
v 0.14101368 -0.40023511 -0.22581145
v 0.14163112 -0.06575052 0.10808337
v 0.12741196 -0.04626587 -0.13043137
v 0.15889426 -0.05954871 -0.10320888
v 0.15039503 0.16662131 0.14164737
v 0.15024504 0.19480955 0.27387404
v 0.14799144 0.22080063 -0.20603584
v 0.12825739 0.25929005 -0.30234537
v 0.14614099 0.28737600 0.36255690
v 0.12643446 0.37081292 0.36106237
v 0.13451532 0.45741147 -0.43632630
v 0.13092991 0.52374391 0.39730007
v 0.12290999 0.73735386 0.41515221
v 0.12370134 0.91786089 -0.25585501
v 0.16756350 0.94283838 -0.17880007
v 0.14007505 0.95753254 -0.16440101
v 0.12582671 0.97168473 -0.12266682
v 0.12536583 0.97266288 -0.06886844
v 0.14158444 0.97379545 0.09196929
v 0.13848460 -0.04122140 0.11734173
v 0.15011061 -0.05819047 0.09293140
v 0.15293248 -0.10501860 0.05679844
v 0.11457349 -0.99908034 -0.11089347
v 0.12881124 -0.98167774 0.14810402
v 0.16353693 -0.80224249 0.16897727
v 0.10644946 -0.77983347 0.15470145
v 0.12595569 -0.77782253 -0.20396727
v 0.13789552 -0.77155265 0.14118443
v 0.15543605 -0.72774077 0.14437439
v 0.14733643 -0.66868179 -0.16466570
v 0.15509536 -0.56488600 -0.14499926
v 0.14487222 -0.45436227 -0.17226299
v 0.13784720 -0.47196227 -0.27976579
v 0.15679745 -0.45067731 -0.25193933
v 0.16609384 -0.42250174 -0.23195760
v 0.14654953 -0.40501048 0.20379319
v 0.15830101 -0.35836382 0.19950076
v 0.15763547 -0.24043126 0.18315594
v 0.14911736 -0.09264010 0.08909571
v 0.14235946 -0.08452497 0.11604748
v 0.14456841 -0.05114152 0.15714670
v 0.13966276 -0.04633815 0.13448967
v 0.13973951 -0.04104020 0.12683178
v 0.14607840 0.07989156 0.08787490
v 0.13673721 0.07639498 -0.08468954
v 0.13884640 0.17182285 0.22441998
v 0.15000445 0.18485456 0.25050372
v 0.13902520 0.31226021 -0.36096367
v 0.15993589 0.34705228 0.35783405
v 0.15714694 0.51004163 0.39048356
v 0.15060830 0.52770135 0.40905832
v 0.16555890 0.56647764 0.41948395
v 0.14552379 0.86712866 0.31852567
v 0.13601263 0.91626361 0.26294959
v 0.15312783 0.92848379 0.23713599
v 0.14273265 0.95846229 0.17812534
v 0.14688661 0.96828358 0.12766510
v 0.12637781 -0.10990360 0.15510315
v 0.13508097 -0.17252458 0.18465067
v 0.16096108 0.61428248 0.42501021
v 0.14071802 -0.14048068 0.15959231
v 0.15438085 -0.08137413 0.09348874
v 0.16139893 -0.19080991 -0.17438595
v 0.14980618 -0.11672677 0.08831098
v 0.15371145 0.67612025 0.42157547
v 0.13976035 -0.92724694 0.16423551
v 0.15868898 -0.77728696 -0.21017856
v 0.14236061 -0.74651421 -0.20061793
v 0.15866239 -0.61383179 0.10527555
v 0.14866033 -0.49685770 0.20627989
v 0.13522646 -0.39509111 -0.21767056
v 0.12874489 -0.38331319 -0.29916829
v 0.13780277 -0.25131429 0.19647150
v 0.14978700 -0.09769187 0.07021761
v 0.13939874 -0.05478656 -0.13970017
v 0.14883329 -0.04355133 0.10084827
v 0.16709570 -0.02704449 0.11516437
v 0.14491831 0.00078329 -0.11053435
v 0.12851538 0.05331231 -0.10062942
v 0.13884137 0.11143496 0.05923772
v 0.12640453 0.12610073 0.03736464
v 0.14464960 0.19109156 -0.06863138
v 0.15653742 0.36343692 -0.38990548
v 0.12553507 0.82927342 -0.35442486
v 0.12878941 0.97283832 -0.09841667
v 0.14284515 0.23890003 0.33436435
v 0.16313576 -0.21798933 0.17086522
v 0.16854964 0.21095944 -0.12611324
v 0.15240274 -0.16822256 0.16183572
v 0.14315976 -0.99946593 -0.02630964
v 0.17888770 -0.94598225 -0.23327319
v 0.16539268 -0.81713082 -0.23533140
v 0.16011656 -0.77058016 -0.20437941
v 0.15180414 -0.55565331 0.10694386
v 0.16486164 -0.53265928 -0.14623197
v 0.17628570 -0.49456276 0.18971541
v 0.16589885 -0.48873488 0.18426731
v 0.18037661 -0.46778681 -0.25509207
v 0.15648566 -0.44081220 -0.30001501
v 0.14103717 -0.46825658 0.21103561
v 0.15537147 -0.43454707 0.15098549
v 0.15668126 -0.43244887 0.12824531
v 0.13369113 -0.39670340 -0.30187781
v 0.15305583 -0.36158901 -0.27695000
v 0.15776414 -0.09811811 0.05481618
v 0.15620339 -0.08761833 0.09251277
v 0.14976741 -0.06935864 -0.14365587
v 0.15771954 -0.07154545 0.08677486
v 0.15726595 -0.04963934 0.09248508
v 0.15963311 -0.05271352 -0.10006916
v 0.16307594 -0.03554424 0.10574794
v 0.17096123 -0.00092413 -0.10441005
v 0.14963160 0.03580468 0.11623084
v 0.15855303 0.03402377 -0.09878626
v 0.14244515 0.27393165 0.35919163
v 0.14066550 0.28052767 -0.32541131
v 0.14721018 0.41130205 -0.41756215
v 0.17172854 0.54497359 -0.43261624
v 0.17047244 0.52891774 0.40961719
v 0.14644331 0.54971414 0.41825055
v 0.14129997 0.63562945 -0.43838151
v 0.16697840 0.73501159 -0.39683693
v 0.14701500 0.79816753 0.37618354
v 0.16626414 0.81443034 -0.34774861
v 0.15256327 0.91673951 -0.24185033
v 0.14053183 0.93309522 -0.22166133
v 0.15820668 -0.15288621 0.13279215
v 0.15965116 0.25992019 -0.27980723
v 0.16758161 -0.13510457 0.05102579
v 0.15187606 -0.99935591 0.11956137
v 0.18633560 -0.98666800 0.14860669
v 0.19983015 -0.77708676 -0.21840030
v 0.14929783 -0.75141752 0.14558724
v 0.16039888 -0.66034303 0.11731501
v 0.15272941 -0.63411375 0.10885156
v 0.17238287 -0.57002710 0.10253311
v 0.16658535 -0.47412687 -0.27219532
v 0.15193727 -0.45588388 0.17008392
v 0.16979021 -0.44914582 0.16477377
v 0.15580590 -0.43112524 0.13473459
v 0.14693484 -0.40939151 -0.23270742
v 0.15932483 -0.10368817 0.04067576
v 0.16305294 -0.09286449 0.08400588
v 0.16224625 -0.08200504 0.09322963
v 0.16709533 -0.04731315 0.15142095
v 0.17875577 0.11353455 0.04868777
v 0.17661735 0.12257788 0.02480354
v 0.14660388 0.18177758 -0.00547827
v 0.17601147 0.38054876 0.35701817
v 0.16536752 0.59508132 -0.43392868
v 0.16772908 0.73668022 0.39937410
v 0.17530365 0.93941028 0.19301131
v 0.17369103 0.95590792 0.03396567
v 0.15877295 -0.06690714 -0.12387529
v 0.15538781 -0.41946529 -0.29846936
v 0.16901707 -0.07701697 -0.11389288
v 0.16128429 -0.21028650 -0.18281618
v 0.16800809 -0.83307942 -0.09432087
v 0.16798528 -0.85931270 0.16912177
v 0.18157091 -0.78286577 0.16172098
v 0.18097572 -0.69730987 -0.18279285
v 0.16324527 -0.45136306 -0.16719550
v 0.17889234 -0.43312960 0.14478070
v 0.17462286 -0.42886062 0.11794054
v 0.17854203 -0.41945007 0.20308799
v 0.16974685 -0.12661852 0.04483507
v 0.16981088 -0.09741773 0.05947161
v 0.17046651 -0.03693025 0.15247057
v 0.16079236 -0.02866381 -0.10469011
v 0.16693597 0.18118384 0.05461208
v 0.17102098 0.23852484 -0.22635161
v 0.17145651 0.42737941 0.36568375
v 0.16822344 0.46638632 0.37773246
v 0.17541899 0.50833653 0.39804397
v 0.17490149 0.79282227 0.36838996
v 0.16013860 0.94058236 0.20734245
v 0.16150028 0.95834066 -0.06206730
v 0.17017713 0.96154289 0.10822041
v 0.16656756 0.40221628 -0.40406806
v 0.16154258 -0.13936561 -0.15755255
v 0.16892966 -0.15223823 0.08545410
v 0.16507609 -0.33040022 -0.25122256
v 0.16494706 -0.11333948 -0.14004970
v 0.17168801 -0.99999396 0.09187128
v 0.16973578 -0.84413864 -0.08653838
v 0.17224992 -0.84053087 -0.09274800
v 0.16793323 -0.83236273 -0.08694370
v 0.17454881 -0.70615795 0.13812918
v 0.18097186 -0.64960216 0.10972432
v 0.15463253 -0.63914422 -0.15423367
v 0.16791644 -0.61228222 -0.14703392
v 0.15235159 -0.44431371 0.12371489
v 0.20213069 -0.45675598 -0.27577597
v 0.17519435 -0.38953885 -0.19072697
v 0.18501585 -0.38109718 -0.26943943
v 0.16755483 -0.25995627 -0.20464702
v 0.17215007 -0.28277675 0.18322722
v 0.16289405 -0.23831773 -0.19520763
v 0.16690699 -0.10647959 0.04074117
v 0.17266574 -0.08151835 0.10045907
v 0.17978166 -0.05594329 0.10162540
v 0.15535070 -0.05560693 0.14423225
v 0.19140147 -0.02593556 0.14757199
v 0.16869132 0.11155551 -0.03752153
v 0.17123465 0.18319940 0.21314823
v 0.18728137 0.20163483 0.24256086
v 0.16065243 0.21394099 0.29743561
v 0.17383347 0.28210647 -0.30227974
v 0.19012377 0.36680984 -0.37133042
v 0.18028226 0.47885383 0.38057795
v 0.15414216 0.50031727 -0.43595900
v 0.19348400 0.64783577 -0.41355243
v 0.16740603 0.69036317 -0.41406194
v 0.20233337 0.72382270 -0.38412958
v 0.16932262 0.77726940 -0.37237902
v 0.16319341 0.84163861 -0.32606318
v 0.19239228 0.84304887 0.32229184
v 0.16320085 0.89416958 -0.26802286
v 0.17845699 0.91625545 -0.22454009
v 0.18758879 0.92962610 -0.18979583
v 0.14854123 0.95696756 -0.01331634
v 0.16808509 0.94675320 -0.02532352
v 0.16173136 0.95835472 -0.12945127
v 0.17472738 0.96006742 0.07642191
v 0.17201578 -0.10482743 -0.11188666
v 0.17859673 0.95379535 0.13411431
v 0.17431627 -0.12422468 0.04577442
v 0.18255857 -0.83851162 -0.08728461
v 0.17139968 -0.66820099 -0.16565499
v 0.17957445 -0.52146974 0.10535203
v 0.18951065 -0.46731424 -0.27644305
v 0.16178874 -0.43820147 0.12075834
v 0.18098499 -0.42714265 0.12553725
v 0.18739415 -0.40635676 -0.27914969
v 0.18277924 -0.39177114 -0.16847170
v 0.16446338 -0.38866898 -0.18712775
v 0.18137549 -0.35780743 0.19305668
v 0.18241402 -0.30677467 -0.22401698
v 0.17711621 -0.15582482 0.05233487
v 0.17517946 -0.11902444 -0.11424487
v 0.17660864 -0.11788982 -0.07207309
v 0.17603948 -0.10383541 -0.08451097
v 0.17450262 -0.08397421 -0.10350962
v 0.17682456 -0.08915762 0.07803478
v 0.17452097 -0.08778112 0.09527156
v 0.17882800 -0.04485878 0.14619217
v 0.17377588 -0.02525381 0.11984220
v 0.17250124 0.09166084 -0.05876281
v 0.18329503 0.12232671 0.00742032
v 0.17937388 0.28402429 0.34841035
v 0.17350620 0.31865911 0.35649832
v 0.15224841 0.33124169 -0.36971516
v 0.18525036 0.48142927 -0.41904146
v 0.17781177 0.64519588 0.41828790
v 0.16029977 0.82568064 0.35164801
v 0.17538069 0.89591802 0.27370285
v 0.19167222 0.94591364 -0.06878577
v 0.16398992 0.96061356 -0.08887842
v 0.19697218 -0.35761436 0.18549410
v 0.17361060 -0.21470408 0.15455120
v 0.17901652 -0.12925049 -0.06235376
v 0.17750305 -0.07414026 -0.10093817
v 0.17733575 -0.19476383 0.13037766
v 0.17871141 -0.94597804 0.16451228
v 0.17611008 -0.89240859 -0.23498216
v 0.20608446 -0.78072835 -0.22460423
v 0.18317960 -0.77517546 0.14516643
v 0.17198679 -0.49902247 -0.15133287
v 0.19173126 -0.47452668 -0.26485230
v 0.17275101 -0.45657046 0.20853559
v 0.18228262 -0.40419426 -0.16373001
v 0.19267525 -0.22546639 -0.16094700
v 0.17891755 -0.18781786 -0.15548981
v 0.18310302 -0.16338844 0.05311937
v 0.18149666 -0.14692824 0.05055659
v 0.18114258 -0.12644298 -0.05137721
v 0.18709853 -0.09046855 -0.08405451
v 0.18741671 -0.08980342 0.07730226
v 0.17600429 -0.05895864 -0.09304796
v 0.20049255 -0.03263188 0.13194266
v 0.18150270 0.18055987 0.11566705
v 0.17370975 0.24802813 0.32576995
v 0.18407564 0.30326858 -0.32118550
v 0.18991222 0.42564487 0.36129385
v 0.20405943 0.52831593 -0.41614252
v 0.19206203 0.54719153 0.41061959
v 0.18573065 0.58457568 0.41719368
v 0.17747151 0.67200022 0.41455928
v 0.19980487 0.69472724 0.39986980
v 0.15996319 0.86845285 -0.30064953
v 0.17552137 0.91003043 0.25404230
v 0.19293696 0.91619320 0.22983809
v 0.17859498 -0.10459145 0.06119713
v 0.18621760 -0.15020685 -0.12128306
v 0.18564342 -0.13791749 -0.04615223
v 0.19431037 0.24028604 0.29852777
v 0.21526684 -0.98017639 0.15277798
v 0.16631627 -0.97683971 -0.22399400
v 0.19086903 -0.77478418 -0.20516421
v 0.19859462 -0.76237743 -0.20185653
v 0.18222833 -0.65023973 -0.15566495
v 0.18153301 -0.61507359 0.10127377
v 0.19108365 -0.49474767 0.19596392
v 0.18400459 -0.48926515 0.20628983
v 0.17822683 -0.45034885 -0.16107457
v 0.18725709 -0.44961438 0.15898900
v 0.19106738 -0.35163631 -0.24884587
v 0.18469458 -0.17741548 0.06551443
v 0.19233223 -0.18319943 0.06050236
v 0.18830231 -0.16146725 0.05608993
v 0.19461347 -0.15493199 -0.07865289
v 0.18248777 -0.11270621 -0.06744347
v 0.18338591 -0.08008993 0.10642455
v 0.18052431 -0.03815524 0.10683990
v 0.18112712 -0.04366649 0.13920546
v 0.17694576 -0.00305327 0.13807101
v 0.18289265 0.10324713 0.06282105
v 0.17415319 0.12180787 -0.01225969
v 0.17865972 0.21112973 0.27397537
v 0.18288634 0.22816694 -0.17777870
v 0.18424669 0.33074293 -0.34790349
v 0.19206418 0.38571313 0.35281496
v 0.18178515 0.44667900 -0.41216199
v 0.19058839 0.44767594 0.36803763
v 0.19383103 0.48621137 0.38818605
v 0.18841417 -0.20130581 0.10143250
v 0.19149710 -0.15210333 -0.09819149
v 0.20028425 -0.42483961 0.10529867
v 0.20364150 0.80915480 0.34381623
v 0.19097350 -0.18185748 -0.13572957
v 0.18291516 -0.90482030 0.16753081
v 0.18382928 -0.74949864 -0.20255422
v 0.17833783 -0.73005642 -0.19848760
v 0.19973283 -0.69634728 0.12990434
v 0.20161391 -0.64520839 0.10167267
v 0.18478240 -0.56485218 -0.13830984
v 0.19696633 -0.50900192 -0.13829901
v 0.19279260 -0.43969129 0.10156742
v 0.19273400 -0.45196079 -0.23349162
v 0.19685347 -0.41591444 -0.20982890
v 0.19636059 -0.39768201 -0.15461227
v 0.21144992 -0.31762143 -0.20836685
v 0.19032694 -0.13052364 -0.04215175
v 0.19023028 -0.08198718 0.10341312
v 0.19532206 -0.07973521 0.09023981
v 0.19639650 -0.07101682 0.11679702
v 0.19770061 -0.03146677 0.14592814
v 0.18567716 -0.02702718 0.11652323
v 0.18733049 0.08874485 0.07636904
v 0.19959009 0.10481516 -0.02934164
v 0.20758618 0.10942859 0.03859452
v 0.20060930 0.11583986 0.02145464
v 0.19706958 0.19514729 0.20469177
v 0.20402470 0.28369973 -0.27786039
v 0.18747647 0.31998342 0.35181409
v 0.19663567 0.31298423 0.34641914
v 0.18809760 0.61622905 -0.42155540
v 0.20786541 0.63538775 0.40760636
v 0.20659450 0.77812263 0.36180724
v 0.20228541 0.81731202 -0.32461929
v 0.19895573 0.94341300 -0.11923081
v 0.19445205 -0.14716795 0.07055144
v 0.20097246 -0.04306285 0.11645290
v 0.19654126 -0.17949961 0.06269108
v 0.19711628 0.28404312 0.33564782
v 0.20620626 -0.44362944 0.14114612
v 0.20117118 -0.15603723 -0.03939399
v 0.19817945 -0.82852677 0.16802851
v 0.19834166 -0.80845557 -0.23283151
v 0.18695377 -0.75878190 0.14574909
v 0.18350059 -0.73117325 0.14453567
v 0.21021923 -0.66124046 -0.15489556
v 0.19183335 -0.57026560 0.09711821
v 0.20275762 -0.54052883 0.09303451
v 0.18875656 -0.47813942 0.10381349
v 0.19971820 -0.47447097 -0.25414569
v 0.20056807 -0.43257774 0.09444842
v 0.20220343 -0.38917147 -0.16013549
v 0.19681662 -0.20377500 0.06760115
v 0.19909615 -0.19633399 0.06141488
v 0.20047619 -0.14651619 -0.03978056
v 0.19625847 -0.11767314 -0.05139464
v 0.19570752 -0.11064172 -0.06869914
v 0.19670334 -0.09883861 0.07786160
v 0.19882006 -0.07827630 0.11146083
v 0.20773149 -0.07280321 0.09953840
v 0.20473286 -0.03138354 0.12498099
v 0.20564495 0.02342603 -0.09086250
v 0.22501937 0.20278486 0.09432037
v 0.20961851 0.74619738 -0.36876316
v 0.21755847 0.91647977 0.19050619
v 0.20126227 0.93517553 -0.15548825
v 0.19183938 0.25689962 0.31889297
v 0.20704604 -0.20170275 -0.11606869
v 0.18228473 0.18137259 0.16979484
v 0.20297780 0.60392612 0.41213089
v 0.21385768 -0.20445332 -0.09777402
v 0.20199111 -0.43221255 0.12819285
v 0.21268318 0.41673369 0.34956707
v 0.20553789 0.88397731 0.27069288
v 0.16437014 -0.99958173 -0.17804680
v 0.17049835 -0.99311199 -0.20782205
v 0.20778597 -0.97817496 -0.22021560
v 0.20478537 -0.95740452 0.16136885
v 0.21185484 -0.75106853 -0.19637637
v 0.21236708 -0.73475228 -0.19270701
v 0.21979014 -0.74855914 0.13836225
v 0.20394636 -0.63812289 -0.14603088
v 0.20181995 -0.60951278 -0.13808785
v 0.21057217 -0.58373485 -0.12907089
v 0.19084671 -0.48937244 0.17977724
v 0.20714158 -0.49103780 0.19726851
v 0.19905039 -0.46936537 0.20356941
v 0.19013884 -0.39856406 -0.19880545
v 0.20457218 -0.39014099 -0.16896313
v 0.20679020 -0.22023466 0.06839055
v 0.21471899 -0.10302354 -0.06052911
v 0.20600594 -0.10330343 -0.07814749
v 0.21636562 -0.09486118 -0.08923980
v 0.20166402 -0.08427060 0.08515564
v 0.19029292 -0.07246531 -0.09149705
v 0.18647412 -0.04433639 -0.09907902
v 0.20371566 0.11317031 -0.00425090
v 0.19952545 0.19192324 0.07612134
v 0.21243106 0.24057651 0.27507142
v 0.21011945 0.38313245 0.34309145
v 0.21078096 0.44348638 0.36818736
v 0.21103888 0.45534198 -0.39870059
v 0.20627454 0.46036483 0.37903182
v 0.19078919 0.50575393 0.39705458
v 0.20247474 0.57767196 -0.41778420
v 0.18441922 0.74973094 0.38694907
v 0.20210651 0.77870779 -0.35347999
v 0.19152636 0.86800910 0.29787945
v 0.19647573 0.87170355 -0.27412721
v 0.21728906 0.88510159 -0.23928208
v 0.21424983 0.89637079 0.24274821
v 0.20693999 -0.27871593 0.13759342
v 0.20272000 -0.21470128 -0.13798003
v 0.20580679 -0.20226423 0.06766511
v 0.20777298 0.23377696 -0.14505289
v 0.20308467 -0.42451141 -0.27563020
v 0.20776401 -0.15442310 0.08389045
v 0.22746850 -0.92622819 -0.22807800
v 0.21276564 -0.76142104 -0.20991045
v 0.20995706 -0.70944756 -0.18418438
v 0.20526817 -0.61455445 0.09217667
v 0.21495299 -0.55051346 -0.12386831
v 0.20492122 -0.54106275 -0.13034250
v 0.21188349 -0.44084106 0.19669049
v 0.21519078 -0.39766151 -0.13558289
v 0.19522710 -0.25748588 -0.17912376
v 0.20242847 -0.16720567 -0.04519507
v 0.20915033 -0.16591883 -0.03924936
v 0.22409104 -0.08512636 -0.09627084
v 0.19364370 -0.01828321 -0.10241861
v 0.20636696 -0.03166180 0.13941120
v 0.21407450 -0.02085704 0.14155404
v 0.17905331 0.02019002 -0.09781977
v 0.20783949 0.03012877 0.11785313
v 0.19810316 0.05502464 0.10146622
v 0.19190974 0.06304438 -0.07390788
v 0.20195145 0.10190812 0.05748311
v 0.20671531 0.22418755 0.25883400
v 0.19094982 0.26011707 -0.25072730
v 0.21043389 0.67451833 -0.39756570
v 0.20514399 0.91346534 -0.20500182
v 0.22053921 0.92815506 -0.14114421
v 0.20482429 0.93541592 0.01888836
v 0.20961715 0.93903351 -0.09856875
v 0.21098201 0.94186470 0.09868693
v 0.21106974 -0.24346645 0.07884785
v 0.20220851 -0.45390225 -0.14608310
v 0.23052100 0.81937225 0.31977438
v 0.22513492 0.33189741 0.32605220
v 0.20983388 -0.95288869 -0.22848560
v 0.22401640 -0.80862141 0.16389870
v 0.18636602 -0.78016322 0.15263186
v 0.22526323 -0.78011562 0.14256970
v 0.21883595 -0.75651935 -0.19745686
v 0.21643323 -0.49518422 -0.12748150
v 0.21531493 -0.48510423 0.16736981
v 0.22983806 -0.47680167 -0.24297964
v 0.21266148 -0.42349697 0.09219672
v 0.21184075 -0.42453214 0.08556909
v 0.22302957 -0.40101280 -0.16903526
v 0.21002749 -0.25681457 -0.16233608
v 0.21472508 -0.24066464 0.07203080
v 0.21885677 -0.09696693 -0.08056532
v 0.21637548 -0.09015647 0.08846202
v 0.21859180 -0.06268072 0.12805311
v 0.22110833 -0.03727454 0.12644612
v 0.21392929 0.10179473 -0.02003648
v 0.22558731 0.28233936 -0.25180882
v 0.20341925 0.40056208 -0.38204212
v 0.20629589 0.42338178 -0.39066166
v 0.23931583 0.86731172 -0.24311928
v 0.23735182 0.91870449 0.15348401
v 0.20305514 0.94229742 0.13543347
v 0.19387779 -0.28137739 0.16215028
v 0.20902280 -0.35068148 0.17472950
v 0.21186946 -0.51966029 0.08589911
v 0.21984284 -0.20113095 -0.04220328
v 0.22713000 -0.26437090 -0.14308330
v 0.22194955 -0.27307489 0.08247954
v 0.22353527 -0.19475282 -0.03613472
v 0.22377232 0.20109404 0.13431706
v 0.21988429 -0.25200604 0.07383684
v 0.22329123 -0.42540623 0.06649098
v 0.21339264 -0.43528496 0.07874533
v 0.20993057 -0.78726736 -0.22821298
v 0.21171529 -0.71658309 0.13393188
v 0.22771099 -0.61822258 0.07877753
v 0.22479225 -0.59632167 -0.12229072
v 0.21709876 -0.58999074 0.08421845
v 0.22525711 -0.52743921 -0.11584890
v 0.21985349 -0.49189999 0.17493540
v 0.21504488 -0.47357302 -0.25841709
v 0.20527841 -0.44472465 -0.27631921
v 0.22592894 -0.44946304 -0.20647671
v 0.22398161 -0.41084209 0.18329914
v 0.22698195 -0.40758444 -0.25491023
v 0.21263938 -0.37277723 -0.24697344
v 0.22257565 -0.30935290 -0.19073217
v 0.21556848 -0.22644948 0.07171320
v 0.22307505 -0.21086069 0.08556077
v 0.21454217 -0.17606963 -0.03877143
v 0.21692085 -0.14221316 0.09187361
v 0.22652807 -0.05304930 -0.10294186
v 0.21927178 -0.02722019 0.13226660
v 0.21606230 -0.00944557 0.13858404
v 0.22588258 0.08113738 -0.03917667
v 0.21440046 0.33208032 -0.32537124
v 0.21667559 0.84457998 0.30656507
v 0.20042205 0.84459413 -0.30041961
v 0.21314366 0.93812710 0.05656893
v 0.20999919 0.72585467 0.38445584
v 0.22548203 -0.56022999 0.07476407
v 0.21989776 -0.20783907 -0.07427972
v 0.21915553 -0.45660794 -0.12767514
v 0.22661841 -0.50092160 0.06509054
v 0.21571920 -0.48286772 0.19680043
v 0.21830629 0.93122044 -0.06514115
v 0.23892617 -0.38533491 0.15890785
v 0.21372668 -0.09958819 -0.06722026
v 0.21845901 -0.39096729 -0.15213206
v 0.24165932 -0.99952499 0.11835398
v 0.22851309 -0.99495860 -0.19651909
v 0.23059379 -0.98536152 -0.21078450
v 0.22545257 -0.82623584 -0.22874276
v 0.22729069 -0.78069237 -0.22041144
v 0.22626661 -0.76374057 -0.20806925
v 0.21807568 -0.69184285 0.12028016
v 0.22960017 -0.69433378 -0.16696596
v 0.22293938 -0.64858658 0.09176937
v 0.22805086 -0.46567192 -0.22122401
v 0.23664935 -0.44098977 -0.25707376
v 0.22325004 -0.42232803 0.07919009
v 0.22696067 -0.39192835 -0.13038644
v 0.22725618 -0.26378847 0.07693080
v 0.22332481 -0.15800914 -0.04937921
v 0.23687713 -0.07702263 -0.06575621
v 0.21835527 -0.07777393 0.09190416
v 0.23460695 -0.06102900 0.09797530
v 0.23731298 -0.01551979 0.13161942
v 0.23973611 0.01935466 -0.08256745
v 0.20084095 0.08518802 -0.05246024
v 0.20534738 0.20387536 0.01135804
v 0.22231728 0.30815222 0.32156134
v 0.24006279 0.82385854 -0.29075024
v 0.23774640 0.87405197 0.25170691
v 0.22882719 -0.42899700 0.05054533
v 0.23016249 -0.06445400 0.12771218
v 0.22640301 0.86820307 0.27367562
v 0.22543434 -0.40123527 -0.11881378
v 0.24136886 0.89071323 -0.20545143
v 0.22366058 -0.77518804 0.13709906
v 0.21401253 0.28220107 0.31640773
v 0.24507203 0.76536899 0.34530693
v 0.25029863 -0.43951855 0.17134264
v 0.21956034 -0.99266724 0.13969982
v 0.22383310 -0.92737439 0.16179892
v 0.22975836 -0.78217817 0.15409853
v 0.23168540 -0.76016027 -0.18775929
v 0.23711506 -0.68515380 0.10424418
v 0.22643675 -0.63386888 -0.13329970
v 0.23008940 -0.56506137 -0.11221381
v 0.23072943 -0.47327845 -0.10888587
v 0.22967830 -0.48868118 0.16121350
v 0.24439058 -0.47523282 -0.23948750
v 0.24028444 -0.47602255 -0.22883485
v 0.22143843 -0.44507625 0.12671758
v 0.23439059 -0.45420621 0.18655661
v 0.23112843 -0.42077680 0.06466510
v 0.22961019 -0.29426685 0.08438172
v 0.22646017 -0.27228581 0.07722787
v 0.23414451 -0.21542337 -0.03362538
v 0.24340024 -0.19368299 -0.04584371
v 0.20978667 -0.11326790 -0.05559794
v 0.23196134 -0.09487655 -0.06162422
v 0.21524100 -0.07215182 0.11837033
v 0.24328583 0.03597409 -0.06970978
v 0.21690765 0.06193818 0.09100696
v 0.21869865 0.09635119 0.05252123
v 0.22118840 0.10567827 0.01987264
v 0.23280330 0.20838114 0.15731723
v 0.21108155 0.22141339 -0.07146598
v 0.21447920 0.36582400 -0.35276902
v 0.23049008 0.40298967 0.33324937
v 0.20640650 0.43302015 0.36026949
v 0.25510525 0.42969630 0.34832110
v 0.20507191 0.57328450 0.41023107
v 0.23802108 0.64891336 -0.38823216
v 0.22333518 0.75043272 0.36635955
v 0.24470517 0.79745333 0.32528670
v 0.22972795 0.84350682 -0.27938725
v 0.23855942 0.91239787 -0.15865309
v 0.22534904 0.91632897 -0.01156172
v 0.22202467 -0.34288084 0.15686955
v 0.23287464 -0.22719705 -0.03958686
v 0.22493084 0.25906559 0.28088922
v 0.23490592 -0.42362270 0.03855821
v 0.21798959 0.21547361 0.22209575
v 0.24499586 0.91727295 -0.11851930
v 0.24463688 -0.06552410 -0.07429368
v 0.23778313 -0.40830337 -0.08549034
v 0.23443226 -0.39389971 -0.11105863
v 0.23991409 -0.54604145 -0.09773316
v 0.22088507 -0.41448134 -0.18908361
v 0.23867261 -0.77262407 -0.18766991
v 0.21503539 -0.99946811 -0.05643544
v 0.24208186 -0.99926137 -0.17165902
v 0.21463652 -0.87787596 0.16550359
v 0.23039112 -0.78842204 0.15953818
v 0.22779328 -0.72805711 -0.18499326
v 0.24952038 -0.48635193 0.14093070
v 0.23263821 -0.46714198 -0.25484883
v 0.24586280 -0.45863124 -0.24985250
v 0.23808095 -0.43698879 0.02283915
v 0.23804813 -0.42408845 0.06008718
v 0.25304866 -0.40838769 -0.12823497
v 0.22062088 -0.28898816 0.11066938
v 0.23587191 -0.28901602 0.08053521
v 0.23297472 -0.14162166 -0.05650592
v 0.23611535 -0.08356933 -0.08778065
v 0.23571833 -0.08669012 0.09302053
v 0.23403982 -0.02864058 0.12956768
v 0.23626542 -0.00362403 0.13028775
v 0.25495406 0.00759347 0.11544434
v 0.24409292 0.07254831 0.06004992
v 0.20867927 0.25360640 -0.21518224
v 0.23968196 0.28189003 -0.23305629
v 0.24028665 0.38493619 0.31830437
v 0.22421559 0.49368432 0.38845969
v 0.24608427 0.68187571 -0.37354217
v 0.22060960 0.91470572 -0.18305648
v 0.24136005 0.92226488 0.12744130
v 0.24911943 0.91915645 0.08454672
v 0.23655065 -0.55515912 0.05848399
v 0.23586824 -0.30996475 0.08412573
v 0.24252769 -0.63797195 0.07195046
v 0.23645478 -0.60139668 0.06728142
v 0.23726609 -0.25028806 -0.09923023
v 0.24087417 -0.39411200 -0.10539045
v 0.23712666 -0.50028629 -0.09689440
v 0.24023197 -0.42237544 0.01476052
v 0.23073920 -0.33276354 0.13309206
v 0.24287229 -0.49965988 -0.08073548
v 0.24172146 -0.31472266 0.08262854
v 0.24003009 -0.22754270 0.09638945
v 0.23332615 0.06755058 0.07616193
v 0.23909110 -0.40015082 -0.08524687
v 0.22928248 -0.97146880 0.15419026
v 0.25328217 -0.85582125 -0.22080627
v 0.24348091 -0.79109122 -0.22142535
v 0.23969553 -0.77677206 -0.20686896
v 0.23552528 -0.74120308 0.12935338
v 0.23514200 -0.71457202 0.12117388
v 0.24114439 -0.70482435 -0.16664876
v 0.22763657 -0.49139122 0.18508610
v 0.23902226 -0.48355658 0.18517722
v 0.23792525 -0.41733630 -0.17164581
v 0.23732819 -0.42062621 0.05156857
v 0.23152101 -0.37208907 -0.23052166
v 0.24460499 -0.32938881 0.08651785
v 0.22841056 -0.13926139 0.09678836
v 0.23204446 -0.08660420 -0.09336355
v 0.23932609 -0.06929310 0.09317733
v 0.24837990 -0.06019016 0.12396172
v 0.23750627 -0.05840942 0.10424459
v 0.24439397 0.21705005 0.06137237
v 0.24658697 0.36622499 -0.32556128
v 0.22936355 0.41476233 0.34124396
v 0.24117605 0.43697466 -0.37201906
v 0.24054451 0.50266621 0.38620851
v 0.24726118 0.55954760 -0.39274172
v 0.23010020 0.69542618 0.38341331
v 0.24799507 0.72533186 0.36169103
v 0.22159828 0.91903071 -0.02378006
v 0.24554405 0.91289306 -0.05888217
v 0.23923006 -0.50100714 0.03560686
v 0.24211204 -0.40754846 -0.05774527
v 0.24298877 -0.47657696 0.00993272
v 0.24065127 -0.24162952 -0.03442044
v 0.24353652 0.64892617 0.38648896
v 0.24221454 -0.41831123 -0.00659330
v 0.24439609 -0.45546915 0.10636846
v 0.23456817 0.24113713 -0.10042633
v 0.24365539 -0.41697202 -0.03279809
v 0.24478379 -0.58095656 -0.09813832
v 0.24893994 0.52115025 0.38572066
v 0.25023671 -0.56191576 -0.08082399
v 0.25366432 -0.44795897 -0.17516439
v 0.24198690 -0.27242391 -0.12201891
v 0.25018005 -0.36738352 0.12182642
v 0.24672150 -0.40974784 -0.03010470
v 0.22841085 0.49112051 -0.39659401
v 0.26519188 -0.98796985 -0.19713725
v 0.24448492 -0.96647640 -0.21821117
v 0.25232469 -0.80855412 0.15612232
v 0.25452086 -0.77784124 -0.18372859
v 0.25394747 -0.77057908 -0.17488925
v 0.25251261 -0.74392495 -0.17446316
v 0.25501577 -0.48313670 0.17358707
v 0.24842587 -0.42919030 -0.24566417
v 0.24632128 -0.42030759 0.02865088
v 0.24664400 -0.41153975 -0.00674877
v 0.24609741 -0.39830058 -0.05918441
v 0.24853270 -0.05194019 0.13355966
v 0.24115558 -0.00747955 -0.09433099
v 0.24775933 0.07856335 -0.01432551
v 0.23700157 0.08839187 0.04249396
v 0.23594610 0.09468981 0.00803522
v 0.24666586 0.08393452 0.03097488
v 0.22933354 0.25637218 -0.18697396
v 0.23813287 0.39857301 -0.35510174
v 0.24243269 0.77882934 -0.32533040
v 0.24771540 0.89038219 0.20123460
v 0.24523069 0.91834023 0.05695367
v 0.24574978 -0.46623632 -0.05241624
v 0.24921535 -0.34796204 0.09319240
v 0.23489667 -0.30493154 -0.17172031
v 0.24619252 -0.47222895 -0.02352400
v 0.24661734 -0.55647308 0.03529829
v 0.24739649 -0.39608894 -0.08853618
v 0.25246972 -0.54046883 -0.00313991
v 0.26263962 -0.06536931 -0.09468827
v 0.26133816 0.22792395 0.15712718
v 0.24345199 -0.62898071 -0.11811576
v 0.25235134 -0.53572234 -0.05415328
v 0.24096793 -0.26774998 0.09187661
v 0.25178470 -0.33773742 0.08679783
v 0.25297129 -0.26565269 -0.02911588
v 0.24721316 -0.43097720 0.05238101
v 0.24506068 0.25486330 -0.13605452
v 0.25254100 -0.52713518 -0.02976005
v 0.24585798 -0.77492009 0.12439545
v 0.25923471 -0.99787717 0.11547497
v 0.25586963 -0.98378748 0.13989721
v 0.24737766 -0.94977874 -0.22132240
v 0.26232215 -0.77962274 -0.20647340
v 0.25121936 -0.77975555 0.12749007
v 0.24305909 -0.66340199 -0.13808936
v 0.25276718 -0.67235380 0.08050970
v 0.24390958 -0.60539916 -0.10753015
v 0.25510847 -0.49013381 0.14749380
v 0.25853858 -0.46908915 -0.23485394
v 0.24966436 -0.46751449 -0.20371378
v 0.25829458 -0.42541476 -0.14508114
v 0.25164974 -0.40066062 -0.05195432
v 0.25510084 -0.39764697 0.14134076
v 0.24866662 -0.35723678 -0.20021469
v 0.24213836 -0.30236580 0.08337053
v 0.24514311 -0.23824601 -0.02891910
v 0.26188286 -0.23748016 -0.03446298
v 0.25834942 -0.22188350 0.10490209
v 0.24641102 -0.13116712 0.09927909
v 0.24180644 -0.07466814 -0.09967329
v 0.25995088 -0.05290179 0.13069005
v 0.23597844 0.31020017 -0.28067364
v 0.24296597 0.31809239 0.30058842
v 0.25044873 0.45287770 0.36513740
v 0.23722966 0.60384561 -0.39681057
v 0.27209332 0.69389802 -0.35010584
v 0.24895143 0.73187551 -0.35063251
v 0.25271621 -0.41199440 -0.01216772
v 0.25472728 -0.71253979 0.10409203
v 0.24017335 0.28107255 0.28044070
v 0.24014314 0.23889892 0.22924264
v 0.26009305 -0.64376814 0.05219129
v 0.26749588 -0.06221318 -0.08624370
v 0.24974977 0.39478754 0.31693997
v 0.24206179 -0.24779884 -0.06339270
v 0.27212049 -0.30369596 -0.05257188
v 0.23833904 0.51679938 -0.39485692
v 0.25946394 0.37260918 0.29435616
v 0.25690632 -0.36635156 0.09585647
v 0.24531380 0.91784139 -0.08910556
v 0.26176368 -0.59641533 -0.07189300
v 0.25935339 -0.99997281 0.05379495
v 0.25130392 -0.89795247 0.15620653
v 0.25572687 -0.71207143 -0.15955138
v 0.25919215 -0.62351018 -0.09605600
v 0.25658882 -0.25971846 -0.02366700
v 0.26403625 -0.19721463 -0.04751603
v 0.25292173 -0.08704087 0.09244008
v 0.24838582 -0.07342602 -0.06191966
v 0.26784072 -0.05669674 -0.09607017
v 0.24124172 -0.03632706 -0.10197553
v 0.23889860 0.21917968 0.18775180
v 0.24996893 0.24005286 -0.04954171
v 0.26541946 0.46849290 0.36398353
v 0.24633762 0.56038745 0.39124378
v 0.24802835 0.60613203 0.38903979
v 0.24735976 0.82620421 0.30035687
v 0.26623043 0.86706656 0.21612476
v 0.25742196 -0.40505312 -0.05461793
v 0.24866149 -0.59963365 0.04982933
v 0.25998530 -0.40851535 -0.09536571
v 0.25818990 -0.59565324 0.02575509
v 0.25558273 0.68667348 0.36962809
v 0.25678555 -0.34565574 0.08890429
v 0.25558799 -0.05833853 -0.06311853
v 0.25519559 -0.26646635 0.10592602
v 0.24795286 -0.40586817 -0.23631676
v 0.26706301 -0.63733924 0.03574664
v 0.26265333 -0.37860818 0.09986186
v 0.25788856 -0.55702488 -0.03189675
v 0.26441901 -0.78808965 0.14761459
v 0.26040779 -0.78060058 0.14202573
v 0.25616300 -0.74610467 0.11475051
v 0.25927940 -0.66933103 -0.12650514
v 0.26429497 -0.48527083 0.11866334
v 0.27285644 -0.47614754 -0.19026954
v 0.26173246 -0.35790763 0.09297688
v 0.25891894 -0.33613016 -0.16493617
v 0.25289679 -0.15420879 -0.05730750
v 0.27111670 -0.17589927 0.10221205
v 0.24965111 -0.11912588 -0.06149144
v 0.26299018 -0.05243001 -0.06913209
v 0.27382977 -0.01928217 -0.08725692
v 0.25045897 -0.01439422 0.12719597
v 0.26677637 0.33257638 -0.27159234
v 0.26212936 0.35146506 -0.29692090
v 0.27480103 0.60087413 -0.37169964
v 0.26717304 0.81711592 -0.27121422
v 0.26317684 0.88789634 -0.01960485
v 0.25976557 0.89208711 -0.00458697
v 0.28109583 0.89201670 -0.09747711
v 0.24440021 0.46724295 -0.38011564
v 0.25763812 -0.42257715 0.00355142
v 0.26746235 0.28196194 0.23837501
v 0.27054904 0.59391246 0.37517588
v 0.26203349 -0.28570074 -0.02407968
v 0.27045915 -0.37707105 0.10133655
v 0.27465582 0.55171509 -0.37349498
v 0.26329918 -0.58696552 -0.00506013
v 0.27543382 -0.47842265 0.15185615
v 0.24633709 0.22587199 0.01375850
v 0.27273921 -0.48638160 0.09913713
v 0.26726442 -0.38890904 0.10426858
v 0.26612101 -0.77847436 0.11133353
v 0.27006315 -0.64638412 -0.09319556
v 0.27134936 -0.34763318 0.11047261
v 0.26410772 -0.44240073 0.15640379
v 0.27296788 -0.62899227 0.01150147
v 0.27696254 -0.44636718 -0.22009201
v 0.26671435 0.26040373 -0.08813546
v 0.26375405 -0.45880792 -0.23494395
v 0.25627345 -0.99987088 -0.05844540
v 0.26044868 -0.99625941 -0.18245164
v 0.27420344 -0.97214553 0.13617997
v 0.25342477 -0.95732753 0.15152177
v 0.26060090 -0.92007085 -0.21846211
v 0.26720401 -0.93133359 0.14778494
v 0.27065326 -0.80516199 0.14731050
v 0.27515655 -0.86374831 -0.21035766
v 0.25903309 -0.79153985 -0.21607206
v 0.26979581 -0.74597466 -0.15941038
v 0.27463668 -0.74851220 0.09208661
v 0.27281149 -0.70830592 -0.13800528
v 0.26977342 -0.49045815 0.13125475
v 0.26576483 -0.48870706 0.15632749
v 0.26685020 -0.46639268 -0.17863399
v 0.26772914 -0.46041545 0.04973554
v 0.27497029 -0.42092207 0.12009388
v 0.27146822 -0.38416058 -0.19227842
v 0.27442636 -0.32556244 0.11926770
v 0.26632281 -0.27719706 -0.01915400
v 0.27367547 -0.13478829 -0.05675002
v 0.26685219 -0.05370155 -0.05587236
v 0.26029960 -0.04656512 0.09938195
v 0.27298184 0.05080076 -0.02423528
v 0.26887558 0.22894991 0.09551471
v 0.26967534 0.22925252 0.12638204
v 0.27108120 0.26759777 0.21739371
v 0.25621596 0.28565010 -0.21249310
v 0.27397225 0.41906706 0.32831416
v 0.26693876 0.63897236 -0.37079726
v 0.27564707 0.70109509 0.34917457
v 0.26878865 0.74275901 -0.32791392
v 0.26895529 0.77515903 0.31892352
v 0.25691743 0.84459264 -0.25244542
v 0.25624956 0.84721170 0.26684392
v 0.26939473 0.88798557 0.17353828
v 0.26289925 0.88960971 -0.17439503
v 0.27109790 0.89430581 -0.14092096
v 0.27797590 0.88982854 -0.06199585
v 0.26875782 -0.30273876 -0.01655600
v 0.26433639 -0.58722325 -0.04655678
v 0.26774416 -0.29969403 -0.07890304
v 0.26803774 0.33441042 0.27137876
v 0.26606828 0.90766164 0.10175460
v 0.26824028 -0.40081418 -0.21102202
v 0.26853549 -0.42228032 -0.10866713
v 0.27164237 -0.71261508 0.08247991
v 0.26178688 -0.30251771 -0.11341823
v 0.28699959 -0.04302352 0.12329093
v 0.27598129 0.74991029 0.32726700
v 0.26564996 -0.77140590 0.10579368
v 0.27228404 -0.30457097 -0.01206198
v 0.27448959 -0.44215062 0.13996128
v 0.27472690 -0.77075621 -0.15794810
v 0.27382822 0.28328535 -0.16781780
v 0.27933373 -0.99208891 0.10508305
v 0.27479939 -0.93842749 0.14277785
v 0.28017417 -0.48804200 0.07179387
v 0.27545166 -0.47409588 -0.21349751
v 0.27580074 -0.43875201 -0.02951609
v 0.27278842 -0.40022955 0.10899927
v 0.27862808 -0.28554525 0.12196174
v 0.27889353 -0.21579421 0.10743460
v 0.25971778 -0.05431774 0.09119785
v 0.27948374 -0.04143810 -0.09089086
v 0.26886042 -0.04375324 0.13267558
v 0.27805223 -0.03720340 0.12886075
v 0.28046151 0.00117536 -0.07284408
v 0.27088076 0.24488325 0.00054795
v 0.28921538 0.39515915 -0.30429585
v 0.27522515 0.40017492 -0.32298898
v 0.27537935 0.50119513 0.36721490
v 0.27146040 0.86788247 -0.20355125
v 0.27361213 0.82515583 0.26992263
v 0.27631327 -0.46195234 -0.15181507
v 0.27254773 0.30655230 0.24973538
v 0.27784942 -0.42949519 -0.21459441
v 0.28251171 -0.73957970 -0.13556725
v 0.28987888 0.46013917 0.34360312
v 0.27507700 -0.63270442 -0.06835553
v 0.27475189 -0.99834387 -0.10851629
v 0.27942144 -0.99755023 0.02351494
v 0.27844477 -0.99667574 -0.15050211
v 0.28657378 -0.99244899 -0.16926458
v 0.27710709 -0.98619052 0.12298921
v 0.27828411 -0.96164078 -0.20560938
v 0.27881091 -0.69189577 0.05244804
v 0.28052531 -0.49060286 0.10497428
v 0.27899206 -0.41879273 0.11466119
v 0.28143666 -0.41113624 0.11393629
v 0.28815592 -0.31935735 0.13161085
v 0.27424684 -0.29711604 -0.01198134
v 0.28094665 -0.26035667 0.11779807
v 0.28013328 -0.18522914 -0.04800364
v 0.28489872 -0.05001233 -0.08444934
v 0.29024133 -0.04598849 -0.07582578
v 0.27538991 -0.04562004 -0.05127226
v 0.27598067 -0.04221469 -0.06072904
v 0.27417081 0.02342423 -0.05965312
v 0.27199447 0.44149408 0.34782804
v 0.27306562 0.54095286 0.37434812
v 0.27172908 0.64674428 0.36733179
v 0.27030152 0.78102415 -0.29992120
v 0.27542941 0.89602690 0.05303909
v 0.28218280 -0.37344782 -0.15976276
v 0.27310240 0.80374756 0.29246193
v 0.27321750 -0.42567826 -0.07652144
v 0.26282226 0.03573776 0.08536375
v 0.27601441 -0.34037537 -0.13271939
v 0.28248193 -0.67850802 -0.09382398
v 0.28700022 -0.77144602 0.07311217
v 0.28472476 -0.71159677 -0.11572060
v 0.27364690 -0.61375087 -0.03739850
v 0.27359615 0.90030040 0.12201077
v 0.28583472 -0.93498932 0.13144803
v 0.27965417 -0.63436200 -0.01531763
v 0.29081548 -0.67821318 -0.06353263
v 0.29430845 0.65810992 0.34458647
v 0.27967720 -0.93150030 -0.20841934
v 0.28287409 -0.80049365 -0.20301486
v 0.28293739 -0.78296883 -0.19831089
v 0.28360341 -0.48886889 0.12348490
v 0.27928572 -0.31998259 -0.01959500
v 0.28297801 -0.31404036 -0.01330915
v 0.29928547 -0.31207963 -0.01730902
v 0.27823188 -0.24699771 -0.03325830
v 0.27361044 -0.08917156 0.08666324
v 0.26979870 -0.04646583 0.08977813
v 0.29625733 -0.03858521 -0.08092091
v 0.28546880 -0.03703882 0.08988827
v 0.27520625 0.03654208 -0.04378327
v 0.30978969 0.02318709 0.04207867
v 0.29177773 0.48087583 -0.34630977
v 0.29729808 0.86892579 0.02720724
v 0.28171139 -0.03905453 0.08549972
v 0.28552826 -0.03618068 -0.04460916
v 0.28202539 -0.81381018 0.13820460
v 0.28641507 -0.44497697 0.11751706
v 0.27340880 -0.97743287 -0.20286217
v 0.28247171 -0.77785393 0.08884170
v 0.28487223 -0.47985971 0.09061087
v 0.28648167 -0.15422933 -0.05009828
v 0.28045616 0.00687513 0.10021643
v 0.28953610 -0.47629727 -0.15545870
v 0.28072941 -0.78729967 0.13703382
v 0.29366204 -0.04159031 0.06997728
v 0.28620260 -0.73069271 0.06142806
v 0.29080349 -0.34988587 0.13312077
v 0.28477903 -0.97832411 0.12161316
v 0.28895507 -0.47869434 0.09781675
v 0.28840908 -0.99227445 0.06619981
v 0.29155428 -0.87016316 -0.19597445
v 0.28137434 -0.77982636 0.12755737
v 0.29171717 -0.77747533 -0.17776490
v 0.27849049 -0.77711983 -0.16308094
v 0.29390699 -0.71482040 0.02495564
v 0.29662571 -0.48792217 0.09701577
v 0.29014058 -0.48431051 0.01772718
v 0.28899134 -0.48216820 0.08998038
v 0.28277170 -0.47807797 -0.19107638
v 0.29175963 -0.46191860 -0.07661785
v 0.28894481 -0.43132681 0.11408943
v 0.29028742 -0.40659827 0.12359572
v 0.28968650 -0.32983158 -0.02097341
v 0.28234718 -0.04663861 0.11938809
v 0.30770659 0.02864424 0.02587238
v 0.28036051 0.24113368 0.05802174
v 0.27111479 0.30795304 -0.23052446
v 0.27004363 0.43650905 -0.34853345
v 0.29899168 0.45315927 -0.32917328
v 0.27213407 0.49983552 -0.36793410
v 0.29783300 0.51759176 -0.34970816
v 0.29065137 0.75420112 -0.30006674
v 0.29532768 0.81190858 -0.24570586
v 0.28984688 0.83523598 -0.22526403
v 0.29521059 0.85138278 -0.19371489
v 0.28946144 0.86393852 -0.02064346
v 0.28280352 0.87201917 0.00077863
v 0.30051993 0.86580812 0.16274859
v 0.27750485 0.89186822 0.14764223
v 0.29460557 -0.97857292 0.09865324
v 0.28666732 -0.96299294 0.12682620
v 0.28636523 -0.46231044 -0.11986937
v 0.29342679 -0.46960243 -0.03446391
v 0.28056318 -0.33043735 -0.09870965
v 0.29186689 -0.78327019 0.11820929
v 0.29098358 -0.03819687 -0.03785570
v 0.29050168 -0.09428865 0.07835325
v 0.29621710 -0.74546973 0.03707382
v 0.29219904 -0.47966512 0.08591523
v 0.28736442 -0.67512736 0.01100331
v 0.29293936 -0.71311742 -0.09076961
v 0.29691326 -0.46433555 0.10738625
v 0.29511936 -0.95145287 0.11383162
v 0.28614711 0.04760025 0.00688563
v 0.29350444 0.33127493 -0.23099826
v 0.29607270 0.30612149 -0.17377953
v 0.29337141 0.02493232 0.06790674
v 0.29503621 -0.68403277 -0.03661960
v 0.29452808 0.30163234 0.21042289
v 0.29117747 -0.67339205 -0.01536320
v 0.28926152 -0.46567991 -0.20366137
v 0.29704276 -0.37777427 -0.12371549
v 0.29599871 0.72596000 -0.31294877
v 0.29005741 -0.99474637 -0.09460865
v 0.29235020 -0.99326255 0.00369460
v 0.28849475 -0.98516386 -0.18414737
v 0.29879827 -0.78102765 0.09304601
v 0.28874513 -0.77647319 -0.14095944
v 0.29073546 -0.77079098 -0.12435029
v 0.28919349 -0.49069795 0.06355291
v 0.30259290 -0.47635547 -0.16885992
v 0.29329115 -0.44068237 0.11338142
v 0.29212936 -0.40882352 -0.17640882
v 0.29079791 -0.33946287 -0.03162010
v 0.31341721 -0.33586389 0.14532709
v 0.30015678 -0.29476639 0.13169772
v 0.28839529 -0.18008954 0.09822036
v 0.29507146 -0.03186839 0.11897083
v 0.29077612 -0.03145017 -0.04939345
v 0.28040687 0.25498124 0.18228830
v 0.28570527 0.30715999 -0.20185762
v 0.29219737 0.42874760 0.32138995
v 0.30207380 0.42414254 -0.30958012
v 0.29151191 0.56211676 0.36101245
v 0.29526809 0.62801071 -0.35010551
v 0.28053271 0.65984333 -0.35490582
v 0.31047055 0.65916724 -0.32801690
v 0.29955310 0.69148468 -0.32674883
v 0.30415880 0.77472368 -0.27061973
v 0.29270081 0.77844775 0.28852304
v 0.30164660 0.82994872 0.21622179
v 0.27479405 0.38366764 0.28761770
v 0.29099749 0.40880091 0.30214517
v 0.29168098 -0.94097146 -0.19778493
v 0.29404304 0.36325948 -0.27009482
v 0.29451667 0.88478353 0.08091268
v 0.29078014 -0.47860881 0.12543396
v 0.28681060 -0.48548418 0.12820509
v 0.29735665 0.68492575 0.33336746
v 0.29319255 -0.96971294 -0.18950386
v 0.30532320 0.33652683 0.21571448
v 0.29196272 -0.79670078 0.12511393
v 0.29712481 -0.46001182 -0.19186809
v 0.30157961 -0.47590070 -0.10588691
v 0.30179045 -0.77007498 -0.08311342
v 0.30462972 -0.47851042 0.09266540
v 0.29741893 0.88271273 0.11478229
v 0.29513254 -0.74244883 -0.10266098
v 0.30354462 -0.98576016 -0.09935137
v 0.30394708 0.26497453 0.15012607
v 0.29570001 -0.98840502 -0.15672640
v 0.29356823 0.74253012 0.31234367
v 0.30234843 -0.98612718 -0.00635816
v 0.29408717 0.35709574 0.24500056
v 0.29737539 -0.79006222 -0.18640197
v 0.29572156 0.52608269 0.35669620
v 0.30628701 -0.95825474 0.06903956
v 0.30080912 -0.88092233 -0.18176427
v 0.30063716 -0.77710799 0.04696045
v 0.30439432 -0.48833430 0.06032414
v 0.30208138 -0.47982364 -0.03645612
v 0.30282697 -0.45885529 0.10724502
v 0.29576071 -0.29667514 -0.01990292
v 0.29767149 -0.25413792 0.11701844
v 0.29119645 -0.23692406 -0.03454931
v 0.29729297 -0.02751769 -0.03009669
v 0.30044537 -0.04002374 0.11076645
v 0.29697272 -0.03467562 0.07159408
v 0.30172589 -0.02547585 -0.07580729
v 0.30176967 0.25657417 0.13610409
v 0.28168301 0.36931270 0.26796900
v 0.30673636 0.44588441 0.31856630
v 0.29527371 0.49512351 0.35047563
v 0.29657017 -0.79055573 0.11609667
v 0.30235740 -0.36727990 -0.03774596
v 0.30188553 -0.72711458 -0.00956542
v 0.30442015 -0.08388224 0.06372314
v 0.29732935 -0.94707254 -0.18925607
v 0.30086209 -0.47453752 -0.06012776
v 0.29555894 -0.35351177 -0.07465367
v 0.30340134 -0.73712242 -0.05996656
v 0.29996434 -0.77019384 0.02964620
v 0.31701756 0.64890793 0.32100057
v 0.29909970 -0.48662140 0.00391857
v 0.30074289 -0.93081793 0.09943473
v 0.29890793 -0.34683003 -0.02691905
v 0.29893596 0.86869369 -0.05385208
v 0.30601769 -0.03493686 0.04769039
v 0.31584486 0.77731805 0.25225698
v 0.30823609 -0.02338660 0.10403820
v 0.30709898 -0.79056647 -0.16244700
v 0.30278723 -0.96758874 -0.17216543
v 0.30216046 -0.97703059 -0.16480627
v 0.30703286 -0.78134837 0.06718052
v 0.30114092 -0.77696188 -0.11124932
v 0.30334847 -0.77737514 -0.14711361
v 0.30538383 -0.77042922 -0.05931845
v 0.30958751 -0.47926672 -0.12892352
v 0.31313643 -0.27415333 -0.02399320
v 0.30440198 -0.21897774 -0.03312528
v 0.29920653 -0.22490408 0.10629063
v 0.29807908 -0.16362956 0.08966160
v 0.30003481 -0.13546366 -0.04231943
v 0.30363715 -0.07775676 -0.02958740
v 0.31007379 -0.03683865 0.09750552
v 0.30962943 -0.03040272 -0.05822871
v 0.30516061 -0.02972642 0.06298898
v 0.30626188 -0.03353613 -0.07008817
v 0.29933579 -0.02415695 -0.03808842
v 0.30575516 -0.01861759 -0.02022469
v 0.30746446 0.25856921 0.08640663
v 0.30696559 0.28117861 0.16597471
v 0.29562447 0.28649666 -0.09937992
v 0.30954099 0.42436852 0.29818651
v 0.31858027 0.47731150 0.32010537
v 0.31355656 0.49764088 0.33238318
v 0.29975761 0.58734496 -0.35195768
v 0.29757884 0.61583102 0.35024046
v 0.29645077 0.85532956 -0.01080585
v 0.29862774 0.86888999 -0.14721539
v 0.30098634 -0.78127739 -0.17305481
v 0.30531407 -0.74700944 -0.03219337
v 0.30856278 -0.87798351 -0.15862668
v 0.30487227 -0.40597195 -0.13608340
v 0.30596855 -0.77012261 -0.01828123
v 0.29963264 -0.43095093 -0.17654619
v 0.30626911 -0.97278037 0.04803388
v 0.31518479 -0.78818950 0.05046322
v 0.30293917 -0.98140506 0.03660799
v 0.30509085 -0.46566414 -0.17553790
v 0.30925224 -0.80272472 0.07694760
v 0.31257656 0.33551964 0.20570720
v 0.32117268 0.27516382 0.04855559
v 0.31260917 -0.97082439 -0.01442296
v 0.31240785 -0.48146139 -0.06343576
v 0.30328512 0.87231207 -0.10993091
v 0.30624422 0.56648921 0.34726367
v 0.30654349 -0.94355991 -0.16829780
v 0.32156506 0.59105568 -0.33028892
v 0.31268343 -0.92122914 0.04601387
v 0.31188031 -0.97341533 -0.07511406
v 0.31693106 -0.78146508 0.02257412
v 0.31470908 -0.77812646 -0.09406296
v 0.30921692 -0.77703175 -0.08055548
v 0.31016051 -0.48627078 -0.01364718
v 0.31026808 -0.47586935 0.09037072
v 0.32240446 -0.44576554 0.12238155
v 0.30494687 -0.41412469 0.13305002
v 0.31374018 -0.40224843 -0.08169305
v 0.31944670 -0.30731979 -0.01998009
v 0.30898162 -0.01651074 -0.02325722
v 0.30819983 0.30721678 0.18952697
v 0.30164776 0.55617252 -0.35046123
v 0.30733775 -0.01963829 -0.01156764
v 0.31323322 -0.94399920 -0.13433196
v 0.31604888 0.40388460 0.26554604
v 0.30919638 -0.36677006 0.14508249
v 0.31076408 -0.77639657 -0.01440578
v 0.31241405 -0.78080779 -0.12842464
v 0.31759651 -0.13736551 0.06241098
v 0.32095502 0.83127839 -0.00036314
v 0.31298064 -0.96332851 -0.11635302
v 0.31068756 -0.02627311 0.03746830
v 0.30896720 -0.89282410 0.07084841
v 0.31347637 -0.22262917 -0.02789851
v 0.29908767 0.26655488 0.00490841
v 0.32347313 0.45438757 -0.30108821
v 0.31525984 -0.13298545 -0.02550878
v 0.31576162 -0.93697410 0.01656225
v 0.31900228 0.74483927 0.27376705
v 0.31153315 -0.02768725 0.01215306
v 0.31338545 -0.07362944 -0.01102150
v 0.31572506 -0.79068847 -0.12743529
v 0.31464326 -0.43129880 -0.13024028
v 0.31258569 -0.15180921 0.07397732
v 0.32201964 0.55398596 0.32911005
v 0.31734952 -0.84954130 0.03680161
v 0.31571676 -0.48406531 -0.00123941
v 0.31715479 -0.48188105 0.07504548
v 0.31902272 -0.47972909 -0.10776997
v 0.32551749 -0.46845502 0.10118450
v 0.30799284 -0.36470607 -0.03239908
v 0.31811334 -0.34844073 -0.02988566
v 0.31931068 -0.26649258 0.11816291
v 0.31325650 -0.07399558 0.04561169
v 0.31840467 -0.03113381 0.07991870
v 0.31586742 -0.02141773 0.03480308
v 0.31863725 -0.02110062 -0.04199337
v 0.31383899 -0.02403714 -0.06266739
v 0.32188805 -0.01482212 0.08217938
v 0.32166305 -0.00918309 -0.04710685
v 0.30910390 0.25855277 0.11799910
v 0.31690432 0.26267250 0.12674155
v 0.31952359 0.34567877 -0.20473375
v 0.31371315 0.36598358 0.22787646
v 0.31476284 0.36333900 -0.23979206
v 0.30804403 0.80146253 0.24021640
v 0.32341839 0.84882644 0.14784598
v 0.30995431 0.86965940 0.12553530
v 0.30796637 0.86904709 0.05781926
v 0.31612144 -0.86751510 -0.12623738
v 0.31840844 -0.47452069 -0.13247420
v 0.31759255 -0.94671134 -0.02553388
v 0.32343735 0.82991999 0.18041329
v 0.31248140 -0.46684581 -0.15727590
v 0.31826218 -0.47654971 0.03914651
v 0.31265524 -0.03200269 0.10289804
v 0.31634641 -0.95816822 -0.05953294
v 0.31457864 -0.19923190 0.08833498
v 0.31897371 -0.93479790 -0.06611087
v 0.30747137 0.02293400 -0.01421146
v 0.31669472 -0.94591585 -0.09923974
v 0.31782982 -0.18133889 -0.02512831
v 0.32174108 0.28725195 0.00776444
v 0.31058631 -0.02990502 0.02635280
v 0.31579903 -0.39785158 -0.04121732
v 0.32082608 -0.77866892 -0.02804297
v 0.32532606 -0.48062545 -0.03296488
v 0.32416692 -0.47925205 -0.01107747
v 0.31877598 -0.39087984 -0.03603975
v 0.32411572 -0.12957978 -0.00678546
v 0.32692851 -0.02627463 0.06875834
v 0.32665447 -0.01303167 -0.02003603
v 0.31599095 -0.01137571 0.00120335
v 0.31884397 0.26214594 0.10332739
v 0.31405905 0.26819780 0.14218184
v 0.32486875 0.30530211 -0.05342076
v 0.31539936 0.28534980 0.16310495
v 0.31718099 0.48321921 -0.32128648
v 0.32327441 0.68698784 -0.30401832
v 0.32323909 0.73356667 -0.27904525
v 0.31990275 0.86228630 0.09406857
v 0.33894041 0.41133572 -0.24998831
v 0.32464017 -0.19078839 0.07453528
v 0.32401942 -0.01624040 -0.04323361
v 0.31230944 0.69436570 0.31178882
v 0.31481492 0.00646045 0.06415820
v 0.32252942 0.52058818 -0.32528654
v 0.32442247 -0.78365047 -0.06882302
v 0.32199157 -0.78963136 0.01138223
v 0.32440115 -0.84942796 -0.02477850
v 0.32419376 -0.83655771 -0.07776897
v 0.32902078 -0.37216456 0.15328725
v 0.32179428 -0.46614203 -0.12975727
v 0.32326905 0.31274561 -0.09847524
v 0.32373176 -0.02702370 0.08640948
v 0.32280301 0.59755528 0.32436116
v 0.32501215 -0.40816105 -0.03585276
v 0.32400705 -0.43938232 -0.08726144
v 0.32917850 -0.47310849 -0.08332923
v 0.32388733 -0.23555627 0.09849909
v 0.31632500 -0.48134149 0.05457770
v 0.33056481 -0.45995346 0.01400825
v 0.31495032 -0.43876705 0.12558491
v 0.32407814 -0.39137319 0.14949558
v 0.33132548 -0.28669351 -0.01762443
v 0.33290191 -0.20305645 -0.00684488
v 0.33180892 -0.01069816 0.00915302
v 0.32459001 0.00001905 -0.03066013
v 0.33478531 0.26487879 0.13121300
v 0.31878054 0.31234986 0.18382906
v 0.31952586 0.41045957 -0.27813796
v 0.31920695 0.81054205 -0.21429933
v 0.32321515 0.84503230 -0.05430968
v 0.32652375 -0.78423459 -0.03387594
v 0.32330953 0.82618710 -0.01405122
v 0.33162596 -0.01543987 0.06697648
v 0.32555522 0.85024433 0.05344006
v 0.31626229 0.72017435 0.29365143
v 0.33046926 -0.14742247 0.00531933
v 0.32314935 0.84917848 -0.13279803
v 0.33483564 0.00006578 0.02161471
v 0.33126253 -0.00830780 -0.02384021
v 0.33155952 0.42598361 0.26495811
v 0.32703204 0.51987180 0.32020275
v 0.32910353 -0.44824668 -0.05405502
v 0.32789633 -0.22224971 -0.01638966
v 0.33259793 -0.44613224 -0.04642651
v 0.33100684 -0.47664158 -0.01425143
v 0.32586531 -0.47028963 0.03445376
v 0.33717435 -0.45551758 0.01175929
v 0.34049922 -0.45265674 0.11397817
v 0.33154774 -0.39859584 0.15003038
v 0.34171797 -0.33832589 0.14696074
v 0.32242504 -0.31154612 0.13936626
v 0.33222677 -0.01917060 0.05238969
v 0.33252815 0.00406554 0.00043513
v 0.32494193 0.27064067 0.07425482
v 0.33495310 0.27801680 0.15140121
v 0.33411586 0.33437213 -0.13415528
v 0.33250175 0.34130896 0.19345875
v 0.33101519 0.37128591 0.21307285
v 0.32715411 0.55974406 -0.32470721
v 0.32178997 0.62845676 -0.32464696
v 0.32405521 0.77938121 -0.24160462
v 0.34075624 0.77663287 0.21014453
v 0.32164964 0.84385816 0.02583925
v 0.32112012 0.83136934 -0.18155750
v 0.31960656 0.85615670 -0.08332340
v 0.32684965 -0.13653425 0.04208369
v 0.33068276 -0.47327444 -0.04138754
v 0.32241390 0.44329652 0.29700424
v 0.32908658 -0.13041865 0.02126418
v 0.33665856 -0.00954019 0.03168193
v 0.34269466 0.54288436 -0.30444966
v 0.34230673 0.49032040 0.28986956
v 0.33334438 0.84689851 0.08018530
v 0.33022914 -0.25765690 -0.01637015
v 0.33650955 -0.18325026 0.04415090
v 0.32177006 0.33617790 -0.18015568
v 0.32749004 0.68795795 0.29182163
v 0.34922966 -0.48099971 0.06299604
v 0.33802634 -0.47106811 -0.03308595
v 0.33349413 -0.42754625 -0.04101064
v 0.32717344 -0.32731191 -0.02252927
v 0.34203562 -0.32625726 -0.01845709
v 0.33639660 -0.17879451 0.01189356
v 0.33698456 -0.00125200 -0.00057755
v 0.34194049 0.30584085 0.00721267
v 0.33323680 0.31464408 0.17725812
v 0.33957923 0.32292303 -0.05327969
v 0.33248840 -0.21886107 0.07882065
v 0.34461371 0.81981170 0.15424151
v 0.34045290 -0.21529026 0.06167099
v 0.34256309 0.74924723 0.22846733
v 0.34978990 -0.44872185 0.01899614
v 0.35049303 -0.26754114 0.09385340
v 0.34626429 -0.21719692 0.02155341
v 0.34613743 -0.47416702 0.04198318
v 0.33946789 -0.46766884 0.00039184
v 0.34746006 -0.45475267 0.01000658
v 0.34006336 -0.44739425 -0.04187709
v 0.34151477 -0.41477117 0.14244557
v 0.35623940 -0.41488045 -0.03787538
v 0.33342162 -0.37371944 -0.03554892
v 0.34721452 -0.31737874 0.13584830
v 0.33964896 -0.27701285 0.11336892
v 0.33834071 -0.21323775 -0.00042556
v 0.34840454 -0.24172863 0.00722449
v 0.34314769 0.26263333 0.11049249
v 0.34269612 0.27089413 0.13752276
v 0.33911914 0.36103937 0.19428752
v 0.34175769 0.38628494 -0.21933390
v 0.34493226 0.44796460 0.26087095
v 0.33782283 0.47029416 0.28945369
v 0.34240288 0.62355836 -0.30122229
v 0.34393429 0.68725778 -0.27855286
v 0.33502891 0.71402660 0.26567547
v 0.34171638 0.73471800 -0.25380330
v 0.34443765 0.80019823 0.18054586
v 0.34683566 0.34659592 -0.12415428
v 0.33845200 0.50145116 -0.30100684
v 0.33652112 -0.47945513 -0.01744391
v 0.34609409 0.57790613 -0.30138192
v 0.34368626 0.37257128 0.19618026
v 0.34597994 -0.26887606 -0.00583124
v 0.34215324 0.83691421 0.11344491
v 0.34421822 0.28834870 0.15121152
v 0.34472548 0.55387929 0.29384530
v 0.34441656 0.82112797 0.03554820
v 0.34934238 0.32732767 0.15423812
v 0.36429679 0.42264695 -0.21259272
v 0.34345795 0.60080067 0.29152244
v 0.34706083 -0.47770574 0.08088703
v 0.35542191 -0.47831198 -0.03404968
v 0.33390885 -0.46021685 0.02311339
v 0.34404246 -0.37906588 0.15618270
v 0.35081118 0.26733658 0.09175926
v 0.33555237 0.28908662 0.03200752
v 0.34155809 0.31681724 -0.01815759
v 0.34699462 0.32139592 -0.04231885
v 0.34668343 0.33098717 -0.06243831
v 0.34767473 0.34090612 -0.07869801
v 0.34193367 0.45154871 -0.27349309
v 0.36013178 0.59214010 0.26095281
v 0.36486061 0.44885821 -0.23311210
v 0.33987174 0.64937500 0.28562154
v 0.34391353 0.77746573 -0.21258071
v 0.34573685 -0.21407899 0.04161647
v 0.34516031 0.82414572 -0.13255657
v 0.34516342 0.52151884 0.29186089
v 0.34404458 0.82387300 -0.05970754
v 0.35308155 0.47964097 -0.27129863
v 0.34798163 0.39970214 0.22056446
v 0.34725862 0.82538608 0.13394514
v 0.35270806 -0.49416485 -0.01531266
v 0.35486702 -0.49250685 -0.00500817
v 0.36022651 -0.47150815 0.04545515
v 0.36882806 -0.40791691 0.15301393
v 0.34910325 -0.37037852 -0.03081769
v 0.35031125 -0.31497318 -0.01221018
v 0.35680911 -0.24526172 0.03494271
v 0.35441979 0.32137896 -0.00836925
v 0.35171587 0.32076227 -0.01835991
v 0.35359659 0.31986040 -0.05061421
v 0.36548155 0.40630122 0.19325926
v 0.34590779 0.79594231 -0.00242217
v 0.36435378 0.39691119 -0.18152073
v 0.35048369 0.26644536 0.11325295
v 0.35867274 -0.26185857 0.07302874
v 0.35932692 0.38219555 0.15335840
v 0.35286742 0.82239166 0.07555296
v 0.35002893 0.42052370 0.23682058
v 0.34445837 0.80724787 -0.17299623
v 0.34560308 0.36435671 -0.17734122
v 0.34635245 0.82750770 -0.09640152
v 0.36069809 -0.26541100 0.01880170
v 0.36318852 -0.30100095 0.00233150
v 0.35156371 -0.48777594 -0.02689880
v 0.36432734 -0.46732257 0.09102882
v 0.35844773 -0.45974207 -0.03817402
v 0.35539283 -0.42557211 0.13204852
v 0.36989283 -0.38847408 0.15445804
v 0.36879249 -0.36554950 0.14757869
v 0.35676835 -0.24775545 0.05363461
v 0.36181144 0.27485323 0.08741620
v 0.35549592 0.31409452 -0.02967814
v 0.35407790 0.33633627 -0.06874327
v 0.36329511 0.36051270 -0.08528438
v 0.35238130 0.78870418 -0.01650967
v 0.35232081 0.28593152 0.13322456
v 0.35162234 0.69566112 0.24564157
v 0.35244395 0.27229074 0.12253967
v 0.36572166 0.76216597 -0.00163680
v 0.36998729 0.49038692 -0.24877354
v 0.36394897 0.61554371 -0.27248969
v 0.36155524 0.31662521 -0.06171648
v 0.36567089 0.30122655 -0.05199569
v 0.36571748 0.32163351 0.09799739
v 0.36820582 0.78460230 0.15224674
v 0.35648213 0.62893934 0.26062311
v 0.36713066 0.80056005 0.11914575
v 0.36048359 -0.36182884 -0.02024052
v 0.35844739 -0.48817714 0.00031574
v 0.36736810 -0.47200861 0.05879585
v 0.35974703 -0.47120023 0.08725761
v 0.36605123 -0.43315844 0.11995519
v 0.38791378 -0.42568718 0.14643869
v 0.36413979 -0.40136324 -0.03346757
v 0.36003149 0.27708656 0.06861970
v 0.36198360 0.34765655 -0.07607036
v 0.35952955 0.65607943 -0.26837458
v 0.36409647 0.37724370 -0.14631860
v 0.36673396 0.79739421 -0.07635359
v 0.36744393 0.31315759 -0.01160467
v 0.36825086 0.30257931 -0.02048947
v 0.36434775 0.79079832 0.03721213
v 0.35455297 0.36079321 0.15082833
v 0.36917372 0.79583005 0.07026687
v 0.36165866 0.51691832 0.25873759
v 0.36558887 0.44374186 0.22724278
v 0.36599162 0.77472336 -0.17193558
v 0.36390499 0.79318761 -0.05282329
v 0.37308420 -0.28024751 0.04446505
v 0.36286427 0.55754093 0.25876526
v 0.37679106 -0.29401316 0.02885270
v 0.37831126 0.63515090 -0.24466255
v 0.37462419 0.37262355 -0.08238915
v 0.36257517 -0.45421038 0.02793615
v 0.37005209 0.28692329 0.07533395
v 0.36528098 -0.49861356 -0.01707142
v 0.36853713 -0.48246312 0.00486186
v 0.37009489 -0.46124211 0.00932718
v 0.36737152 -0.45359316 0.02035923
v 0.37800258 -0.41037815 -0.02396300
v 0.36522379 -0.31651617 0.12183683
v 0.37098295 0.28543183 0.06164961
v 0.37248711 0.29955413 0.02149297
v 0.37547319 0.31762395 0.00284823
v 0.35667289 0.48161186 0.25803726
v 0.36903897 0.72560003 0.20208318
v 0.36418027 0.67023494 0.23530516
v 0.36284109 0.52391790 -0.27224937
v 0.36615445 0.73136293 -0.21694963
v 0.36043186 0.38936640 0.16484468
v 0.37883691 0.73009263 -0.00121465
v 0.37406926 -0.30959930 0.10504467
v 0.36491758 -0.47424361 0.07338701
v 0.37029739 0.37308676 -0.10774090
v 0.36787535 0.29634612 -0.03457455
v 0.36686167 0.56668717 -0.27162452
v 0.36534882 -0.42535803 -0.03317386
v 0.36502103 0.76643723 0.17903564
v 0.37294616 0.39447158 0.11105713
v 0.36765688 0.42036459 0.20574430
v 0.37230159 -0.49523841 -0.00458468
v 0.36956157 -0.47631630 -0.03173492
v 0.38194207 -0.45559511 0.05407857
v 0.37310926 -0.45311831 0.03659052
v 0.39997764 -0.43831795 0.13855583
v 0.37849906 -0.39709638 -0.02116362
v 0.36920992 0.28890508 0.04014873
v 0.36926189 0.35310456 -0.07939217
v 0.36836350 0.79720906 -0.10500732
v 0.38163935 0.39991220 -0.13130105
v 0.37662349 -0.43301777 -0.01879514
v 0.38120805 0.73508612 -0.18066933
v 0.37038677 -0.49164182 -0.02525586
v 0.38344286 -0.44497401 0.09533282
v 0.38297253 0.77160069 -0.09807546
v 0.36658686 0.69261522 -0.24199250
v 0.38095182 -0.47134830 -0.01979876
v 0.37664231 0.73903032 -0.01023548
v 0.38159109 -0.45081137 -0.01131394
v 0.37801683 0.29931441 0.05631815
v 0.38186002 0.39131397 -0.08254379
v 0.38099077 -0.48564432 -0.00469872
v 0.38184691 -0.45949883 0.07388796
v 0.37317576 -0.45776705 0.02453533
v 0.38089349 -0.45319907 0.04135277
v 0.37550297 0.36582052 0.08763424
v 0.38654997 0.43087522 0.16857366
v 0.38991443 0.57040723 0.21396371
v 0.37814339 0.77080526 -0.05492783
v 0.37784258 -0.49320668 -0.01606299
v 0.38004497 0.78047045 0.09130058
v 0.37604743 0.41287267 0.13643109
v 0.38120886 0.42310970 -0.17152205
v 0.38918321 0.58913351 -0.23211839
v 0.38079395 0.76520374 0.04948729
v 0.38068999 0.29687537 0.04171639
v 0.37031338 0.78528595 -0.13966166
v 0.38489913 0.52950314 -0.23528481
v 0.38452355 0.54203756 0.22302134
v 0.39127668 0.69283283 -0.19221002
v 0.38385156 -0.47771658 -0.01024566
v 0.38984921 0.71548899 0.16957407
v 0.38511677 0.76646102 0.12382099
v 0.38766527 0.75198732 -0.13754015
v 0.38390319 0.47527573 0.20883168
v 0.38088433 -0.45610083 0.03577880
v 0.38135462 -0.46267559 -0.00001125
v 0.38629710 -0.44165618 -0.01023889
v 0.38193451 -0.36126070 -0.00245946
v 0.38567120 0.26746032 -0.02587046
v 0.36865080 0.32464725 -0.07386153
v 0.37813122 0.31377974 -0.00428126
v 0.38890091 0.32115087 0.00920753
v 0.38153896 0.37217535 -0.08045588
v 0.38491413 0.66523893 -0.22133216
v 0.38586112 0.74690279 0.15195328
v 0.38836835 0.74116171 -0.04152029
v 0.38798741 0.31049084 0.03240777
v 0.38196078 0.44655798 0.19620218
v 0.38707568 0.73820659 0.03467246
v 0.38428982 0.42237498 0.09937156
v 0.39271661 0.23389547 -0.05538478
v 0.39741610 0.62618169 -0.20778505
v 0.38391698 0.72174703 0.00891595
v 0.38861892 0.39921469 -0.09508061
v 0.39165053 0.68622931 -0.00227032
v 0.38277649 0.28612624 -0.07277225
v 0.38077246 0.30063524 0.02714080
v 0.39657052 -0.47247522 0.04192625
v 0.38529512 0.25945708 -0.03671729
v 0.37763872 -0.46049975 0.01334987
v 0.38539735 -0.46147337 0.00768132
v 0.39274459 -0.45405814 0.05567028
v 0.38770171 -0.45659810 0.00045108
v 0.39116880 -0.43306710 0.10888834
v 0.38875159 -0.43128486 0.11564948
v 0.39347935 -0.41163284 0.15119136
v 0.38678560 -0.36523183 0.13692796
v 0.37355690 -0.28116359 0.05883883
v 0.39886779 0.34046731 0.02322204
v 0.38340119 0.40124767 0.08360400
v 0.38556771 0.48103487 -0.21278614
v 0.39459840 0.41457798 -0.07379101
v 0.38286843 0.26463377 -0.05636271
v 0.39289458 0.74674591 -0.07175562
v 0.39382825 0.43419959 0.06213898
v 0.38652835 0.68861532 0.19082374
v 0.39970927 0.44628233 -0.14322617
v 0.38631958 0.44833832 -0.18718517
v 0.40141778 0.27348891 -0.08502716
v 0.39061551 0.46548293 0.01599500
v 0.39603194 0.71278186 -0.16070058
v 0.39310195 -0.31943792 0.07960014
v 0.38543927 0.50379190 0.21576703
v 0.39660331 0.47943810 0.18012457
v 0.39150152 0.46601442 0.00801395
v 0.40152226 -0.41652376 -0.00640277
v 0.38694210 -0.35041518 0.12579750
v 0.39982033 0.70746220 0.14898703
v 0.39698700 0.72853446 0.06190941
v 0.39215151 0.44496004 0.11345052
v 0.39819107 0.49561480 0.01320089
v 0.39253046 0.44603339 0.16676362
v 0.38907200 0.64787080 0.20136894
v 0.39800831 0.25736021 -0.01819184
v 0.39557609 0.42484263 -0.12564184
v 0.39077884 -0.45900550 0.07326990
v 0.37355044 -0.42927213 0.12939812
v 0.39785741 0.23175185 -0.03165997
v 0.38730001 0.26478298 -0.06879115
v 0.38694095 0.39316823 -0.07620488
v 0.39714949 0.40755589 -0.07034045
v 0.39233426 0.45391982 0.00968771
v 0.40040103 0.68754872 0.03325123
v 0.40575515 0.37175584 0.02266544
v 0.40233731 0.20511343 -0.04204464
v 0.39871733 0.65782428 0.17794903
v 0.39152192 0.42244534 0.06622066
v 0.37986097 -0.32014610 0.01436598
v 0.39345288 -0.31884066 0.04134066
v 0.39565006 0.43639572 0.04873931
v 0.39849767 0.72481095 -0.13630185
v 0.39673990 0.73894673 0.11756551
v 0.39018965 0.60580646 0.20939262
v 0.39605319 0.66967324 0.01007991
v 0.39985052 0.45721577 0.13276925
v 0.39767152 0.47696535 -0.00041478
v 0.40626859 0.48155973 -0.15542675
v 0.40785896 0.43205071 0.01043938
v 0.39465656 0.44750138 0.02914942
v 0.40268784 0.62457740 0.00181815
v 0.41157201 -0.34506973 0.06302095
v 0.40728622 0.18441888 -0.05662994
v 0.40300697 0.62344613 0.01013876
v 0.40458691 -0.48318342 0.02682224
v 0.41474359 -0.46729381 0.05826901
v 0.41110036 -0.47136971 0.00741449
v 0.39896887 -0.43092407 -0.01087496
v 0.39911023 0.32585368 0.00269801
v 0.40145994 0.32254084 -0.08736163
v 0.41343585 0.35227596 -0.08474652
v 0.41639180 0.38518251 -0.07601448
v 0.40002134 0.45635968 0.00452175
v 0.39827469 0.73671972 -0.10356387
v 0.39719951 0.48034215 -0.18304473
v 0.40348852 0.47535604 0.15121698
v 0.40215538 0.64812972 -0.00902079
v 0.39871780 0.33214917 0.01022930
v 0.40122354 0.47113947 0.08930233
v 0.40348776 0.59950322 0.18049084
v 0.40047204 0.53645322 0.18808982
v 0.39718015 0.73932869 0.08703317
v 0.39891419 0.56603707 -0.20963797
v 0.40771347 0.68880364 0.06335410
v 0.40537729 -0.34963519 0.09860310
v 0.40118832 0.51835423 0.00638859
v 0.40556167 0.59879166 -0.00368379
v 0.39904999 0.51803568 -0.19796667
v 0.40426887 0.56502933 0.00551166
v 0.41186832 0.18218751 -0.06912111
v 0.40994361 0.64601141 0.15075072
v 0.40240138 0.69233146 -0.03464575
v 0.40839190 0.53014001 0.02706615
v 0.40798340 0.23099148 -0.08283410
v 0.40154475 -0.47674819 0.01592808
v 0.40405190 -0.36744902 0.02085597
v 0.40825249 0.35323225 0.01151946
v 0.40415716 0.47655742 -0.00510121
v 0.39949578 0.65650268 -0.19205054
v 0.40205996 0.47935181 0.04292776
v 0.40679673 0.70252700 -0.05857702
v 0.40714082 0.43770814 -0.07363038
v 0.40576047 0.43688386 -0.09658771
v 0.41049792 0.51757384 0.15107827
v 0.40866256 0.68548593 -0.14236708
v 0.40736228 0.54017973 -0.00741598
v 0.40454287 0.71967698 -0.08556768
v 0.40995976 0.68413480 0.12735124
v 0.40955590 0.54905806 -0.17898939
v 0.40803969 0.49720960 -0.01815053
v 0.41400354 0.65444560 -0.04218942
v 0.41339755 -0.47099752 0.07582798
v 0.41497585 -0.46098912 0.09524695
v 0.40808839 -0.44671840 -0.00505522
v 0.41644036 -0.44720433 0.12606279
v 0.39480469 -0.44204578 0.10081543
v 0.41796814 -0.44317501 -0.00013162
v 0.41034418 -0.35270058 0.04179255
v 0.41076744 0.20695046 -0.02681495
v 0.39906487 0.32102908 0.00039441
v 0.41185826 0.33867247 0.00064553
v 0.41100002 0.41646455 -0.06603118
v 0.41108387 0.43031870 -0.06733922
v 0.41295052 0.51877309 -0.15689192
v 0.41114037 0.64771324 0.04546009
v 0.40744202 0.49947359 0.06011415
v 0.41107181 0.68979589 0.09146431
v 0.40895999 0.48172461 0.12169236
v 0.41361821 0.47777998 -0.11924263
v 0.40851930 0.41283404 0.02897193
v 0.41240027 0.69135575 -0.10957043
v 0.41317028 0.59820333 -0.02147076
v 0.41258542 0.64875922 -0.15694632
v 0.42072949 0.51838506 -0.12111810
v 0.41575259 0.67949376 -0.08186950
v 0.41709029 0.46807346 -0.06940264
v 0.41593330 0.41586435 0.00452047
v 0.41381465 0.56839163 0.15062795
v 0.40899766 -0.36924766 0.11899340
v 0.41296233 0.60193214 0.03673034
v 0.41766632 0.54098436 0.07475860
v 0.41286277 0.60392190 -0.17136502
v 0.41929620 -0.48702589 0.02353090
v 0.40909382 -0.47362313 0.04897554
v 0.42137494 -0.44477619 0.10362252
v 0.41700063 -0.43990482 0.11020019
v 0.42320235 -0.43355645 0.14685281
v 0.41420656 -0.39177935 0.13764716
v 0.42592965 -0.37396364 0.05442375
v 0.41851767 -0.37100597 0.09979629
v 0.42216764 0.15802251 -0.03580739
v 0.42041770 0.37907434 0.00296313
v 0.41577093 0.39261763 0.01100358
v 0.42315034 0.46202779 0.00179877
v 0.41265544 0.47998813 -0.00948025
v 0.41482268 0.51068539 0.09594378
v 0.41805204 0.55652840 0.12693664
v 0.42079847 0.55952877 -0.04254938
v 0.41601224 0.51990553 0.11685787
v 0.41647927 0.64187026 0.12391188
v 0.41429382 0.60656060 0.14692214
v 0.41927393 0.56559604 -0.14871811
v 0.41966473 0.61155545 -0.04322074
v 0.41571064 0.50867686 -0.03640011
v 0.41643884 0.64723793 0.07296746
v 0.41910191 0.64345600 -0.13175155
v 0.41676247 0.65407501 0.10057868
v 0.41736501 0.15836239 -0.05178705
v 0.42100322 0.60024430 0.10269079
v 0.41885672 0.50710036 -0.04701488
v 0.41941689 0.59272094 0.06593327
v 0.42018703 0.55146034 0.09507124
v 0.42145128 0.64316879 -0.07294143
v 0.42170484 0.48570575 -0.05887892
v 0.41964704 0.48603740 -0.06447508
v 0.41278876 -0.39972555 0.01848533
v 0.42516463 -0.38691145 0.04470764
v 0.42208577 -0.41203074 0.03258091
v 0.41527300 -0.48728624 0.03708553
v 0.42446207 -0.47822935 0.04817766
v 0.40853044 -0.46490866 0.08774780
v 0.43192779 -0.47115569 0.01283582
v 0.42244258 -0.44643509 0.13576170
v 0.42822696 -0.37253343 0.07670439
v 0.41769618 0.18776613 -0.07839735
v 0.42506545 0.21447322 -0.08837750
v 0.41068010 0.24955236 -0.01399712
v 0.42951267 0.25113483 -0.01018112
v 0.41398735 0.44650623 0.00502799
v 0.42201045 0.50322680 -0.04419751
v 0.42557796 0.60459261 -0.10482676
v 0.42213165 0.64304994 -0.10296655
v 0.42520438 0.60194547 -0.07183796
v 0.42310337 0.59848268 -0.12857625
v 0.42534174 0.54416564 -0.10542696
v 0.42739492 -0.41793608 0.03962175
v 0.42591987 0.55519078 -0.07645155
v 0.42505723 -0.47695919 0.01290230
v 0.42509728 -0.47007678 0.05600984
v 0.42639509 -0.38855155 0.11950084
v 0.42803922 0.14428218 -0.04777745
v 0.42550788 0.16311558 -0.07155104
v 0.42947838 0.31062232 -0.08966293
v 0.41924953 0.45244024 -0.06669378
v 0.43057664 -0.39498347 0.09649745
v 0.43956532 -0.38833113 0.06472893
v 0.43410495 -0.48372012 0.04030560
v 0.45143844 -0.47694210 0.07498629
v 0.43579338 -0.46497496 0.05048565
v 0.42399936 -0.41629699 0.14614069
v 0.44186404 -0.40912220 0.12521093
v 0.42900992 0.16509295 -0.02698133
v 0.43254467 0.17764662 -0.08268514
v 0.42671896 0.36749828 -0.00159866
v 0.42694156 0.47004007 -0.06292726
v 0.42693687 -0.43193409 0.01402052
v 0.43395141 -0.43775714 0.03812539
v 0.43509745 -0.43353322 0.10900570
v 0.43417162 -0.44418318 0.13293131
v 0.43365920 -0.48420854 0.02460775
v 0.43683922 -0.46716982 0.05760252
v 0.43454918 -0.44281466 0.12145647
v 0.43970720 -0.43521399 0.13941616
v 0.44115748 -0.40578308 0.05140219
v 0.43474249 0.14157000 -0.04059569
v 0.44455765 0.15540774 -0.07446318
v 0.43091532 0.39561248 -0.00375781
v 0.42113445 0.42682971 0.00351152
v 0.41665379 0.49436261 -0.02255936
v 0.42218331 0.50311906 -0.03349717
v 0.43840758 -0.41050183 0.10066350
v 0.43777845 -0.45708133 0.04531006
v 0.44285203 -0.39115842 0.07386717
v 0.43517227 -0.45918898 0.01504996
v 0.43516959 -0.43941417 0.02626218
v 0.42685649 0.50264843 -0.04209277
v 0.44112739 -0.47401515 0.03922843
v 0.43793323 -0.41256603 0.13737398
v 0.44367797 -0.46834332 0.03079937
v 0.44324550 -0.45314062 0.05130640
v 0.44243517 -0.43308287 0.10416313
v 0.44822733 -0.42505082 0.12913608
v 0.44253576 -0.41049399 0.11585375
v 0.43740596 0.16711195 -0.02473102
v 0.45047890 0.26917963 -0.00842371
v 0.42635571 0.25945887 -0.09208724
v 0.45074744 0.32286227 -0.00383745
v 0.47228788 0.35841571 -0.07688555
v 0.44244440 -0.42231707 0.10864768
v 0.44476541 -0.43561644 0.12566099
v 0.44745729 -0.47717015 0.08474113
v 0.44581745 -0.46722719 0.09791713
v 0.43756362 -0.43517443 0.04376870
v 0.44371318 -0.42311696 0.10218522
v 0.45179227 0.14273171 -0.05372301
v 0.43499600 0.39350609 -0.07091454
v 0.45377914 0.48725042 -0.00380976
v 0.42721467 0.49093444 -0.05241344
v 0.46021007 -0.46543698 0.06421275
v 0.46205161 -0.42828895 0.09377909
v 0.44419260 0.20709372 -0.09116114
v 0.46056194 0.43102970 0.00665918
v 0.46597393 -0.42478444 0.08563606
v 0.45851939 -0.44082287 0.05479424
v 0.46551507 -0.47151585 0.08568321
v 0.46044799 -0.45222991 0.10084805
v 0.45986834 0.17244807 -0.08436996
v 0.45518370 0.21122770 -0.01705071
v 0.48838402 0.32349947 -0.08316216
v 0.45833156 0.37289255 -0.00827091
v 0.45056775 0.41322313 -0.07704371
v 0.48191550 0.47621960 0.00146681
v 0.46504162 -0.42125519 0.07849236
v 0.46197737 -0.42669470 0.06237516
v 0.46808537 -0.46729563 0.07448770
v 0.46078562 -0.46670367 0.09611755
v 0.45739128 0.25212589 -0.09317163
v 0.46035409 0.51453840 -0.04729548
v 0.46934529 -0.43559093 0.06887790
v 0.46184147 0.14603181 -0.04537714
v 0.45623221 0.14870072 -0.03692314
v 0.45798717 0.52345309 -0.02762643
v 0.47249055 -0.45235074 0.09166923
v 0.47045068 -0.45467879 0.06816786
v 0.47554603 -0.45008276 0.07894326
v 0.47937299 0.15807799 -0.04149875
v 0.47663959 0.15104747 -0.06437867
v 0.46687752 0.15103955 -0.07279086
v 0.49082495 0.17857848 -0.08310352
v 0.50086062 0.23405318 -0.02180413
v 0.48156620 0.42352856 -0.08066919
v 0.46835170 0.45017271 -0.07430668
v 0.45161837 0.50864145 -0.01597281
v 0.45851147 0.52368522 -0.03714825
v 0.48929917 0.15952776 -0.05076038
v 0.46724408 0.17817701 -0.02638482
v 0.48471607 0.35237945 -0.01458469
v 0.47609596 0.37692865 -0.08202351
v 0.50488319 0.45166643 0.00444606
v 0.49068472 0.16630778 -0.07759654
v 0.49598182 0.25727973 -0.09046463
v 0.51511162 0.32201570 -0.07956285
v 0.45826828 0.40484073 0.00265797
v 0.49059698 0.51054208 -0.00571571
v 0.47992338 0.50602256 -0.05828244
v 0.48995497 0.53785821 -0.04292681
v 0.50469388 0.16983584 -0.05945837
v 0.49876143 0.16592357 -0.07161669
v 0.48254210 0.17304155 -0.03388473
v 0.49648605 0.36867266 -0.00696114
v 0.51531906 0.18324872 -0.04943514
v 0.48912989 0.21148628 -0.09034455
v 0.52535541 0.28021071 -0.02168173
v 0.50617865 0.31777782 -0.01675294
v 0.50581054 0.33839828 -0.01974389
v 0.54987251 0.55571612 -0.05286137
v 0.49158475 0.54485648 -0.03428610
v 0.49249137 0.27390518 -0.01460665
v 0.54117954 0.47732468 0.00039647
v 0.49576486 0.53463235 -0.01546643
v 0.50910928 0.41228067 0.00372588
v 0.53056153 0.56157266 -0.04205350
v 0.53555797 0.24965440 -0.02789571
v 0.52140503 0.33599773 -0.08999229
v 0.50236879 0.55045127 -0.02760202
v 0.52800587 0.56369894 -0.03463420
v 0.56168699 0.28089215 -0.07950463
v 0.52118925 0.49944875 -0.06781335
v 0.52920475 0.19007892 -0.07167455
v 0.52678940 0.22214278 -0.03253794
v 0.52622323 0.21943670 -0.08613368
v 0.52117702 0.32758236 -0.02407710
v 0.53241380 0.20356139 -0.08114487
v 0.53591208 0.30445249 -0.08170127
v 0.52359211 0.36963926 -0.09063717
v 0.54039980 0.43896142 0.00250265
v 0.52491521 0.55600430 -0.02129166
v 0.53995149 0.31235192 -0.09098012
v 0.53423020 0.19727869 -0.07711963
v 0.53925404 0.21469679 -0.04256217
v 0.58202402 0.25937559 -0.07951027
v 0.53635898 0.20063143 -0.05507466
v 0.55013035 0.35759004 -0.01040802
v 0.54772507 0.30911904 -0.03280488
v 0.53751795 0.33860034 -0.01794237
v 0.56529129 0.36167047 -0.09529405
v 0.52872325 0.43107755 -0.08412497
v 0.53109873 0.54636000 -0.01354060
v 0.54122303 0.56641449 -0.02812171
v 0.56112473 0.23762079 -0.04222146
v 0.54180329 0.37877512 -0.00357229
v 0.57777563 0.44624351 -0.08177025
v 0.56286932 0.50378333 -0.07073512
v 0.53648503 0.53018700 -0.06010106
v 0.56206556 0.22162504 -0.07071511
v 0.56846609 0.25683141 -0.03668574
v 0.55570094 0.29900887 -0.09258734
v 0.55415123 0.57162832 -0.03670804
v 0.56651029 0.24221675 -0.08101085
v 0.55561077 0.28067919 -0.03135715
v 0.57277623 0.28823581 -0.09597782
v 0.56002135 0.52282692 -0.00674781
v 0.58051695 0.55493840 -0.05793553
v 0.56823428 0.23485622 -0.05222802
v 0.56812670 0.23325660 -0.07748311
v 0.56312214 0.54347929 -0.01232739
v 0.55323444 0.55958940 -0.01902114
v 0.56358095 0.56745763 -0.02697279
v 0.58264151 0.57104366 -0.03654041
v 0.58843029 0.25668069 -0.07140160
v 0.57072843 0.29151487 -0.04239477
v 0.58250222 0.55700117 -0.02319509
v 0.57694941 0.56862377 -0.04868270
v 0.57305122 0.23999934 -0.05998626
v 0.59072928 0.26202519 -0.04779116
v 0.58027681 0.27250519 -0.07742616
v 0.57179787 0.28496486 -0.04337481
v 0.59170240 0.31770179 -0.09937462
v 0.57440382 0.47861222 -0.00391655
v 0.58670640 0.27337495 -0.07156599
v 0.58070068 0.27711128 -0.08161298
v 0.56817694 0.32917664 -0.09837889
v 0.58389354 0.44847040 -0.00411037
v 0.59068998 0.56402878 -0.03558259
v 0.58642047 0.50713231 -0.01093724
v 0.58959386 0.26045575 -0.06263519
v 0.59229785 0.26050119 -0.05495849
v 0.56991457 0.32615707 -0.02534755
v 0.59322123 0.50983428 -0.06963431
v 0.58470991 0.54393526 -0.01834807
v 0.59281049 0.56238898 -0.05160885
v 0.59444914 0.27486286 -0.05566818
v 0.58435293 0.28202003 -0.09292850
v 0.58852994 0.28021079 -0.04929861
v 0.59912351 0.30182341 -0.09721925
v 0.58213450 0.40868830 -0.00481787
v 0.60765882 0.45376390 -0.01429123
v 0.60065342 0.53588077 -0.06195311
v 0.59957879 0.54142325 -0.03391256
v 0.60837451 0.42316433 -0.01075219
v 0.60732317 0.48329252 -0.02124592
v 0.60252744 0.54853278 -0.04905917
v 0.61337867 0.28167027 -0.07369520
v 0.63360971 0.41744981 -0.08326407
v 0.60593025 0.53737530 -0.05604094
v 0.61274135 0.49740038 -0.06759712
v 0.61750242 0.50423628 -0.06130669
v 0.62948478 0.30290317 -0.09145453
v 0.59488794 0.35563936 -0.01693241
v 0.61138110 0.38004163 -0.09251464
v 0.65338184 0.29633296 -0.05773042
v 0.64081103 0.34551351 -0.09694824
v 0.62700768 0.37810542 -0.01820302
v 0.60806076 0.45938909 -0.07616579
v 0.62007381 0.48484821 -0.04014204
v 0.62951455 0.42116857 -0.02260116
v 0.63198144 0.46116611 -0.06927917
v 0.62153284 0.28603312 -0.05371091
v 0.62060211 0.29046293 -0.08416246
v 0.64109362 0.42637233 -0.03497000
v 0.65199723 0.31405453 -0.09117508
v 0.65359908 0.33034136 -0.09522967
v 0.65055848 0.43196711 -0.04997255
v 0.62876525 0.48241789 -0.05438938
v 0.63696335 0.46295655 -0.06298179
v 0.65570625 0.29854622 -0.07350402
v 0.64547286 0.30149775 -0.04859001
v 0.63309686 0.34218177 -0.02777015
v 0.65806236 0.40552886 -0.07906865
v 0.63304021 0.39758294 -0.01956758
v 0.66603987 0.35660385 -0.09032726
v 0.65347272 0.42660471 -0.07094293
v 0.66087228 0.30623084 -0.08312395
v 0.66319750 0.35465464 -0.03178222
v 0.67694573 0.32851583 -0.04285646
v 0.67812080 0.36287997 -0.03910293
v 0.67738057 0.30828097 -0.06236423
v 0.68488794 0.34130964 -0.04355459
v 0.65974732 0.41692275 -0.05554172
v 0.68033919 0.35709589 -0.08351170
v 0.68428809 0.36897415 -0.04818803
v 0.68297061 0.37176450 -0.07518057
v 0.68444814 0.33770061 -0.08420122
v 0.68663097 0.32101257 -0.07895338
v 0.68604706 0.31731744 -0.05429595
v 0.69136640 0.32854199 -0.07433453
v 0.69085028 0.34679516 -0.07511834
v 0.68717939 0.37017736 -0.05599818
v 0.69270629 0.33080172 -0.05524279
v 0.69323474 0.34804602 -0.05423219
f 3 1 5
f 2 1 3
f 2 6 1
f 9 3 4
f 10 4 5
f 4 3 5
f 9 7 3
f 7 2 3
f 7 17 2
f 1 6 5
f 6 8 5
f 13 6 2
f 13 2 17
f 10 5 11
f 8 11 5
f 8 6 20
f 20 6 13
f 4 23 26
f 23 4 10
f 9 12 7
f 7 12 15
f 11 19 10
f 17 7 14
f 13 17 24
f 4 22 9
f 31 22 4
f 22 12 9
f 15 28 7
f 23 10 19
f 7 28 14
f 19 11 44
f 14 16 17
f 27 11 8
f 24 17 25
f 24 20 13
f 26 31 4
f 11 18 44
f 18 11 27
f 8 20 27
f 24 21 20
f 25 17 16
f 20 38 27
f 38 20 21
f 24 25 35
f 28 34 14
f 14 34 29
f 16 14 29
f 35 41 24
f 22 33 12
f 15 12 33
f 32 26 23
f 23 19 58
f 16 29 30
f 25 16 30
f 30 35 25
f 40 27 38
f 21 24 41
f 36 21 41
f 22 31 39
f 23 58 32
f 37 28 15
f 40 18 27
f 36 38 21
f 32 43 31
f 43 39 31
f 31 26 32
f 37 15 33
f 44 18 60
f 19 44 56
f 34 52 29
f 18 40 60
f 30 45 35
f 38 50 40
f 36 42 38
f 28 52 34
f 29 57 30
f 45 30 49
f 42 50 38
f 41 42 36
f 55 22 39
f 22 55 33
f 57 49 30
f 40 50 48
f 45 54 35
f 58 19 56
f 37 51 28
f 28 51 52
f 44 60 67
f 47 29 52
f 40 48 60
f 41 35 54
f 61 32 58
f 43 32 61
f 46 37 33
f 46 51 37
f 29 47 57
f 48 50 53
f 53 50 42
f 42 41 63
f 41 54 63
f 57 62 49
f 43 59 39
f 65 66 33
f 52 64 47
f 45 69 54
f 42 63 53
f 39 59 72
f 72 55 39
f 33 55 65
f 46 33 66
f 58 56 108
f 56 44 99
f 57 47 62
f 60 48 68
f 45 49 69
f 54 71 63
f 61 59 43
f 44 67 99
f 51 64 52
f 48 53 68
f 61 58 92
f 75 73 47
f 110 60 68
f 47 73 62
f 73 83 62
f 70 68 53
f 70 53 63
f 63 71 70
f 58 108 92
f 46 98 51
f 49 62 69
f 54 78 71
f 55 72 65
f 67 60 110
f 64 75 47
f 83 100 62
f 62 100 69
f 69 100 76
f 69 78 54
f 69 76 78
f 79 74 81
f 51 119 64
f 67 110 170
f 70 84 68
f 84 70 85
f 77 70 71
f 78 77 71
f 81 74 87
f 74 79 80
f 80 79 82
f 81 82 79
f 82 81 91
f 97 91 81
f 92 59 61
f 109 46 66
f 109 98 46
f 119 120 64
f 99 67 170
f 110 68 94
f 94 68 84
f 85 70 77
f 78 86 77
f 86 78 76
f 95 88 74
f 95 74 80
f 87 74 88
f 87 105 81
f 90 96 80
f 90 80 82
f 81 105 97
f 82 91 103
f 91 97 89
f 59 117 72
f 65 93 66
f 85 77 122
f 77 86 122
f 95 80 116
f 87 88 106
f 87 106 102
f 80 96 116
f 102 105 87
f 82 103 90
f 91 89 112
f 72 93 65
f 98 119 51
f 138 75 64
f 84 85 134
f 100 101 76
f 122 86 114
f 101 86 76
f 105 107 97
f 97 107 89
f 91 111 103
f 112 111 91
f 112 89 104
f 128 72 117
f 93 72 128
f 83 73 158
f 84 134 94
f 158 100 83
f 95 130 88
f 130 106 88
f 95 116 124
f 96 90 125
f 103 123 90
f 89 107 104
f 108 56 179
f 66 93 109
f 109 118 98
f 118 119 98
f 120 138 64
f 121 101 100
f 102 106 129
f 116 96 125
f 102 135 105
f 125 90 131
f 123 103 111
f 104 113 112
f 59 127 117
f 75 133 73
f 85 122 134
f 114 101 115
f 114 86 101
f 129 106 130
f 130 95 124
f 102 153 135
f 116 125 142
f 135 107 105
f 112 113 111
f 127 59 92
f 132 127 92
f 92 108 132
f 109 93 145
f 139 110 94
f 115 101 121
f 129 130 159
f 124 116 146
f 90 123 131
f 131 123 137
f 107 143 104
f 126 104 143
f 104 126 113
f 145 93 128
f 56 99 179
f 203 138 120
f 73 133 158
f 134 122 151
f 100 162 121
f 151 122 152
f 122 114 152
f 102 136 153
f 102 129 136
f 146 116 142
f 137 123 175
f 126 144 113
f 126 127 144
f 117 127 157
f 127 132 144
f 108 179 132
f 180 119 118
f 120 180 203
f 140 152 114
f 114 115 140
f 155 130 124
f 136 129 141
f 124 146 155
f 111 148 123
f 148 111 113
f 126 143 147
f 144 148 113
f 180 120 119
f 94 134 150
f 140 115 121
f 155 154 130
f 154 159 130
f 141 129 159
f 136 141 160
f 135 182 107
f 148 175 123
f 127 126 147
f 177 128 117
f 128 177 145
f 118 109 188
f 110 139 170
f 138 234 75
f 158 162 100
f 141 173 160
f 211 155 146
f 107 182 166
f 107 166 143
f 147 168 127
f 127 168 157
f 144 149 148
f 149 144 132
f 132 179 212
f 145 188 109
f 139 94 150
f 150 134 151
f 121 162 171
f 171 140 121
f 198 154 155
f 146 142 156
f 142 125 156
f 125 131 200
f 200 131 201
f 131 137 201
f 132 212 149
f 133 189 158
f 152 140 163
f 159 173 141
f 155 211 198
f 153 136 184
f 211 146 185
f 146 156 185
f 153 186 135
f 182 228 166
f 137 175 174
f 143 166 167
f 143 167 147
f 147 167 168
f 117 157 177
f 169 148 149
f 179 99 178
f 180 118 188
f 75 302 133
f 161 150 151
f 158 189 162
f 161 151 215
f 215 151 152
f 215 152 163
f 140 171 181
f 154 164 159
f 165 154 198
f 186 182 135
f 156 125 200
f 201 137 174
f 148 169 175
f 157 168 176
f 157 176 177
f 133 302 189
f 140 181 163
f 164 154 165
f 153 184 172
f 172 186 153
f 166 187 167
f 273 175 169
f 167 210 168
f 168 210 176
f 149 212 169
f 178 212 179
f 178 99 202
f 99 170 202
f 203 234 138
f 162 229 190
f 171 162 190
f 181 171 190
f 173 159 164
f 194 173 164
f 173 194 191
f 197 164 165
f 197 165 198
f 160 173 183
f 160 183 136
f 184 136 183
f 185 156 199
f 228 187 166
f 233 180 188
f 170 139 213
f 139 150 214
f 214 150 161
f 195 192 193
f 208 192 195
f 192 204 193
f 192 196 204
f 191 218 173
f 173 218 183
f 184 183 172
f 186 272 182
f 187 210 167
f 174 175 273
f 145 177 188
f 233 203 180
f 162 189 229
f 226 257 193
f 257 195 193
f 226 193 206
f 193 204 206
f 221 206 204
f 208 195 217
f 265 221 204
f 230 192 208
f 204 196 265
f 192 268 196
f 230 268 192
f 194 164 269
f 198 249 197
f 198 211 249
f 199 156 297
f 156 200 297
f 231 200 201
f 201 174 231
f 239 210 187
f 244 176 210
f 244 177 176
f 188 177 232
f 188 232 252
f 202 170 213
f 213 139 235
f 234 302 75
f 209 205 219
f 205 223 219
f 224 205 209
f 163 256 215
f 224 207 205
f 205 216 223
f 207 216 205
f 316 195 257
f 226 206 245
f 316 217 195
f 217 237 208
f 230 208 237
f 265 196 263
f 269 164 197
f 191 270 218
f 182 272 228
f 239 187 228
f 174 329 231
f 174 273 329
f 244 210 239
f 244 232 177
f 273 169 212
f 188 252 253
f 188 253 233
f 235 139 214
f 225 219 238
f 240 219 225
f 209 219 240
f 220 209 240
f 219 222 238
f 220 224 209
f 214 161 256
f 302 276 189
f 219 223 222
f 215 256 161
f 256 163 236
f 163 181 236
f 181 190 248
f 242 207 224
f 222 223 246
f 216 246 223
f 216 241 246
f 207 277 216
f 277 241 216
f 207 227 277
f 257 226 340
f 348 226 245
f 316 291 217
f 292 245 206
f 281 206 221
f 237 217 284
f 346 281 221
f 265 346 221
f 237 267 230
f 268 230 247
f 196 393 263
f 268 393 196
f 194 270 191
f 327 269 197
f 249 327 197
f 270 271 218
f 218 271 183
f 249 211 185
f 186 261 272
f 200 231 297
f 239 228 250
f 250 244 239
f 251 244 250
f 251 232 244
f 232 251 252
f 202 213 254
f 233 255 203
f 264 225 238
f 240 225 259
f 274 240 259
f 274 220 240
f 243 224 220
f 276 229 189
f 242 224 243
f 282 222 289
f 248 236 181
f 222 246 289
f 207 242 307
f 307 278 207
f 227 207 278
f 277 227 315
f 277 309 241
f 309 260 241
f 340 226 348
f 311 257 340
f 280 257 311
f 257 280 316
f 291 284 217
f 292 206 281
f 284 262 237
f 267 237 262
f 247 230 267
f 269 294 194
f 194 294 270
f 183 271 328
f 328 295 183
f 183 295 172
f 295 261 172
f 185 199 296
f 172 261 186
f 272 250 228
f 266 258 251
f 212 178 273
f 251 258 252
f 283 258 266
f 266 286 283
f 258 253 252
f 253 299 233
f 233 299 255
f 203 255 234
f 213 235 301
f 259 225 264
f 275 274 402
f 220 274 275
f 279 222 282
f 279 238 222
f 243 220 275
f 304 229 276
f 190 229 248
f 248 229 304
f 243 314 242
f 242 314 307
f 315 227 278
f 241 308 246
f 241 260 308
f 277 285 309
f 348 245 338
f 338 245 416
f 245 292 416
f 284 291 359
f 293 292 281
f 346 265 360
f 265 385 360
f 265 263 385
f 393 385 263
f 268 247 392
f 393 268 362
f 392 362 268
f 185 365 249
f 199 297 296
f 297 231 368
f 250 288 251
f 288 266 251
f 322 287 286
f 287 283 286
f 290 253 258
f 283 298 258
f 298 290 258
f 310 283 287
f 178 202 370
f 310 298 283
f 290 299 253
f 259 264 319
f 274 259 300
f 371 274 300
f 274 371 402
f 238 312 264
f 255 302 234
f 301 235 313
f 313 235 303
f 238 279 312
f 214 303 235
f 214 305 303
f 256 305 214
f 236 306 305
f 236 305 256
f 306 248 304
f 248 306 236
f 337 289 246
f 246 308 337
f 376 285 277
f 376 277 315
f 309 353 260
f 321 308 260
f 353 321 260
f 316 280 415
f 359 316 415
f 359 291 316
f 293 416 292
f 284 347 262
f 390 262 347
f 262 361 267
f 267 361 247
f 394 326 294
f 394 269 327
f 294 269 394
f 294 326 270
f 326 364 270
f 365 327 249
f 364 271 270
f 364 328 271
f 185 296 365
f 296 297 398
f 261 366 272
f 272 366 367
f 288 250 349
f 349 266 288
f 349 399 266
f 322 286 341
f 341 266 399
f 286 266 341
f 287 322 336
f 329 273 400
f 178 400 273
f 178 370 400
f 336 310 287
f 300 259 319
f 335 254 213
f 319 264 351
f 213 301 335
f 264 312 351
f 301 313 335
f 255 331 302
f 331 255 330
f 313 317 333
f 313 303 317
f 302 331 276
f 276 331 339
f 275 474 243
f 317 320 333
f 243 474 343
f 325 320 317
f 276 339 304
f 303 325 317
f 303 305 325
f 243 343 314
f 306 325 305
f 306 304 332
f 325 306 332
f 320 356 333
f 325 324 320
f 332 324 325
f 314 372 307
f 344 356 320
f 324 323 320
f 323 344 320
f 307 318 278
f 462 278 318
f 355 323 324
f 315 278 462
f 323 334 344
f 308 387 337
f 348 434 340
f 340 434 311
f 452 280 311
f 284 359 467
f 347 284 467
f 293 281 441
f 441 281 417
f 281 346 417
f 262 390 361
f 361 392 247
f 326 394 395
f 327 363 394
f 326 395 364
f 327 365 363
f 388 328 364
f 388 396 328
f 396 295 328
f 296 398 469
f 297 368 479
f 272 367 250
f 367 349 250
f 329 445 231
f 369 336 322
f 310 336 381
f 381 336 389
f 299 290 342
f 290 298 342
f 379 370 202
f 298 374 342
f 298 310 374
f 202 254 379
f 381 374 310
f 299 342 255
f 300 319 453
f 371 300 429
f 436 319 351
f 335 345 379
f 379 254 335
f 255 342 330
f 386 351 358
f 354 330 342
f 351 312 358
f 335 333 345
f 335 313 333
f 402 447 275
f 312 279 358
f 330 375 331
f 354 375 330
f 345 333 384
f 378 354 357
f 358 279 357
f 279 378 357
f 275 447 474
f 339 331 375
f 333 373 384
f 332 304 339
f 375 377 339
f 377 332 339
f 282 378 279
f 333 356 373
f 377 324 332
f 282 289 378
f 318 307 372
f 289 352 378
f 377 355 324
f 409 355 377
f 289 337 352
f 315 462 426
f 356 344 350
f 376 315 426
f 355 334 323
f 355 382 334
f 350 344 334
f 380 285 376
f 285 438 309
f 380 438 285
f 309 438 353
f 308 408 387
f 321 408 308
f 407 408 321
f 353 407 321
f 348 338 510
f 280 463 415
f 440 338 416
f 417 346 442
f 346 360 442
f 361 390 391
f 360 385 515
f 393 512 385
f 362 443 393
f 468 362 392
f 419 394 363
f 388 364 395
f 363 365 421
f 296 499 365
f 499 296 469
f 295 396 397
f 295 397 261
f 397 366 261
f 398 297 479
f 341 399 413
f 423 369 341
f 369 322 341
f 404 336 369
f 404 389 336
f 370 403 400
f 381 389 410
f 403 370 379
f 410 386 381
f 471 300 453
f 429 300 471
f 436 351 386
f 453 319 436
f 386 374 381
f 429 473 371
f 374 357 342
f 386 358 374
f 345 401 379
f 374 358 357
f 371 473 402
f 473 553 402
f 354 342 357
f 345 384 424
f 354 377 375
f 378 352 354
f 405 406 373
f 373 356 405
f 354 412 377
f 352 412 354
f 412 409 377
f 356 350 405
f 355 409 425
f 337 412 352
f 425 383 355
f 387 412 337
f 382 355 383
f 380 376 426
f 437 449 350
f 334 437 350
f 382 437 334
f 428 353 438
f 311 434 481
f 510 338 440
f 463 280 452
f 293 441 416
f 361 391 418
f 361 418 392
f 385 512 515
f 393 443 512
f 457 394 419
f 457 395 394
f 420 395 457
f 419 363 421
f 420 388 395
f 499 421 365
f 396 388 422
f 411 396 422
f 411 397 396
f 366 500 367
f 368 231 528
f 349 367 399
f 367 413 399
f 423 341 413
f 427 369 423
f 528 231 445
f 427 404 369
f 445 329 400
f 403 414 400
f 403 379 414
f 414 379 401
f 436 386 410
f 345 485 401
f 345 424 485
f 384 373 424
f 474 503 343
f 454 314 343
f 314 454 372
f 425 456 383
f 387 430 412
f 383 432 382
f 432 437 382
f 387 408 450
f 435 450 408
f 407 435 408
f 428 407 353
f 510 494 348
f 348 494 434
f 452 311 481
f 463 439 415
f 440 416 466
f 415 439 548
f 359 548 433
f 415 548 359
f 416 431 466
f 359 433 467
f 441 431 416
f 347 495 390
f 633 442 360
f 360 515 633
f 418 496 392
f 388 420 460
f 422 388 460
f 411 444 397
f 500 366 444
f 444 366 397
f 469 398 527
f 479 527 398
f 464 423 501
f 427 423 464
f 413 367 470
f 423 413 455
f 501 423 455
f 400 446 445
f 414 446 400
f 436 410 482
f 471 472 429
f 429 472 473
f 553 447 402
f 424 477 485
f 555 474 447
f 424 373 488
f 454 343 503
f 484 488 373
f 406 484 373
f 318 372 588
f 405 509 406
f 318 556 462
f 462 461 426
f 350 451 405
f 449 451 350
f 532 426 461
f 409 430 425
f 412 430 409
f 380 426 532
f 430 456 425
f 456 432 383
f 437 448 449
f 506 438 380
f 430 387 450
f 428 438 476
f 490 475 478
f 467 601 347
f 347 601 495
f 417 525 441
f 417 442 525
f 390 495 391
f 496 468 392
f 419 465 457
f 421 465 419
f 498 457 465
f 457 498 420
f 420 498 460
f 499 465 421
f 460 508 422
f 422 537 411
f 529 411 537
f 529 444 411
f 500 470 367
f 479 368 528
f 513 427 464
f 486 413 470
f 427 517 404
f 517 389 404
f 480 446 414
f 517 482 389
f 482 410 389
f 458 471 453
f 453 436 482
f 545 401 485
f 414 401 545
f 424 488 477
f 406 509 484
f 588 556 318
f 405 451 509
f 532 506 380
f 437 459 448
f 459 437 560
f 437 432 560
f 506 476 438
f 489 475 505
f 505 475 490
f 504 478 475
f 478 491 490
f 504 492 478
f 478 483 491
f 483 478 493
f 493 478 492
f 534 494 510
f 590 481 434
f 644 510 440
f 440 466 542
f 467 433 726
f 601 467 726
f 441 525 524
f 634 418 391
f 443 635 512
f 362 497 443
f 468 497 362
f 460 498 508
f 465 499 514
f 422 508 537
f 469 527 499
f 444 550 500
f 486 455 413
f 528 445 502
f 446 480 502
f 446 502 445
f 480 414 516
f 414 545 516
f 458 453 482
f 552 471 458
f 471 552 472
f 472 584 473
f 553 585 447
f 554 447 585
f 554 555 447
f 555 503 474
f 488 484 595
f 462 556 461
f 533 451 587
f 451 449 587
f 456 430 531
f 430 450 557
f 448 459 487
f 456 531 432
f 531 560 432
f 476 506 519
f 428 476 606
f 407 539 435
f 428 606 407
f 606 539 407
f 505 546 489
f 546 507 489
f 520 507 546
f 541 520 546
f 547 505 564
f 505 490 564
f 507 475 489
f 507 521 475
f 520 544 507
f 594 564 490
f 544 521 507
f 520 518 544
f 504 475 543
f 521 543 475
f 522 594 491
f 594 490 491
f 522 491 483
f 492 523 493
f 483 692 522
f 510 644 534
f 644 440 542
f 431 441 574
f 601 575 495
f 495 549 391
f 633 667 442
f 496 418 526
f 634 526 418
f 443 695 635
f 465 514 577
f 508 498 563
f 514 499 578
f 527 578 499
f 529 550 444
f 464 501 565
f 500 550 470
f 501 455 565
f 486 470 550
f 455 486 582
f 535 427 513
f 535 517 427
f 511 482 517
f 458 482 511
f 552 458 511
f 485 477 589
f 503 586 454
f 454 586 372
f 586 645 372
f 588 372 645
f 509 451 533
f 598 506 532
f 449 617 587
f 449 448 617
f 519 506 598
f 448 487 617
f 430 557 531
f 519 530 476
f 459 536 487
f 560 536 459
f 450 618 557
f 566 476 530
f 435 558 450
f 558 435 539
f 476 566 606
f 569 561 505
f 561 546 505
f 547 569 505
f 541 546 538
f 571 520 541
f 518 520 571
f 544 543 521
f 543 591 504
f 600 483 493
f 523 600 493
f 494 590 434
f 623 439 608
f 441 524 574
f 525 694 524
f 575 631 495
f 495 631 549
f 632 634 391
f 515 512 613
f 465 611 498
f 498 611 563
f 611 465 577
f 563 537 508
f 578 577 514
f 614 464 565
f 527 479 602
f 686 565 455
f 513 464 621
f 528 602 479
f 621 535 513
f 528 502 619
f 511 517 535
f 619 502 480
f 480 516 551
f 552 511 583
f 545 485 589
f 473 584 553
f 488 604 477
f 604 488 595
f 647 461 556
f 647 532 461
f 605 598 532
f 617 487 540
f 557 568 531
f 531 568 560
f 536 596 487
f 450 558 618
f 628 546 561
f 546 628 538
f 570 569 547
f 541 538 616
f 541 616 571
f 564 594 689
f 522 629 594
f 571 610 518
f 544 518 610
f 492 504 591
f 593 544 610
f 591 523 492
f 591 543 572
f 544 572 543
f 593 572 544
f 452 481 590
f 452 625 463
f 608 439 463
f 439 623 548
f 726 548 573
f 433 548 726
f 574 524 693
f 575 630 631
f 525 442 576
f 442 667 576
f 391 549 632
f 515 613 633
f 512 635 613
f 443 696 695
f 497 696 443
f 611 562 563
f 563 562 537
f 562 597 537
f 537 597 529
f 529 579 550
f 527 602 580
f 580 578 527
f 621 464 614
f 582 686 455
f 550 581 486
f 486 581 582
f 602 528 638
f 528 619 638
f 583 511 535
f 551 516 639
f 516 545 639
f 472 552 584
f 545 589 567
f 589 477 620
f 620 477 604
f 595 484 559
f 484 509 559
f 588 647 556
f 559 509 642
f 509 533 642
f 533 587 615
f 568 557 618
f 560 643 536
f 606 607 539
f 561 662 628
f 561 569 662
f 538 628 652
f 538 652 616
f 725 570 547
f 725 547 564
f 564 689 725
f 616 624 571
f 624 649 571
f 610 571 649
f 593 610 612
f 665 692 483
f 665 483 600
f 591 600 523
f 590 572 593
f 612 590 593
f 494 627 572
f 590 494 572
f 494 534 627
f 625 452 590
f 574 693 727
f 693 524 762
f 526 636 496
f 696 497 636
f 636 497 468
f 599 577 578
f 529 597 579
f 657 614 565
f 581 550 579
f 657 565 686
f 683 621 614
f 683 671 621
f 583 535 621
f 619 480 551
f 583 673 552
f 639 545 567
f 584 674 553
f 567 589 609
f 553 603 585
f 589 620 609
f 555 641 503
f 503 641 656
f 605 532 647
f 642 533 615
f 519 598 660
f 487 596 540
f 519 566 530
f 560 568 679
f 592 596 536
f 679 643 560
f 592 536 643
f 539 736 558
f 736 539 607
f 616 652 654
f 654 626 616
f 755 662 569
f 569 570 755
f 624 616 626
f 594 629 689
f 629 522 691
f 610 649 653
f 653 612 610
f 591 666 600
f 591 572 627
f 590 612 625
f 534 622 627
f 534 644 622
f 463 625 608
f 542 466 737
f 548 623 573
f 466 431 802
f 574 802 431
f 726 803 601
f 803 575 601
f 575 804 630
f 631 630 703
f 576 806 525
f 549 631 632
f 496 636 468
f 646 611 577
f 611 668 562
f 577 599 646
f 562 668 597
f 614 657 683
f 670 599 578
f 580 670 578
f 581 579 637
f 581 637 582
f 686 582 637
f 602 699 580
f 602 638 699
f 619 551 659
f 621 650 583
f 551 639 651
f 583 650 673
f 639 567 734
f 552 673 674
f 552 674 584
f 553 674 603
f 603 640 585
f 585 640 554
f 746 620 604
f 554 640 555
f 640 819 555
f 555 819 641
f 604 595 718
f 503 656 586
f 718 595 735
f 595 559 735
f 656 645 586
f 648 588 645
f 588 648 647
f 615 587 714
f 587 617 714
f 660 598 782
f 676 714 617
f 566 519 700
f 675 540 596
f 618 679 568
f 607 606 747
f 678 654 715
f 655 654 678
f 687 715 652
f 654 652 715
f 655 626 654
f 677 626 655
f 628 662 661
f 628 661 663
f 687 652 663
f 652 628 663
f 677 681 626
f 626 681 624
f 681 649 624
f 664 522 692
f 664 691 522
f 625 612 653
f 750 625 653
f 665 600 666
f 591 627 666
f 644 542 737
f 466 802 737
f 623 833 573
f 916 574 727
f 575 803 834
f 762 524 805
f 630 804 703
f 524 694 805
f 806 694 525
f 703 711 631
f 711 764 631
f 667 633 729
f 526 634 765
f 765 634 632
f 526 809 636
f 611 646 668
f 658 704 657
f 686 658 657
f 657 745 683
f 668 669 597
f 670 646 599
f 597 669 697
f 579 597 697
f 697 637 579
f 670 580 699
f 699 638 672
f 619 672 638
f 651 659 551
f 684 650 621
f 684 673 650
f 609 620 746
f 746 604 858
f 604 718 858
f 680 735 559
f 559 642 680
f 642 855 680
f 605 647 742
f 742 786 605
f 598 605 786
f 782 598 786
f 676 617 712
f 712 617 540
f 660 700 519
f 596 592 789
f 592 643 685
f 606 566 708
f 720 740 618
f 558 720 618
f 720 558 736
f 655 722 677
f 663 661 687
f 662 755 688
f 570 725 755
f 784 681 677
f 689 629 690
f 707 649 681
f 707 653 649
f 707 750 653
f 665 759 692
f 666 627 622
f 666 622 682
f 622 644 682
f 644 737 682
f 726 573 760
f 761 575 834
f 693 762 837
f 575 761 804
f 764 728 631
f 631 728 632
f 658 686 701
f 745 657 704
f 646 698 668
f 698 669 668
f 686 637 733
f 646 670 698
f 777 713 683
f 670 699 698
f 713 671 683
f 713 748 671
f 672 619 659
f 748 621 671
f 748 684 621
f 651 639 734
f 734 567 716
f 674 673 719
f 716 567 609
f 719 738 674
f 603 674 738
f 640 603 738
f 648 744 647
f 742 647 744
f 642 615 847
f 540 675 712
f 596 789 675
f 708 566 700
f 679 618 740
f 747 606 783
f 783 606 708
f 747 736 607
f 721 715 800
f 721 678 715
f 655 678 721
f 752 655 721
f 655 752 722
f 662 688 661
f 723 677 722
f 724 688 755
f 784 677 723
f 690 725 689
f 629 691 758
f 801 691 664
f 750 710 625
f 608 625 710
f 666 790 665
f 623 608 710
f 833 623 914
f 916 802 574
f 693 944 727
f 945 834 803
f 944 693 741
f 693 837 741
f 703 791 711
f 703 804 791
f 763 805 694
f 694 806 763
f 764 920 728
f 766 633 613
f 807 526 765
f 526 807 809
f 613 635 766
f 696 768 695
f 636 767 696
f 767 768 696
f 730 739 769
f 769 706 730
f 731 730 702
f 730 706 702
f 770 731 702
f 706 732 702
f 732 706 769
f 770 709 717
f 705 709 770
f 702 705 770
f 732 705 702
f 705 751 709
f 751 773 709
f 732 751 705
f 704 658 774
f 686 733 701
f 777 683 745
f 733 637 697
f 698 776 775
f 669 698 775
f 697 669 775
f 698 778 776
f 699 778 698
f 672 778 699
f 854 684 748
f 673 684 854
f 923 716 609
f 609 746 923
f 641 846 656
f 656 814 645
f 814 648 645
f 642 847 855
f 847 615 714
f 679 685 643
f 720 736 815
f 715 753 800
f 752 829 722
f 687 753 715
f 753 687 661
f 722 829 723
f 829 754 723
f 756 681 784
f 725 690 757
f 690 629 758
f 681 756 707
f 758 691 801
f 911 710 750
f 692 759 664
f 682 790 666
f 682 737 790
f 833 760 573
f 760 803 726
f 834 835 761
f 838 764 711
f 766 729 633
f 635 785 766
f 635 749 785
f 635 695 749
f 795 812 739
f 749 743 785
f 809 767 636
f 812 769 739
f 717 771 743
f 749 717 743
f 749 787 717
f 717 787 770
f 771 717 772
f 772 717 709
f 709 773 772
f 751 732 879
f 658 701 860
f 881 745 774
f 745 704 774
f 894 701 733
f 817 777 745
f 733 697 775
f 816 713 777
f 659 778 672
f 713 854 748
f 651 734 938
f 853 673 854
f 734 716 899
f 779 719 673
f 779 738 719
f 780 738 779
f 738 780 640
f 819 640 780
f 886 656 846
f 735 781 718
f 735 680 781
f 847 714 850
f 825 676 712
f 708 700 887
f 592 889 789
f 889 592 891
f 592 685 891
f 736 892 815
f 747 865 736
f 721 800 901
f 752 721 901
f 901 829 752
f 798 788 792
f 788 797 792
f 784 723 754
f 784 754 797
f 788 784 797
f 798 756 788
f 784 788 756
f 725 757 755
f 707 911 750
f 737 915 790
f 802 915 737
f 803 760 1001
f 805 837 762
f 791 794 711
f 873 806 576
f 838 920 764
f 839 765 921
f 729 766 796
f 807 765 839
f 796 793 826
f 796 743 793
f 766 785 796
f 796 785 743
f 739 856 795
f 822 821 795
f 743 878 793
f 856 739 808
f 922 812 821
f 812 795 821
f 743 771 878
f 808 730 811
f 739 730 808
f 749 695 768
f 767 810 768
f 768 787 749
f 811 730 731
f 842 731 770
f 769 844 732
f 769 812 844
f 751 880 773
f 751 813 880
f 845 774 658
f 860 701 894
f 866 745 881
f 817 745 866
f 775 952 733
f 775 776 882
f 882 776 778
f 778 659 883
f 713 816 854
f 853 779 673
f 716 923 859
f 819 780 925
f 718 781 857
f 814 656 886
f 958 648 814
f 781 680 896
f 744 648 958
f 680 855 896
f 852 742 744
f 786 742 852
f 848 660 782
f 714 676 818
f 818 676 825
f 849 712 675
f 851 849 675
f 789 851 675
f 685 679 890
f 891 685 890
f 740 720 799
f 815 799 720
f 865 747 783
f 892 736 1015
f 1015 736 865
f 829 901 827
f 867 792 820
f 792 867 828
f 792 828 798
f 906 754 829
f 830 820 797
f 820 792 797
f 753 661 907
f 828 831 798
f 661 688 907
f 797 754 830
f 755 909 724
f 869 798 831
f 755 757 909
f 756 798 869
f 690 910 757
f 756 869 832
f 910 690 942
f 690 758 942
f 832 707 756
f 961 707 832
f 911 707 961
f 710 911 623
f 790 870 665
f 665 870 759
f 943 916 727
f 1090 945 803
f 917 944 893
f 944 741 893
f 761 835 836
f 836 804 761
f 836 791 804
f 838 711 794
f 873 576 874
f 576 667 874
f 667 729 874
f 632 728 765
f 729 796 824
f 876 824 826
f 824 796 826
f 793 840 826
f 856 822 795
f 821 822 823
f 809 807 808
f 856 808 807
f 878 840 793
f 808 767 809
f 808 811 767
f 810 767 811
f 771 1067 878
f 768 841 787
f 842 811 731
f 844 812 922
f 771 843 1067
f 770 787 841
f 770 841 842
f 772 843 771
f 844 879 732
f 773 880 772
f 751 879 813
f 658 860 845
f 951 866 881
f 952 894 733
f 777 817 816
f 659 651 884
f 854 816 861
f 734 899 1069
f 862 779 853
f 779 862 780
f 746 924 923
f 641 819 925
f 641 925 846
f 850 714 818
f 864 660 848
f 700 660 864
f 887 700 864
f 849 825 712
f 889 851 789
f 740 799 679
f 679 799 890
f 799 815 892
f 800 868 901
f 800 753 907
f 800 907 868
f 867 820 902
f 827 906 829
f 830 754 906
f 688 724 908
f 801 664 912
f 623 911 914
f 915 870 790
f 915 802 916
f 760 833 927
f 1001 760 927
f 943 727 944
f 1001 1090 803
f 805 871 837
f 974 872 791
f 871 805 763
f 791 872 794
f 838 794 1005
f 838 919 920
f 876 826 875
f 826 840 875
f 839 856 807
f 839 877 856
f 856 877 822
f 877 823 822
f 821 823 898
f 810 841 768
f 842 841 810
f 811 842 810
f 900 845 860
f 845 1048 774
f 860 894 900
f 882 952 775
f 935 817 866
f 895 817 935
f 817 895 816
f 884 883 659
f 884 651 938
f 861 816 895
f 938 734 1069
f 899 716 859
f 936 853 854
f 936 854 861
f 930 853 936
f 862 853 930
f 780 862 885
f 780 885 925
f 863 924 746
f 746 858 863
f 858 718 857
f 857 781 955
f 926 896 855
f 926 855 847
f 786 852 897
f 786 897 782
f 782 897 848
f 708 887 888
f 783 708 888
f 903 902 820
f 828 867 904
f 904 905 828
f 820 830 903
f 830 906 903
f 828 905 831
f 907 688 908
f 941 831 905
f 724 909 908
f 831 941 869
f 940 909 757
f 910 940 757
f 941 984 869
f 984 832 869
f 942 758 1000
f 1000 758 912
f 912 758 801
f 913 912 664
f 759 913 664
f 913 759 870
f 1184 834 945
f 835 834 1184
f 835 973 836
f 741 918 893
f 741 837 976
f 918 741 976
f 974 791 836
f 976 837 871
f 1005 794 872
f 919 838 1005
f 729 824 874
f 874 824 948
f 728 960 765
f 876 875 948
f 948 824 876
f 875 840 949
f 921 877 839
f 898 1006 821
f 821 1006 922
f 1099 840 878
f 878 1067 1099
f 922 1007 844
f 772 1143 843
f 844 1189 879
f 772 880 1143
f 1102 813 879
f 881 774 1048
f 965 900 894
f 894 952 965
f 957 866 951
f 882 778 883
f 884 1145 883
f 954 899 859
f 1063 923 924
f 862 978 885
f 925 1053 846
f 863 858 857
f 814 886 979
f 896 955 781
f 744 1112 852
f 847 850 1056
f 850 818 1056
f 887 864 1108
f 1109 825 849
f 1108 888 887
f 928 889 891
f 1014 928 891
f 890 1014 891
f 1015 1058 892
f 929 933 990
f 931 929 990
f 934 929 931
f 967 934 931
f 994 934 967
f 959 934 994
f 934 963 929
f 959 963 934
f 964 929 963
f 867 902 969
f 904 867 969
f 901 868 1027
f 827 901 1027
f 970 902 903
f 906 827 939
f 868 907 908
f 1087 908 909
f 983 984 941
f 1182 911 961
f 911 1182 914
f 870 972 913
f 870 915 972
f 972 915 916
f 833 914 1031
f 927 833 1031
f 944 917 1029
f 1090 1045 945
f 917 1091 1029
f 917 893 1091
f 835 946 973
f 918 962 893
f 974 975 872
f 949 1061 875
f 948 875 1061
f 728 947 960
f 765 960 921
f 960 877 921
f 960 950 877
f 877 950 823
f 950 932 898
f 950 898 823
f 898 932 987
f 987 1006 898
f 844 1007 1189
f 879 1189 1047
f 1102 879 1047
f 1641 1143 880
f 813 1102 880
f 900 1008 845
f 982 881 1048
f 951 881 982
f 965 952 1104
f 957 935 866
f 952 882 1245
f 1049 882 883
f 895 935 953
f 953 993 895
f 937 895 993
f 937 861 895
f 938 1069 1051
f 936 861 937
f 1063 954 923
f 954 859 923
f 978 862 930
f 1010 924 863
f 885 1011 925
f 1012 925 1011
f 979 958 814
f 998 955 896
f 958 1112 744
f 847 1056 1107
f 848 897 980
f 818 825 1020
f 864 1057 1108
f 849 851 1109
f 1147 851 889
f 783 956 865
f 1199 1015 865
f 986 968 931
f 967 931 968
f 931 990 986
f 997 994 967
f 929 964 933
f 933 964 985
f 970 969 902
f 971 970 903
f 904 969 1038
f 1038 905 904
f 906 939 971
f 971 903 906
f 905 999 941
f 1043 909 940
f 989 941 999
f 989 983 941
f 832 984 992
f 992 961 832
f 972 916 943
f 1030 943 944
f 1030 944 1029
f 945 1045 1184
f 893 962 1091
f 974 836 1092
f 1092 836 973
f 1002 975 974
f 871 1140 976
f 1005 872 1003
f 874 977 873
f 1141 728 920
f 728 1141 947
f 988 948 1061
f 949 1096 1061
f 991 949 840
f 1098 991 840
f 1098 840 1099
f 922 1006 1100
f 1100 1007 922
f 951 982 1103
f 935 957 1009
f 953 935 1009
f 884 938 1051
f 937 981 936
f 936 981 930
f 924 1010 1063
f 885 1052 1011
f 978 1052 885
f 925 1012 1053
f 846 1053 1054
f 846 1054 886
f 886 1054 979
f 958 1258 1112
f 966 852 1112
f 1107 926 847
f 852 966 897
f 1013 848 980
f 848 1013 864
f 864 1013 1057
f 1109 1020 825
f 1147 889 928
f 890 799 1014
f 1014 799 892
f 888 956 783
f 892 1058 1059
f 1019 1018 1016
f 1018 1026 1016
f 968 986 1034
f 968 1034 1035
f 967 968 1035
f 967 1035 1036
f 1083 986 990
f 1036 997 967
f 1083 990 933
f 933 985 1065
f 1032 994 1117
f 1032 959 994
f 1064 985 1060
f 964 1060 985
f 963 1060 964
f 1024 963 959
f 1032 1024 959
f 1024 1023 963
f 1027 868 1039
f 1027 939 827
f 868 908 1039
f 1086 939 1027
f 971 939 1086
f 1087 909 1043
f 983 989 1021
f 910 942 1068
f 942 1076 1068
f 1000 1076 942
f 912 1088 1000
f 992 1182 961
f 914 1182 1031
f 1001 927 1138
f 973 946 1240
f 996 1149 962
f 996 962 918
f 996 918 976
f 1114 1017 975
f 872 975 1017
f 871 1004 1140
f 872 1017 1003
f 763 1094 1004
f 1004 871 763
f 1094 763 806
f 1005 1188 919
f 1094 806 873
f 919 1284 920
f 1061 1096 1120
f 874 988 977
f 874 948 988
f 991 1096 949
f 947 950 960
f 843 1101 1067
f 1048 845 1008
f 1144 982 1048
f 1103 957 951
f 1049 1245 882
f 1220 993 953
f 899 954 1069
f 995 930 981
f 930 1052 978
f 857 1205 863
f 1311 1205 857
f 955 1311 857
f 958 979 1346
f 958 1346 1258
f 926 998 896
f 818 1020 1056
f 1059 1014 892
f 956 1129 865
f 1028 1019 1022
f 1062 1019 1028
f 1019 1062 1070
f 1022 1016 1025
f 1019 1016 1022
f 1016 1026 1025
f 1070 1113 1019
f 1113 1018 1019
f 1124 1018 1113
f 1033 1073 1026
f 1018 1033 1026
f 1124 1033 1018
f 1037 1034 986
f 1035 1034 1082
f 986 1083 1037
f 997 1130 994
f 933 1065 1083
f 1130 1117 994
f 1064 1065 985
f 963 1084 1060
f 1023 1084 963
f 1125 1023 1024
f 969 970 1085
f 1169 969 1085
f 969 1169 1038
f 1027 1128 1086
f 1038 1040 905
f 1039 908 1087
f 905 1040 999
f 1071 1021 1041
f 1137 1021 1071
f 1040 1042 999
f 1137 1044 1021
f 989 999 1042
f 1041 989 1042
f 1021 989 1041
f 983 1021 1044
f 983 1044 984
f 940 910 1203
f 910 1068 1203
f 992 984 1044
f 912 913 1088
f 943 1030 972
f 1001 1138 1139
f 1139 1090 1001
f 1091 962 1149
f 835 1184 946
f 973 1240 1092
f 1002 1114 975
f 976 1046 996
f 1185 1046 976
f 996 1017 1114
f 1046 1017 996
f 976 1140 1185
f 1017 1046 1003
f 1284 1141 920
f 1120 1096 1095
f 950 1074 932
f 987 932 1074
f 987 1244 1006
f 1144 1103 982
f 1245 1104 952
f 1049 883 1105
f 993 1220 1050
f 1051 1145 884
f 1193 993 1050
f 993 1193 937
f 937 1193 981
f 1066 954 1063
f 1052 930 995
f 863 1205 1010
f 1106 1311 955
f 998 1106 955
f 926 1055 998
f 1107 1055 926
f 1056 1020 1196
f 1147 1109 851
f 1199 865 1129
f 1199 1058 1015
f 1115 1122 1028
f 1116 1115 1072
f 1028 1072 1115
f 1062 1028 1122
f 1119 1116 1022
f 1072 1022 1116
f 1028 1022 1072
f 1022 1025 1119
f 1127 1070 1062
f 1025 1077 1119
f 1026 1077 1025
f 1077 1026 1073
f 1033 1079 1073
f 1033 1078 1079
f 1124 1078 1033
f 1034 1037 1080
f 1034 1080 1155
f 1155 1123 1034
f 1034 1123 1082
f 1035 1082 1081
f 1036 1035 1081
f 1036 1081 1136
f 1136 997 1036
f 997 1136 1177
f 1130 997 1177
f 1083 1065 1230
f 1208 1170 1065
f 1065 1064 1208
f 1032 1125 1024
f 1084 1159 1060
f 970 971 1085
f 1039 1128 1027
f 1071 1041 1233
f 1042 1040 1180
f 1042 1180 1041
f 1000 1088 1076
f 913 972 1088
f 1088 972 1030
f 1031 1075 927
f 1089 1030 1029
f 1089 1029 1091
f 1151 1149 996
f 1151 996 1114
f 1114 1002 1093
f 1002 974 1093
f 1092 1093 974
f 1005 1003 1187
f 1188 1005 1187
f 947 1097 950
f 1097 1074 950
f 1074 1142 987
f 1142 1244 987
f 1096 991 1243
f 1007 1286 1189
f 1007 1100 1286
f 1143 1101 843
f 1394 1047 1189
f 1789 1641 880
f 1048 1008 1287
f 1008 900 1343
f 900 965 1157
f 1105 1245 1049
f 1145 1105 883
f 1145 1051 1192
f 1050 1146 1193
f 1069 1303 1126
f 1051 1069 1126
f 954 1303 1069
f 1193 995 981
f 1303 954 1066
f 1063 1162 1066
f 995 1290 1052
f 1063 1010 1162
f 1053 1247 1054
f 979 1054 1291
f 1107 1056 1152
f 980 897 1248
f 1020 1109 1294
f 1057 1293 1108
f 888 1111 956
f 1399 928 1110
f 1110 928 1014
f 1058 1250 1059
f 1296 1058 1199
f 1134 1115 1154
f 1122 1115 1134
f 1207 1122 1134
f 1133 1122 1207
f 1116 1153 1154
f 1115 1116 1154
f 1133 1127 1122
f 1062 1122 1127
f 1116 1119 1153
f 1119 1163 1153
f 1164 1070 1127
f 1118 1070 1164
f 1119 1077 1163
f 1118 1113 1070
f 1118 1206 1113
f 1124 1113 1206
f 1073 1166 1077
f 1135 1166 1073
f 1079 1135 1073
f 1079 1174 1135
f 1079 1175 1174
f 1078 1175 1079
f 1037 1131 1080
f 1082 1200 1081
f 1131 1083 1307
f 1037 1083 1131
f 1155 1211 1123
f 1123 1178 1082
f 1200 1082 1178
f 1148 1130 1209
f 1065 1170 1230
f 1130 1148 1117
f 1202 1125 1032
f 1168 1064 1060
f 1060 1159 1168
f 1125 1156 1023
f 1121 1137 1071
f 1121 1071 1233
f 1039 1087 1179
f 1039 1179 1235
f 1086 1260 971
f 971 1260 1085
f 1040 1038 1169
f 1137 1234 1044
f 1217 1044 1234
f 1043 940 1201
f 940 1203 1201
f 1237 1044 1217
f 1203 1068 1150
f 1044 1237 992
f 1031 1182 1075
f 1183 1088 1030
f 1075 1138 927
f 1151 1114 1093
f 1003 1046 1187
f 1284 919 1188
f 873 1158 1094
f 977 1158 873
f 1120 1095 1171
f 1255 1061 1120
f 1061 1255 988
f 1158 977 988
f 1095 1096 1243
f 1141 1097 947
f 1097 1264 1074
f 1244 1100 1006
f 1394 1102 1047
f 880 1434 1789
f 1102 1434 880
f 1157 1343 900
f 1345 1103 1144
f 1104 1157 965
f 1190 957 1103
f 1009 1487 953
f 995 1193 1194
f 1290 995 1194
f 979 1132 1346
f 1160 1106 998
f 1160 998 1055
f 1258 1347 1112
f 1112 1347 966
f 1195 966 1347
f 1107 1152 1055
f 1056 1196 1152
f 1013 1197 1057
f 1057 1197 1293
f 1249 1294 1109
f 1108 1198 888
f 1204 1249 1109
f 1147 1204 1109
f 1399 1147 928
f 1351 1110 1014
f 1014 1059 1351
f 1058 1296 1250
f 1207 1134 1161
f 1161 1272 1207
f 1154 1153 1261
f 1210 1164 1133
f 1261 1153 1165
f 1164 1127 1133
f 1153 1163 1165
f 1077 1172 1163
f 1077 1166 1172
f 1302 1124 1206
f 1302 1219 1124
f 1334 1166 1135
f 1078 1222 1175
f 1078 1173 1222
f 1124 1173 1078
f 1219 1173 1124
f 1223 1135 1174
f 1080 1131 1226
f 1080 1226 1176
f 1176 1155 1080
f 1200 1136 1081
f 1136 1200 1228
f 1155 1176 1211
f 1254 1200 1178
f 1083 1230 1307
f 1177 1209 1130
f 1230 1170 1373
f 1148 1167 1117
f 1365 1170 1208
f 1202 1117 1167
f 1117 1202 1032
f 1208 1064 1168
f 1202 1156 1125
f 1121 1232 1137
f 1282 1169 1085
f 1137 1232 1234
f 1235 1236 1039
f 1236 1128 1039
f 1282 1085 1260
f 1128 1236 1086
f 1041 1180 1233
f 1179 1087 1043
f 1040 1169 1181
f 1040 1181 1180
f 1068 1076 1263
f 1263 1088 1183
f 1076 1088 1263
f 1182 992 1237
f 1089 1183 1030
f 1139 1238 1239
f 1139 1239 1090
f 1149 1267 1091
f 1090 1239 1045
f 946 1184 1389
f 1240 946 1389
f 1093 1283 1151
f 1092 1241 1093
f 1240 1241 1092
f 1185 1524 1186
f 1046 1185 1186
f 1242 1187 1046
f 1094 1158 1004
f 1340 1120 1171
f 1255 1120 1340
f 1158 988 1322
f 1410 1095 1243
f 1074 1285 1142
f 1393 1098 1099
f 1393 1099 1067
f 1531 1067 1101
f 1343 1287 1008
f 1287 1144 1048
f 1345 1190 1103
f 1191 1157 1104
f 1245 1191 1104
f 953 1487 1220
f 1289 1105 1145
f 1289 1145 1192
f 1205 1436 1010
f 1053 1396 1247
f 979 1291 1132
f 966 1195 897
f 1248 897 1195
f 1013 980 1248
f 1129 956 1111
f 1250 1351 1059
f 1212 1271 1134
f 1161 1134 1271
f 1161 1270 1272
f 1212 1154 1259
f 1134 1154 1212
f 1269 1207 1272
f 1154 1261 1259
f 1133 1207 1269
f 1269 1210 1133
f 1273 1261 1165
f 1210 1118 1164
f 1210 1299 1118
f 1165 1221 1273
f 1165 1163 1221
f 1163 1172 1221
f 1299 1206 1118
f 1302 1206 1299
f 1172 1251 1253
f 1172 1166 1251
f 1383 1251 1166
f 1166 1334 1383
f 1174 1305 1223
f 1305 1174 1225
f 1174 1175 1225
f 1225 1175 1224
f 1222 1224 1175
f 1224 1216 1225
f 1216 1268 1225
f 1227 1226 1131
f 1323 1227 1307
f 1131 1307 1227
f 1229 1136 1228
f 1136 1229 1177
f 1372 1200 1254
f 1211 1176 1277
f 1177 1266 1209
f 1254 1178 1378
f 1211 1446 1123
f 1123 1446 1215
f 1178 1123 1215
f 1378 1178 1215
f 1170 1358 1373
f 1202 1300 1156
f 1252 1168 1257
f 1159 1257 1168
f 1084 1257 1159
f 1156 1265 1023
f 1023 1257 1084
f 1298 1265 1156
f 1265 1257 1023
f 1121 1231 1232
f 1231 1121 1233
f 1201 1179 1043
f 1086 1236 1280
f 1086 1280 1260
f 1183 1089 1218
f 1267 1089 1091
f 1138 1238 1139
f 1388 1045 1239
f 1184 1045 1388
f 1151 1309 1149
f 1184 1388 1389
f 1283 1309 1151
f 1093 1241 1283
f 1339 1004 1158
f 988 1255 1322
f 1171 1095 1410
f 1256 1141 1284
f 1141 1256 1097
f 1285 1074 1264
f 1244 1142 1342
f 1098 1393 1530
f 1286 1100 1432
f 1190 1395 957
f 957 1395 1009
f 1487 1009 1395
f 1051 1126 1192
f 1214 1126 1303
f 1194 1246 1290
f 1290 1213 1052
f 1052 1213 1011
f 1011 1213 1012
f 1437 1436 1205
f 1012 1396 1053
f 1437 1205 1311
f 1054 1247 1291
f 1248 1197 1013
f 1020 1294 1196
f 1293 1198 1108
f 1198 1111 888
f 1147 1652 1204
f 1147 1399 1652
f 1161 1271 1270
f 1212 1259 1380
f 1327 1272 1270
f 1325 1269 1272
f 1261 1315 1328
f 1328 1259 1261
f 1382 1210 1371
f 1299 1210 1382
f 1221 1330 1273
f 1221 1253 1330
f 1221 1172 1253
f 1299 1356 1302
f 1334 1135 1274
f 1135 1223 1274
f 1173 1333 1222
f 1173 1332 1333
f 1219 1332 1173
f 1297 1274 1223
f 1305 1297 1223
f 1224 1222 1275
f 1224 1275 1313
f 1225 1268 1305
f 1313 1353 1224
f 1353 1216 1224
f 1268 1216 1304
f 1226 1227 1321
f 1176 1226 1321
f 1276 1229 1228
f 1228 1200 1372
f 1276 1228 1372
f 1229 1324 1177
f 1324 1266 1177
f 1176 1374 1277
f 1362 1209 1266
f 1211 1277 1446
f 1301 1148 1209
f 1358 1170 1365
f 1167 1148 1301
f 1365 1208 1447
f 1208 1310 1447
f 1168 1310 1208
f 1168 1252 1310
f 1300 1298 1156
f 1232 1231 1385
f 1233 1335 1231
f 1232 1385 1278
f 1278 1234 1232
f 1386 1234 1278
f 1257 1265 1279
f 1298 1262 1265
f 1262 1179 1265
f 1179 1279 1265
f 1235 1179 1262
f 1235 1262 1236
f 1180 1335 1233
f 1281 1279 1201
f 1179 1201 1279
f 1282 1308 1169
f 1169 1308 1181
f 1234 1387 1217
f 1201 1203 1281
f 1423 1182 1237
f 1183 1218 1263
f 1182 1423 1075
f 1089 1267 1218
f 1424 1075 1423
f 1138 1075 1424
f 1240 1476 1241
f 1140 1477 1185
f 1046 1186 1242
f 1390 1140 1004
f 1376 1339 1158
f 1376 1158 1322
f 1243 1429 1410
f 1097 1256 1264
f 991 1098 1529
f 1244 1431 1100
f 1067 1531 1393
f 1143 1640 1101
f 1394 1189 1286
f 1483 1287 1343
f 1287 1344 1144
f 1435 1343 1157
f 1191 1288 1157
f 1190 1532 1395
f 1488 1191 1245
f 1489 1245 1105
f 1289 1489 1105
f 1405 1192 1126
f 1146 1194 1193
f 1558 1303 1066
f 1194 1535 1246
f 1213 1396 1012
f 1292 1106 1160
f 1438 1292 1160
f 1055 1438 1160
f 1055 1537 1438
f 1196 1440 1152
f 1195 1397 1248
f 1493 1494 1197
f 1197 1494 1293
f 1293 1349 1198
f 1111 1198 1589
f 1352 1250 1296
f 1129 1295 1199
f 1212 1380 1326
f 1271 1212 1326
f 1379 1271 1326
f 1270 1271 1379
f 1380 1259 1328
f 1272 1327 1325
f 1269 1325 1210
f 1371 1210 1325
f 1315 1261 1273
f 1315 1273 1329
f 1329 1273 1330
f 1299 1382 1331
f 1368 1330 1253
f 1331 1356 1299
f 1253 1251 1457
f 1253 1457 1368
f 1219 1302 1356
f 1251 1383 1457
f 1332 1455 1333
f 1275 1222 1333
f 1268 1355 1305
f 1268 1360 1355
f 1353 1377 1216
f 1304 1360 1268
f 1304 1216 1377
f 1176 1321 1402
f 1402 1374 1176
f 1266 1324 1419
f 1307 1230 1318
f 1362 1266 1419
f 1420 1254 1378
f 1446 1277 1465
f 1362 1467 1209
f 1467 1301 1209
f 1306 1167 1301
f 1167 1306 1202
f 1361 1202 1306
f 1202 1361 1300
f 1361 1298 1300
f 1319 1262 1298
f 1279 1320 1257
f 1319 1236 1262
f 1252 1257 1357
f 1319 1280 1236
f 1320 1357 1257
f 1281 1320 1279
f 1260 1280 1336
f 1260 1422 1282
f 1317 1282 1422
f 1282 1317 1308
f 1181 1471 1180
f 1386 1387 1234
f 1471 1181 1308
f 1337 1320 1203
f 1203 1320 1281
f 1203 1150 1337
f 1150 1068 1263
f 1237 1217 1423
f 1263 1218 1338
f 1218 1267 1338
f 1138 1424 1238
f 1239 1238 1474
f 1404 1149 1309
f 1388 1239 1475
f 1283 1359 1309
f 1359 1283 1241
f 1240 1389 1476
f 1140 1390 1477
f 1004 1339 1390
f 1340 1171 1410
f 1284 1341 1256
f 1256 1341 1264
f 1341 1285 1264
f 1354 1285 1341
f 1354 1142 1285
f 1354 1342 1142
f 1244 1430 1431
f 1430 1244 1342
f 1100 1431 1432
f 1102 1825 1434
f 1343 1435 1484
f 1344 1345 1144
f 1288 1435 1157
f 1489 1488 1245
f 1289 1192 1312
f 1369 1214 1303
f 1303 1558 1369
f 1558 1066 1162
f 1436 1162 1010
f 1693 1213 1290
f 1311 1452 1437
f 1314 1452 1311
f 1314 1311 1106
f 1292 1314 1106
f 1346 1132 1542
f 1258 1346 1492
f 1347 1258 1439
f 1195 1347 1439
f 1316 1440 1196
f 1196 1294 1398
f 1398 1294 1348
f 1293 1494 1349
f 1350 1348 1294
f 1249 1350 1294
f 1495 1350 1249
f 1204 1495 1249
f 1129 1111 1442
f 1591 1352 1296
f 1296 1199 1591
f 1199 1295 1591
f 1270 1379 1411
f 1270 1411 1327
f 1412 1380 1328
f 1327 1413 1325
f 1315 1381 1328
f 1315 1329 1381
f 1382 1401 1331
f 1329 1330 1459
f 1370 1331 1401
f 1331 1370 1356
f 1330 1368 1459
f 1414 1356 1370
f 1356 1415 1219
f 1334 1461 1383
f 1274 1461 1334
f 1415 1332 1219
f 1403 1274 1297
f 1333 1367 1275
f 1297 1305 1403
f 1313 1275 1367
f 1305 1364 1403
f 1445 1313 1367
f 1305 1355 1364
f 1445 1353 1313
f 1377 1353 1445
f 1227 1384 1321
f 1450 1384 1323
f 1384 1227 1323
f 1418 1276 1372
f 1229 1618 1324
f 1450 1307 1318
f 1450 1323 1307
f 1254 1418 1372
f 1420 1418 1254
f 1318 1230 1373
f 1374 1465 1277
f 1378 1215 1375
f 1467 1362 1449
f 1375 1215 1446
f 1358 1365 1468
f 1298 1361 1319
f 1516 1386 1278
f 1361 1280 1319
f 1335 1180 1471
f 1422 1260 1336
f 1471 1308 1317
f 1320 1337 1357
f 1400 1357 1337
f 1400 1337 1150
f 1387 1423 1217
f 1363 1400 1150
f 1150 1263 1363
f 1338 1363 1263
f 1423 1521 1424
f 1267 1451 1338
f 1451 1267 1149
f 1553 1404 1309
f 1359 1553 1309
f 1255 1340 1391
f 1366 1255 1391
f 1322 1255 1366
f 1322 1366 1376
f 1187 1426 1188
f 1426 1392 1188
f 1340 1410 1391
f 1188 1392 1284
f 1284 1392 1341
f 1341 1392 1407
f 1427 1341 1407
f 1354 1341 1427
f 1354 1428 1342
f 1428 1482 1342
f 1482 1430 1342
f 1432 1433 1286
f 1825 1102 1394
f 1483 1485 1287
f 1344 1287 1485
f 1345 1344 1486
f 1345 1486 1190
f 1190 1486 1532
f 1050 1660 1146
f 1405 1126 1408
f 1126 1214 1408
f 1146 1692 1194
f 1246 1693 1290
f 1213 1586 1396
f 1247 1536 1291
f 1291 1536 1132
f 1492 1346 1542
f 1258 1492 1439
f 1055 1152 1537
f 1248 1493 1197
f 1196 1398 1316
f 1495 1204 1652
f 1250 1441 1351
f 1589 1442 1111
f 1326 1380 1718
f 1326 1718 1379
f 1411 1413 1327
f 1325 1561 1371
f 1503 1371 1561
f 1329 1443 1381
f 1503 1382 1371
f 1382 1503 1401
f 1443 1329 1459
f 1414 1415 1356
f 1332 1615 1455
f 1416 1274 1403
f 1367 1333 1455
f 1445 1367 1540
f 1364 1355 1462
f 1417 1462 1355
f 1355 1360 1417
f 1498 1377 1445
f 1511 1377 1498
f 1304 1454 1360
f 1511 1444 1377
f 1454 1552 1360
f 1377 1444 1304
f 1444 1454 1304
f 1321 1384 1567
f 1567 1402 1321
f 1449 1362 1419
f 1464 1418 1420
f 1504 1318 1373
f 1374 1541 1465
f 1375 1420 1378
f 1466 1373 1358
f 1301 1469 1306
f 1385 1231 1514
f 1278 1385 1470
f 1470 1516 1278
f 1471 1515 1335
f 1361 1421 1280
f 1336 1280 1421
f 1357 1499 1252
f 1422 1336 1421
f 1471 1317 1518
f 1386 1517 1387
f 1317 1422 1473
f 1518 1317 1473
f 1357 1400 1409
f 1409 1400 1363
f 1406 1409 1363
f 1338 1406 1363
f 1406 1338 1451
f 1404 1451 1149
f 1545 1451 1404
f 1359 1241 1576
f 1185 1477 1524
f 1187 1242 1425
f 1366 1479 1376
f 1376 1390 1339
f 1187 1425 1426
f 1426 1407 1392
f 1481 1354 1427
f 1354 1481 1428
f 1429 1243 1638
f 1243 991 1529
f 1530 1529 1098
f 1641 1870 1143
f 1483 1343 1484
f 1606 1484 1435
f 1220 1534 1050
f 1050 1534 1660
f 1490 1162 1436
f 1247 1491 1536
f 1588 1195 1439
f 1152 1440 1537
f 1397 1195 1588
f 1397 1649 1248
f 1399 1697 1652
f 1110 1697 1399
f 1351 1441 1110
f 1352 1496 1250
f 1129 1442 1295
f 1379 1718 1458
f 1411 1379 1458
f 1328 1560 1412
f 1560 1328 1381
f 1401 1460 1370
f 1460 1414 1370
f 1383 1510 1457
f 1415 1813 1332
f 1383 1461 1510
f 1274 1416 1461
f 1416 1403 1462
f 1403 1364 1462
f 1497 1445 1540
f 1498 1445 1497
f 1360 1544 1417
f 1552 1544 1360
f 1384 1450 1463
f 1512 1276 1418
f 1450 1318 1543
f 1402 1539 1374
f 1374 1539 1541
f 1504 1373 1466
f 1465 1513 1446
f 1551 1420 1375
f 1375 1446 1513
f 1447 1468 1365
f 1447 1310 1559
f 1231 1335 1514
f 1361 1306 1469
f 1252 1559 1310
f 1501 1421 1361
f 1517 1386 1516
f 1252 1499 1559
f 1472 1421 1501
f 1472 1422 1421
f 1472 1473 1422
f 1499 1357 1409
f 1518 1473 1519
f 1517 1573 1387
f 1500 1409 1406
f 1387 1573 1423
f 1500 1406 1456
f 1406 1448 1456
f 1423 1573 1521
f 1448 1406 1451
f 1448 1451 1508
f 1424 1575 1238
f 1424 1521 1575
f 1545 1508 1451
f 1238 1575 1474
f 1553 1545 1404
f 1388 1522 1389
f 1389 1522 1476
f 1476 1576 1241
f 1186 1524 1633
f 1242 1186 1523
f 1425 1242 1523
f 1479 1478 1376
f 1376 1477 1390
f 1478 1477 1376
f 1366 1579 1479
f 1391 1579 1366
f 1391 1410 1579
f 1579 1410 1637
f 1480 1407 1426
f 1410 1429 1637
f 1527 1407 1480
f 1407 1527 1427
f 1481 1427 1527
f 1482 1428 1481
f 1638 1243 1869
f 1430 1432 1431
f 1393 1731 1530
f 1531 1585 1393
f 1143 1870 1640
f 1789 1434 1664
f 1488 1288 1191
f 1395 1532 1689
f 1395 1689 1487
f 1489 1289 1453
f 1690 1534 1220
f 1312 1453 1289
f 1312 1192 1405
f 1408 1214 1369
f 1194 1692 1535
f 1558 1612 1369
f 1490 1558 1162
f 1247 1396 1491
f 1536 1667 1132
f 1667 1542 1132
f 1248 1649 1493
f 1349 1743 1198
f 1743 1589 1198
f 1496 1441 1250
f 1380 1855 1718
f 1413 1411 1770
f 1855 1380 1412
f 1325 1413 1509
f 1561 1325 1509
f 1561 1663 1503
f 1443 1773 1381
f 1401 1503 1562
f 1459 1368 1563
f 1460 1775 1414
f 1414 1564 1415
f 1332 1813 1615
f 1564 1813 1415
f 1461 1565 1510
f 1461 1416 1565
f 1455 1616 1367
f 1615 1616 1455
f 1416 1462 1610
f 1462 1417 1556
f 1556 1417 1566
f 1544 1566 1417
f 1454 1597 1552
f 1444 1597 1454
f 1512 1229 1276
f 1384 1463 1567
f 1722 1512 1418
f 1324 1618 1505
f 1539 1402 1567
f 1324 1505 1419
f 1507 1418 1464
f 1449 1419 1656
f 1620 1318 1504
f 1539 1613 1541
f 1464 1420 1568
f 1569 1465 1541
f 1504 1466 1724
f 1420 1551 1568
f 1466 1358 1608
f 1608 1358 1468
f 1449 1657 1467
f 1467 1657 1469
f 1467 1469 1301
f 1468 1447 1555
f 1514 1704 1385
f 1704 1470 1385
f 1447 1559 1658
f 1469 1501 1361
f 1506 1501 1469
f 1514 1335 1626
f 1335 1515 1626
f 1501 1506 1472
f 1592 1515 1471
f 1471 1518 1592
f 1520 1472 1506
f 1472 1520 1473
f 1499 1557 1559
f 1519 1473 1520
f 1499 1409 1548
f 1500 1548 1409
f 1500 1456 1548
f 1456 1546 1548
f 1456 1448 1546
f 1546 1448 1502
f 1508 1502 1448
f 1575 1682 1474
f 1553 1600 1545
f 1682 1239 1474
f 1475 1239 1682
f 1522 1388 1475
f 1523 1186 1633
f 1425 1523 1577
f 1525 1478 1479
f 1525 1479 1579
f 1426 1425 1577
f 1637 1526 1579
f 1481 1527 1528
f 1528 1482 1481
f 1528 1584 1482
f 1482 1584 1430
f 1243 1529 1869
f 1430 1584 1432
f 1432 1688 1433
f 1393 1585 1731
f 1101 1640 1531
f 1484 1606 1790
f 1344 1485 1732
f 1486 1344 1642
f 1643 1532 1486
f 1645 1435 1288
f 1645 1288 1488
f 1533 1488 1489
f 1533 1489 1453
f 1690 1220 1487
f 1453 1312 1691
f 1405 1408 1802
f 1660 1734 1146
f 1734 1692 1146
f 1991 1693 1246
f 1396 1587 1491
f 1437 1452 1831
f 1667 1536 1832
f 1452 1314 1611
f 1542 1738 1492
f 1648 1292 1438
f 1492 1738 1439
f 1738 1951 1439
f 1739 1438 1537
f 1537 1440 1741
f 1397 1588 1649
f 1316 1742 1440
f 1316 1398 1792
f 1348 1601 1398
f 1350 1835 1348
f 1651 1743 1349
f 1538 1350 1495
f 1652 1696 1495
f 1652 1697 1794
f 1110 1712 1697
f 1441 1712 1110
f 1589 1590 1442
f 1411 1458 1770
f 1413 1770 1509
f 1412 1603 1855
f 1603 1412 1560
f 1663 1562 1503
f 1459 1773 1443
f 1563 1773 1459
f 1562 1614 1401
f 1401 1614 1460
f 1457 1563 1368
f 1775 1564 1414
f 1616 1540 1367
f 1610 1462 1599
f 1617 1497 1540
f 1653 1497 1617
f 1462 1556 1599
f 1497 1653 1498
f 1596 1498 1653
f 1566 1544 1674
f 1229 1512 1618
f 1550 1463 1450
f 1463 1619 1567
f 1450 1543 1550
f 1543 1318 1620
f 1722 1418 1507
f 1609 1613 1539
f 1568 1507 1464
f 1613 1569 1541
f 1449 1656 1570
f 1756 1465 1569
f 1465 1756 1513
f 1622 1551 1375
f 1375 1513 1598
f 1622 1375 1598
f 1657 1449 1570
f 1468 1555 1608
f 1657 1810 1469
f 1447 1658 1555
f 1661 1469 1810
f 1469 1661 1506
f 1516 1470 1725
f 1725 1517 1516
f 1628 1517 1725
f 1520 1506 1571
f 1519 1592 1518
f 1519 1571 1592
f 1571 1519 1520
f 1548 1659 1499
f 1547 1593 1572
f 1572 1549 1547
f 1546 1554 1548
f 1546 1502 1554
f 1574 1549 1572
f 1548 1631 1659
f 1554 1631 1548
f 1502 1594 1554
f 1508 1594 1502
f 1508 1574 1594
f 1549 1593 1547
f 1549 1574 1508
f 1508 1545 1549
f 1607 1549 1545
f 1607 1545 1600
f 1576 1683 1359
f 1476 1522 1763
f 1578 1634 1478
f 1478 1634 1477
f 1477 1634 1524
f 1523 1633 1577
f 1478 1525 1578
f 1577 1580 1426
f 1426 1580 1480
f 1580 1581 1480
f 1581 1527 1480
f 1527 1581 1582
f 1527 1582 1528
f 1637 1429 1583
f 1584 1528 1582
f 1584 1639 1432
f 1432 1639 1688
f 1484 1790 1483
f 1486 1642 1643
f 1435 1645 1827
f 1532 1643 1644
f 1644 1689 1532
f 1533 1645 1488
f 1408 1369 1880
f 1369 1612 1880
f 1558 1736 1612
f 1736 1558 1490
f 2017 1991 1246
f 1396 1586 1587
f 1536 1491 1647
f 1832 1536 1647
f 1648 1438 1739
f 1833 1739 1537
f 1440 1742 1741
f 1316 1792 1742
f 1493 1649 1650
f 1398 1601 1792
f 1650 1494 1493
f 1494 1651 1349
f 1696 1538 1495
f 1352 1745 1496
f 1442 1876 1295
f 1352 1591 1745
f 1295 1746 1591
f 1381 1772 1560
f 1773 1772 1381
f 1563 1457 1671
f 1457 1510 1671
f 1565 1672 1510
f 1416 1673 1565
f 1673 1416 1610
f 1617 1540 1616
f 1596 1654 1498
f 1498 1668 1511
f 1668 1498 1654
f 1675 1674 1544
f 1655 1675 1544
f 1544 1552 1655
f 1444 1511 1595
f 1597 1444 1595
f 1552 1662 1655
f 1597 1662 1552
f 1597 1595 1662
f 1463 1550 1619
f 1550 1543 1780
f 1543 1620 1780
f 1568 1551 1621
f 1621 1551 1622
f 1623 1724 1466
f 1466 1608 1623
f 1626 1624 1514
f 1704 1625 1470
f 1725 1470 1625
f 1515 1592 1626
f 1559 1666 1658
f 1661 1627 1506
f 1627 1571 1506
f 1592 1571 1627
f 1517 1628 1573
f 1666 1559 1557
f 1628 1679 1573
f 1499 1703 1557
f 1630 1629 1572
f 1630 1572 1593
f 1572 1629 1574
f 1605 1630 1593
f 1573 1679 1521
f 1554 1594 1604
f 1604 1574 1629
f 1574 1604 1594
f 1679 1680 1521
f 1593 1549 1607
f 1605 1593 1607
f 1521 1680 1575
f 1632 1475 1682
f 1553 1852 1600
f 1632 1522 1475
f 1359 1683 1553
f 1576 1476 1797
f 1634 1633 1524
f 1577 1633 1698
f 1577 1698 1636
f 1578 1525 1635
f 1525 1579 1635
f 1636 1580 1577
f 1579 1526 1635
f 1687 1580 1636
f 1580 1687 1581
f 1581 1687 1582
f 1582 1602 1584
f 1530 1731 1985
f 1732 1642 1344
f 1689 1733 1487
f 1487 1733 1690
f 1646 1405 1802
f 1312 1405 1646
f 1535 1735 1246
f 1246 1735 2017
f 1693 1586 1213
f 1586 1830 1587
f 1695 1542 1667
f 1738 1542 1695
f 1295 1876 1746
f 1458 1718 1811
f 1811 1770 1458
f 1560 1771 1603
f 1509 1812 1561
f 1614 1719 1460
f 1775 1460 1719
f 1673 1672 1565
f 1617 1616 1720
f 1857 1673 1610
f 1653 1617 1856
f 1599 1556 1721
f 1596 1653 1815
f 1668 1713 1511
f 1669 1675 1655
f 1511 1713 1595
f 1662 1669 1655
f 1665 1669 1662
f 1595 1665 1662
f 1618 1512 1894
f 1539 1567 1862
f 1505 1977 1419
f 1808 1780 1620
f 1609 1539 1862
f 1722 1507 1723
f 1977 1818 1419
f 1419 1818 1656
f 1504 1808 1620
f 1613 1798 1569
f 1676 1507 1568
f 1782 1507 1676
f 1676 1568 1677
f 1568 1621 1677
f 1678 1677 1621
f 1621 1622 1678
f 1513 1756 1701
f 1513 1701 1598
f 1700 1678 1622
f 1598 1701 1700
f 1622 1598 1700
f 1810 1657 1759
f 1608 1555 1753
f 1785 1555 1658
f 1624 1704 1514
f 1658 1749 1785
f 1706 1592 1661
f 1706 1626 1592
f 1592 1627 1661
f 1658 1666 1749
f 1630 1708 1629
f 1666 1557 1703
f 1630 1605 1708
f 1670 1629 1708
f 1629 1670 1604
f 1708 1605 1681
f 1659 1703 1499
f 1670 1554 1604
f 1681 1605 1607
f 1670 1757 1554
f 1680 1787 1575
f 1575 1787 1682
f 1703 1659 1705
f 1710 1607 1600
f 1631 1705 1659
f 1600 1852 1710
f 1683 1852 1553
f 1576 1797 1683
f 1763 1797 1476
f 1633 1634 1684
f 1633 1684 1727
f 1578 1684 1634
f 1633 1727 1698
f 1578 1635 1728
f 1636 1698 1685
f 1635 1526 1686
f 1636 1685 1687
f 1526 1637 1583
f 1583 1429 1638
f 1602 1730 1584
f 1584 1730 1639
f 1433 2082 1286
f 1394 1286 2082
f 1809 1825 1394
f 1606 1435 1826
f 1645 1533 1947
f 1692 1990 1535
f 1791 1436 1437
f 1587 1647 1491
f 1831 1452 1611
f 1694 1314 1292
f 1439 1740 1588
f 1740 1439 1873
f 1741 1833 1537
f 1649 1588 1874
f 1649 1834 1650
f 1915 1350 1538
f 1652 1794 1696
f 1496 1744 1441
f 1496 1875 1744
f 1746 1745 1591
f 1560 1772 1771
f 1561 1812 1663
f 1775 1965 1564
f 1776 1671 1510
f 1813 1966 1615
f 1813 1564 1965
f 1776 1510 1672
f 1778 1776 1672
f 1778 1672 1673
f 1610 1599 1857
f 1599 1721 1857
f 1815 1653 1856
f 1566 1721 1556
f 1858 1721 1566
f 1566 1674 1858
f 1596 1815 1654
f 1675 1669 1764
f 1709 1595 1713
f 1669 1707 1764
f 1669 1665 1707
f 1707 1748 1764
f 1709 1665 1595
f 1505 1618 1895
f 1707 1714 1748
f 1862 1567 1619
f 1711 1665 1709
f 1665 1714 1707
f 1711 1702 1665
f 1609 1798 1613
f 1702 1714 1665
f 1677 1702 1711
f 1747 1677 1711
f 1676 1677 1747
f 1798 1877 1569
f 1877 1756 1569
f 1656 1820 1570
f 1678 1714 1702
f 1677 1678 1702
f 1796 1701 1756
f 1700 1801 1714
f 1678 1700 1714
f 1801 1700 1701
f 1820 1863 1570
f 1608 1753 1623
f 1657 1570 1759
f 1785 1753 1555
f 1661 1810 1706
f 1783 1706 1810
f 1706 1783 1626
f 1626 1783 1624
f 1784 1704 1624
f 1784 1625 1704
f 1715 1628 1725
f 1715 1679 1628
f 1666 1703 1716
f 1708 1681 1750
f 1708 1750 1670
f 1750 1681 1726
f 1750 1765 1670
f 1765 1757 1670
f 1726 1681 1710
f 1710 1681 1607
f 1682 1787 1632
f 1705 1766 1703
f 1554 1699 1631
f 1757 1699 1554
f 1845 1522 1632
f 1631 1699 1705
f 1717 1698 1727
f 1684 1578 1728
f 1752 1685 1717
f 1685 1698 1717
f 1685 1752 1754
f 1687 1685 1754
f 1686 1868 1635
f 1582 1687 1754
f 1754 1729 1582
f 1526 1583 1686
f 1729 1602 1582
f 1583 1638 1984
f 1433 1688 2082
f 1906 1531 1640
f 2082 1809 1394
f 1641 1789 1788
f 1434 1825 1664
f 1483 1790 1751
f 1485 1483 1751
f 1485 1751 1732
f 1827 1826 1435
f 1644 2085 1689
f 1828 1533 1453
f 1733 2160 1690
f 1691 1828 1453
f 1691 1312 1646
f 1534 1806 1660
f 1660 1806 1734
f 1408 1880 1802
f 1436 1791 1490
f 1586 1737 1830
f 1791 1437 1831
f 1611 1314 1694
f 1292 1648 1694
f 1951 1873 1439
f 1588 1740 1874
f 1953 1494 1650
f 1953 1914 1494
f 1348 1835 1601
f 1651 1494 1914
f 1350 1915 1835
f 1743 1793 1589
f 1441 1744 1712
f 1793 1590 1589
f 1496 1745 1875
f 1746 1837 1745
f 1718 2204 1811
f 1509 1770 2104
f 1562 1663 1964
f 1889 1773 1774
f 1773 1563 1774
f 1562 1964 1614
f 1774 1563 1671
f 1671 1776 2030
f 1777 1615 1966
f 1616 1615 1777
f 1673 1883 1778
f 1857 1883 1673
f 1654 1815 1893
f 1858 1674 1769
f 1675 1769 1674
f 1816 1668 1654
f 1668 1844 1713
f 1844 1668 1816
f 1764 1817 1675
f 1713 1767 1709
f 1844 1767 1713
f 1748 1859 1764
f 1618 1894 1895
f 1619 1550 1779
f 1768 1894 1512
f 1768 1512 1722
f 1779 1550 1780
f 1767 1711 1709
f 1748 1755 1859
f 1762 1711 1767
f 1861 1780 1808
f 1609 1862 1798
f 1723 1507 1781
f 1507 1782 1781
f 1656 1818 1820
f 1747 1711 1762
f 1762 1800 1747
f 1747 1800 1676
f 1782 1676 1800
f 1504 1724 1761
f 1748 1714 1755
f 1940 1761 1724
f 1714 1801 1755
f 1701 1796 1801
f 1940 1724 1623
f 1784 1624 1783
f 1625 1784 1805
f 1785 1749 1879
f 1725 1625 1838
f 1725 1838 1715
f 1749 1666 1803
f 1715 1786 1679
f 1666 1716 1803
f 1679 1786 1680
f 1750 1726 1765
f 1786 1787 1680
f 1726 1799 1765
f 1799 1726 1710
f 1703 1843 1716
f 1703 1766 1843
f 1846 1757 1765
f 1763 1522 1845
f 1886 1683 1797
f 1851 1757 1846
f 1699 1757 1851
f 1705 1804 1766
f 1699 1804 1705
f 1851 1758 1699
f 1699 1760 1804
f 1758 1760 1699
f 1840 1822 1684
f 1822 1727 1684
f 1760 1727 1822
f 1717 1727 1760
f 1758 1717 1760
f 1752 1717 1758
f 1842 1752 1758
f 1840 1684 1728
f 1840 1728 1824
f 1635 1824 1728
f 1824 1635 1868
f 1729 1901 1602
f 1943 1730 1602
f 1730 2044 1639
f 2081 1688 1639
f 1641 1788 1870
f 1664 1946 1789
f 1825 1988 1664
f 1606 1826 1908
f 1790 1606 1908
f 1690 2087 1534
f 1880 1887 1802
f 1806 1881 1734
f 1734 1881 1692
f 1910 1490 1791
f 1991 1586 1693
f 1587 1872 1647
f 1695 1993 1738
f 1950 1739 1833
f 1834 1649 1874
f 1913 1601 1835
f 1712 1795 1697
f 1590 1876 1442
f 1812 1509 2104
f 1777 1884 1616
f 1884 1720 1616
f 1617 1720 1856
f 1721 1892 1857
f 1814 1892 1721
f 1858 1814 1721
f 1816 1654 1893
f 1919 1816 1893
f 1769 1675 1817
f 1764 1859 1817
f 1844 1807 1767
f 1895 2004 1505
f 1780 1860 1779
f 1767 1807 1762
f 1780 1861 1976
f 1850 1859 1755
f 1761 1808 1504
f 1807 1800 1762
f 1800 1819 1782
f 1781 1782 1819
f 1756 1877 1888
f 1756 1888 1796
f 1850 1801 1878
f 1755 1801 1850
f 1801 1796 1878
f 1570 1863 1759
f 1753 1996 1623
f 1956 1759 1863
f 1941 1996 1753
f 1785 1941 1753
f 1956 1810 1759
f 1783 1821 1784
f 1821 1805 1784
f 1849 1715 1838
f 1786 1715 1849
f 1799 1839 1765
f 1710 1839 1799
f 1710 1866 1839
f 1632 1787 1882
f 1852 1866 1710
f 1843 1803 1716
f 1846 1765 1839
f 1886 1797 1763
f 1843 1766 1841
f 1758 1851 1842
f 1822 1841 1766
f 1804 1822 1766
f 1760 1822 1804
f 1754 1752 1842
f 1847 1754 1842
f 1823 1840 1824
f 1729 1754 1847
f 1638 1944 1984
f 1943 1602 1903
f 1944 1638 1869
f 1985 1529 1530
f 1986 1985 1731
f 1906 1585 1531
f 1732 1907 1642
f 1533 1828 1947
f 1802 1887 1997
f 1612 1736 1829
f 1535 1990 1735
f 1910 1736 1490
f 1991 1737 1586
f 1587 1830 1872
f 1872 1923 1647
f 1832 2052 1667
f 1667 2052 1695
f 1650 1834 1953
f 1696 1917 1538
f 1696 1836 1917
f 1696 1794 1836
f 2139 1812 2104
f 1772 1773 2267
f 1773 1889 2267
f 2140 1774 1671
f 1671 2030 1890
f 1775 2000 1965
f 1776 2001 2030
f 1776 1778 1891
f 1884 1967 1720
f 1856 1970 1815
f 1970 1856 1931
f 1815 1970 1932
f 1893 1815 1932
f 1769 1933 1858
f 1848 1973 1769
f 1769 1817 1848
f 1816 1919 1844
f 1848 1817 1936
f 1935 1844 1919
f 1936 1817 1859
f 1807 1844 1935
f 1859 1850 1936
f 1780 1976 1860
f 1619 1779 1975
f 1619 1975 1862
f 1722 1723 2005
f 1807 1896 1819
f 1819 1800 1807
f 1796 1979 1878
f 1996 1940 1623
f 1810 1956 1853
f 1853 1783 1810
f 1821 1783 1853
f 1879 1865 1785
f 1853 1805 1821
f 1805 1853 1864
f 1805 1864 1625
f 1864 1898 1625
f 1625 1898 1838
f 1749 1803 1879
f 1879 1803 1927
f 1849 1899 1786
f 1786 1899 1787
f 1882 1787 1899
f 1866 1854 1839
f 1882 1845 1632
f 1886 1852 1683
f 1845 1885 1763
f 1925 1843 1841
f 1822 1867 1841
f 1822 1840 1867
f 1840 1823 1867
f 1901 1729 1847
f 1602 1901 1903
f 1869 1529 1905
f 1985 1905 1529
f 1870 2046 1640
f 1809 2012 1825
f 1789 1946 1788
f 1790 1871 1751
f 1908 1871 1790
f 1642 2064 1643
f 1643 2215 1644
f 1827 1645 1947
f 1828 1691 1948
f 2160 2087 1690
f 1612 2127 1880
f 1911 1832 1647
f 1832 1911 2052
f 1993 1695 2052
f 1694 1648 1949
f 1738 1920 1951
f 1739 1949 1648
f 1741 1952 1833
f 1742 1792 1912
f 1601 1913 2132
f 1916 1743 1651
f 1915 1538 1917
f 1697 2055 1794
f 1697 1795 2055
f 1876 1590 2056
f 1746 2200 1837
f 1746 1876 2200
f 2204 1718 1855
f 1964 1999 1614
f 1813 1965 1966
f 1891 2001 1776
f 1778 1968 1891
f 1883 1968 1778
f 1883 1857 1969
f 1720 1930 1856
f 1856 1930 1931
f 1892 1969 1857
f 1814 1858 1933
f 1935 1896 1807
f 1779 1860 1975
f 2004 1977 1505
f 1897 1936 1850
f 1768 1722 2005
f 1861 1808 1938
f 1761 1938 1808
f 1819 1896 1781
f 1896 1937 1781
f 1798 1862 1963
f 1897 1850 1921
f 1761 1940 1939
f 1921 1878 1979
f 1850 1878 1921
f 1979 1796 1888
f 2039 1956 1863
f 1820 2039 1863
f 1941 1785 1865
f 1853 1958 1864
f 1898 1849 1838
f 1803 1960 1927
f 1839 1854 1900
f 1866 1900 1854
f 1866 1959 1900
f 1852 1955 1866
f 1866 1955 1959
f 1955 1852 1957
f 1885 1845 1924
f 1882 1924 1845
f 1886 1957 1852
f 1803 1843 1960
f 1900 1846 1839
f 1885 1886 1763
f 1918 1846 1900
f 1960 1843 1925
f 1851 1846 1918
f 1928 1842 1851
f 1928 1847 1842
f 1867 1823 1995
f 2010 1995 1823
f 1824 1942 2010
f 2010 1823 1824
f 1847 1926 1901
f 1942 1824 1868
f 1942 1868 1686
f 1686 1583 1902
f 1902 1583 1904
f 1998 1903 1901
f 1583 1984 1904
f 1585 1986 1731
f 2081 1987 1688
f 1688 1987 2082
f 1825 2013 1988
f 1732 1751 1945
f 1664 1988 1946
f 1732 1945 1907
f 1642 1907 2064
f 1643 2064 2215
f 2049 1826 1827
f 1644 2215 2085
f 1689 2085 1733
f 1948 2086 1828
f 1909 1948 1691
f 2016 1909 1691
f 2016 1691 1646
f 1646 1802 1997
f 1736 2174 1829
f 1910 2174 1736
f 1923 1911 1647
f 1611 1694 2089
f 1993 1920 1738
f 1951 1994 1873
f 1873 1994 1740
f 1994 2092 1740
f 1741 1912 1952
f 1912 1741 1742
f 1601 2132 1792
f 1914 1916 1651
f 1916 1793 1743
f 1916 1954 1793
f 1794 2055 1836
f 1712 2094 1795
f 1744 2094 1712
f 1876 2056 2200
f 1770 2138 2104
f 1771 1772 2065
f 2066 1663 1812
f 1663 2066 1964
f 2140 1671 1890
f 1719 2000 1775
f 1883 1969 1968
f 1967 1930 1720
f 1971 1893 1932
f 1919 1893 1971
f 1933 1769 1973
f 1971 1934 1919
f 1848 1936 2075
f 1935 1919 1934
f 1895 1894 2077
f 1860 1976 2034
f 1896 1935 1937
f 1862 1975 2023
f 1862 2023 1963
f 1977 2150 1818
f 1723 1781 2006
f 1781 1937 2006
f 1798 1963 1877
f 1939 2036 1761
f 1818 2150 1820
f 1979 1888 1978
f 2150 2039 1820
f 1956 1958 1853
f 1898 1864 1981
f 1981 1864 1958
f 1929 1898 1981
f 1898 1929 1849
f 1929 1922 1849
f 1849 1922 1899
f 1899 1922 1924
f 1924 1882 1899
f 1885 1957 1886
f 1918 1928 1851
f 1841 1995 1925
f 1841 1867 1995
f 1926 1847 1928
f 1926 1998 1901
f 1902 1942 1686
f 1944 1869 2061
f 1869 1905 2061
f 1639 2044 2081
f 2084 1906 1640
f 2046 2084 1640
f 1826 2025 1908
f 1947 2049 1827
f 2050 1881 1806
f 1887 1880 2127
f 1881 2059 1692
f 2059 1990 1692
f 2051 2128 1737
f 1830 1737 2128
f 1830 2128 1872
f 1872 1992 1923
f 1831 1611 2089
f 1949 1739 2027
f 1950 1833 1952
f 1740 2092 1874
f 1874 2019 1834
f 1590 1793 2056
f 1837 2099 1745
f 1811 2204 2298
f 1770 1811 2138
f 1999 1719 1614
f 1719 1999 2000
f 2001 1891 2002
f 2002 1891 2031
f 1968 2031 1891
f 2033 1969 1892
f 1931 2032 1970
f 2033 1892 1814
f 1933 1973 1972
f 1935 1934 2003
f 2075 1936 2076
f 1897 2076 1936
f 1768 1974 1894
f 1894 1974 2077
f 1937 1935 2003
f 2147 1974 1768
f 1860 2034 1975
f 1861 2113 1976
f 1723 2006 2005
f 1938 1761 2036
f 1877 1963 2210
f 2038 2097 1979
f 2097 1921 1979
f 2008 1939 1940
f 2008 1940 1996
f 2028 1996 1941
f 1980 2028 1941
f 1941 1865 1980
f 1922 1929 1981
f 1879 1961 1865
f 1879 1927 1961
f 1922 1982 1924
f 1924 1982 1885
f 1962 1961 1927
f 1983 1957 1982
f 1885 1982 1957
f 1983 1955 1957
f 1983 1959 1955
f 1927 1960 1962
f 1900 2096 1918
f 2096 1928 1918
f 2060 1960 1925
f 1925 1995 2060
f 1998 1926 2133
f 1942 1902 2010
f 1903 1998 2026
f 1825 2012 2013
f 1751 2045 1945
f 1826 1989 2025
f 2085 2215 2014
f 1646 1997 2016
f 1534 2087 1806
f 1887 2162 1997
f 1829 2022 1612
f 1910 1791 2164
f 2051 1737 1991
f 1923 2018 1911
f 2027 1739 1950
f 2053 1952 1912
f 2019 1874 2092
f 2132 1912 1792
f 2093 1953 1834
f 1835 2054 1913
f 1835 1915 2054
f 2259 1916 1914
f 1917 1836 2021
f 2056 1793 2168
f 1875 1745 2099
f 1771 2231 1603
f 1771 2065 2177
f 1812 2299 2066
f 2065 1772 2267
f 2066 2178 1964
f 1889 1774 2140
f 1884 2106 1967
f 2031 1968 2107
f 1969 2107 1968
f 2107 1969 2181
f 1930 2032 1931
f 1970 2032 2070
f 2205 2033 1814
f 1970 2070 1932
f 1971 2072 1934
f 1972 1973 1848
f 2003 1934 2072
f 2007 2076 1897
f 1976 2112 2034
f 1975 2034 2078
f 1976 2149 2112
f 1937 2003 2100
f 2113 2149 1976
f 2100 2006 1937
f 1921 2007 1897
f 1877 2210 2037
f 2007 1921 2097
f 1877 2037 1888
f 2038 1979 1978
f 1996 2028 2008
f 2040 1956 2039
f 1958 1956 2040
f 1958 2040 1981
f 1961 1980 1865
f 1981 2040 1922
f 2040 2009 1922
f 1922 2009 1982
f 1982 2009 2042
f 2042 1983 1982
f 1959 1983 2042
f 1959 2096 1900
f 2172 1928 2096
f 2172 2133 1928
f 1928 2133 1926
f 1995 2010 2060
f 1904 2043 1902
f 1903 2026 1943
f 2121 1904 1984
f 1943 2011 1730
f 2011 2044 1730
f 1871 2045 1751
f 1908 2157 1871
f 1870 1788 2046
f 1989 1826 2098
f 2049 2098 1826
f 1947 2015 2049
f 1828 2015 1947
f 1828 2086 2015
f 2085 2254 1733
f 1733 2254 2160
f 2050 2059 1881
f 1612 2022 2127
f 1791 2088 2164
f 1791 1831 2088
f 1992 2018 1923
f 2088 1831 2024
f 1831 2089 2024
f 1951 2137 1994
f 1994 2091 2092
f 1914 1953 2020
f 2093 2020 1953
f 2020 2259 1914
f 1915 2198 2054
f 1954 2168 1793
f 1836 2055 2021
f 2055 1795 2261
f 1875 2169 1744
f 1855 2455 2204
f 1771 2177 2231
f 1999 2105 2000
f 2000 2179 1965
f 2001 2069 2030
f 2001 2002 2069
f 1967 2106 1930
f 2108 2181 1969
f 2108 1969 2033
f 2205 1814 2110
f 1814 1933 2110
f 1972 1848 2073
f 2073 1848 2075
f 2004 1895 2276
f 2100 2003 2074
f 2004 2206 1977
f 2113 1861 1938
f 2023 2115 1963
f 2005 2006 2035
f 2209 1938 2036
f 1888 2037 1978
f 2150 2080 2039
f 2028 2153 2008
f 2040 2039 2117
f 2118 1980 1961
f 2040 2041 2009
f 2009 2041 2042
f 1959 2042 2063
f 2060 2010 2058
f 2010 1902 2058
f 2133 2026 1998
f 2058 1902 2043
f 1904 2121 2043
f 1984 1944 2121
f 2061 2121 1944
f 2084 2191 1906
f 1809 2082 2123
f 2012 1809 2123
f 2013 2012 2057
f 1946 2095 1788
f 1988 2013 2025
f 2057 2025 2013
f 2057 2047 2025
f 1908 2025 2047
f 1908 2047 2083
f 1946 1988 2048
f 1989 2048 1988
f 2025 1989 1988
f 2098 2048 1989
f 2161 2016 1997
f 1990 2229 1735
f 1910 2164 2174
f 2017 2163 1991
f 1991 2163 2219
f 2219 2051 1991
f 2052 2090 1993
f 1694 1949 2195
f 1993 2090 1920
f 1920 2137 1951
f 1952 2292 1950
f 1912 2132 2223
f 2054 2197 1913
f 1917 2198 1915
f 2225 1954 1916
f 1917 2021 2198
f 2227 2094 1744
f 2169 2227 1744
f 2199 2056 2168
f 2104 2176 2139
f 2345 1812 2139
f 1812 2345 2299
f 1964 2178 2029
f 1964 2029 1999
f 2067 1889 2140
f 2140 1890 2068
f 1777 1966 2141
f 1965 2141 1966
f 1777 2141 1884
f 2002 2031 2324
f 2107 2324 2031
f 2070 2071 1932
f 1932 2071 1971
f 1933 1972 2110
f 2072 1971 2071
f 2072 2074 2003
f 2111 2075 2076
f 2146 2076 2007
f 1895 2077 2276
f 2007 2184 2146
f 2276 2206 2004
f 2023 1975 2078
f 1768 2079 2147
f 1768 2005 2079
f 2206 2207 1977
f 2113 1938 2101
f 2006 2100 2035
f 2079 2005 2035
f 1977 2207 2150
f 1938 2209 2101
f 1963 2115 2210
f 2036 1939 2152
f 2037 2116 1978
f 2080 2117 2039
f 2041 2131 2042
f 1962 2202 1961
f 2096 1959 2063
f 1960 2060 1962
f 2058 2135 2060
f 2121 2058 2043
f 2061 2155 2121
f 1905 1985 2188
f 2044 2156 2081
f 2189 1985 1986
f 2122 1986 1585
f 2122 1585 1906
f 1906 2191 2122
f 1871 2157 2045
f 2012 2123 2124
f 1908 2083 2157
f 1945 2344 1907
f 2057 2012 2047
f 2124 2047 2012
f 1788 2126 2046
f 1788 2095 2126
f 2064 1907 2125
f 1946 2062 2095
f 2062 1946 2048
f 2048 2098 2062
f 2049 2103 2098
f 2308 1909 2016
f 1997 2162 2161
f 1806 2087 2255
f 2059 2229 1990
f 2256 1872 2128
f 2256 1992 1872
f 1992 2264 2018
f 1911 2316 2052
f 2027 2195 1949
f 2053 2292 1952
f 2223 2053 1912
f 1913 2197 2132
f 2259 2225 1916
f 2055 2374 2021
f 1837 2200 2099
f 2138 1811 2573
f 1855 2231 2455
f 2231 1855 1603
f 2267 1889 2067
f 2141 2142 1884
f 1884 2142 2106
f 2032 1930 2182
f 2182 2109 2032
f 2109 2070 2032
f 2143 2108 2033
f 2143 2033 2205
f 2074 2072 2237
f 2073 2075 2273
f 2273 2075 2111
f 2111 2076 2146
f 2145 2100 2074
f 2034 2112 2148
f 2078 2034 2148
f 2100 2114 2035
f 2184 2007 2097
f 2097 2170 2184
f 2036 2152 2209
f 2170 2097 2038
f 2150 2151 2080
f 2152 1939 2008
f 2153 2152 2008
f 2040 2212 2041
f 2136 2118 1961
f 2063 2042 2131
f 1961 2202 2186
f 1962 2060 2119
f 2135 2119 2060
f 2058 2120 2135
f 2121 2120 2058
f 2155 2061 2188
f 2061 1905 2188
f 2189 2250 1985
f 2122 2189 1986
f 1987 2190 2082
f 2123 2082 2190
f 2046 2126 2084
f 2124 2083 2047
f 2095 2062 2103
f 2064 2125 2215
f 2062 2098 2103
f 2086 2216 2015
f 2086 1948 2291
f 2217 1948 1909
f 2160 2175 2087
f 2255 2050 1806
f 2162 1887 2102
f 2127 2102 1887
f 2050 2338 2059
f 2229 2163 1735
f 2163 2017 1735
f 2018 2264 2257
f 2257 2220 2018
f 2018 2220 1911
f 2220 2316 1911
f 2089 1694 2129
f 1694 2195 2129
f 2091 2341 2092
f 2019 2092 2224
f 1834 2019 2130
f 2093 1834 2130
f 2196 2020 2093
f 2054 2167 2197
f 1954 2225 2260
f 2168 1954 2260
f 1795 2094 2261
f 2099 2262 1875
f 2000 2105 2179
f 1965 2179 2141
f 2324 2069 2002
f 2106 2182 1930
f 2070 2109 2302
f 2302 2144 2070
f 2070 2144 2071
f 2071 2236 2072
f 2072 2236 2237
f 2237 2145 2074
f 2023 2078 2201
f 2145 2240 2100
f 2115 2023 2201
f 2240 2114 2100
f 2279 2150 2207
f 2361 2038 1978
f 2154 2153 2028
f 2185 2041 2212
f 2186 2136 1961
f 2096 2063 2228
f 2172 2096 2228
f 2119 2202 1962
f 2134 2187 2135
f 2120 2134 2135
f 1943 2026 2011
f 2121 2134 2120
f 2155 2173 2134
f 2134 2121 2155
f 2188 1985 2250
f 2081 2249 1987
f 1945 2045 2192
f 2084 2158 2191
f 2123 2190 2159
f 2123 2159 2124
f 2124 2159 2083
f 1907 2344 2125
f 2084 2126 2158
f 2126 2095 2103
f 2193 2103 2049
f 2014 2218 2085
f 2085 2218 2254
f 2308 2217 1909
f 2308 2016 2161
f 2051 2194 2128
f 2264 1992 2256
f 2024 2165 2088
f 2052 2166 2090
f 2090 2221 1920
f 2137 1920 2221
f 2222 2027 1950
f 2054 2293 2167
f 2054 2198 2293
f 1875 2262 2169
f 2200 2056 2199
f 2099 2200 2318
f 2104 2138 2176
f 2176 2345 2139
f 2065 2266 2177
f 2178 2066 2299
f 2067 2140 2322
f 2322 2140 2068
f 2232 2030 2069
f 2324 2107 2233
f 2142 2180 2106
f 2106 2180 2182
f 2233 2107 2181
f 2205 2110 2183
f 2144 2236 2071
f 2110 1972 2183
f 1972 2073 2383
f 2073 2273 2383
f 2111 2146 2274
f 2184 2242 2146
f 2112 2238 2148
f 2112 2149 2239
f 2149 2113 2239
f 2079 2035 2114
f 2242 2184 2170
f 2361 2243 2038
f 2243 2170 2038
f 2116 2361 1978
f 2150 2279 2151
f 2244 2153 2154
f 2080 2246 2117
f 2040 2117 2280
f 2028 2211 2154
f 2211 2028 1980
f 2118 2211 1980
f 2041 2185 2131
f 2172 2296 2133
f 2135 2187 2119
f 2134 2173 2187
f 2011 2248 2044
f 2156 2249 2081
f 2249 2251 1987
f 1987 2251 2190
f 2045 2157 2519
f 1945 2192 2344
f 2126 2214 2158
f 2126 2171 2214
f 2126 2193 2171
f 2193 2126 2103
f 2049 2015 2253
f 2291 2216 2086
f 1948 2217 2291
f 2087 2175 2255
f 2022 2309 2127
f 2174 2310 1829
f 2312 2174 2164
f 2128 2194 2256
f 1994 2258 2091
f 2203 2132 2197
f 2259 2020 2196
f 2021 2226 2198
f 2094 2227 2230
f 2261 2294 2055
f 2199 2295 2200
f 2029 2458 1999
f 1999 2458 2105
f 2068 1890 2232
f 1890 2030 2232
f 2183 1972 2383
f 2077 1974 2351
f 1974 2277 2351
f 2077 2351 2276
f 1974 2147 2277
f 2276 2353 2206
f 2078 2148 2201
f 2147 2079 2241
f 2115 2201 2208
f 2328 2209 2152
f 2151 2319 2080
f 2319 2246 2080
f 2245 2244 2154
f 2246 2280 2117
f 2280 2212 2040
f 2119 2187 2202
f 2133 2297 2026
f 2202 2187 2247
f 2011 2026 2297
f 2297 2248 2011
f 2213 2247 2187
f 2187 2173 2213
f 2173 2155 2213
f 2044 2248 2156
f 2155 2188 2213
f 2250 2213 2188
f 2307 2189 2122
f 2122 2287 2307
f 2287 2122 2191
f 2157 2083 2252
f 2191 2158 2287
f 2159 2190 2288
f 2159 2288 2083
f 2253 2193 2049
f 2216 2253 2015
f 2102 2127 2309
f 1829 2310 2022
f 2219 2194 2051
f 2222 2195 2027
f 1950 2292 2222
f 2137 2258 1994
f 2341 2224 2092
f 2130 2019 2224
f 2203 2223 2132
f 2168 2260 2199
f 2055 2294 2374
f 2169 2262 2227
f 2099 2318 2262
f 2178 2457 2029
f 2267 2067 2381
f 2141 2323 2142
f 2323 2270 2142
f 2233 2181 2300
f 2234 2300 2181
f 2181 2108 2234
f 2182 2271 2109
f 2234 2108 2143
f 2109 2301 2302
f 2205 2235 2143
f 2235 2205 2183
f 2273 2111 2274
f 2420 2274 2146
f 2146 2242 2420
f 2112 2421 2238
f 2145 2275 2240
f 2421 2112 2239
f 2242 2385 2420
f 2113 2354 2239
f 2206 2357 2207
f 2114 2240 2278
f 2241 2079 2114
f 2278 2241 2114
f 2101 2209 2327
f 2263 2115 2208
f 2263 2210 2115
f 2210 2263 2498
f 2210 2498 2037
f 2037 2360 2116
f 2116 2362 2361
f 2303 2152 2153
f 2153 2244 2303
f 2304 2245 2154
f 2280 2466 2212
f 2212 2363 2185
f 2185 2282 2131
f 2186 2281 2136
f 2305 2281 2186
f 2305 2186 2202
f 2296 2172 2228
f 2296 2297 2133
f 2202 2247 2305
f 2247 2213 2306
f 2213 2250 2306
f 2251 2286 2190
f 2083 2288 2252
f 2214 2171 2290
f 2290 2193 2253
f 2171 2193 2290
f 2014 2215 2397
f 2160 2336 2175
f 2400 2161 2162
f 2400 2162 2102
f 2255 2338 2050
f 2229 2265 2163
f 2312 2164 2339
f 2165 2024 2510
f 2316 2166 2052
f 2137 2221 2258
f 2258 2317 2091
f 2372 2053 2223
f 2447 2223 2203
f 2130 2404 2093
f 2196 2480 2259
f 2226 2293 2198
f 2021 2343 2226
f 2262 2450 2227
f 2295 2318 2200
f 2321 2231 2177
f 2321 2177 2266
f 2065 2267 2266
f 2266 2267 2346
f 2067 2322 2381
f 2068 2232 2268
f 2459 2179 2105
f 2270 2180 2142
f 2180 2271 2182
f 2109 2271 2301
f 2144 2302 2272
f 2144 2272 2236
f 2350 2236 2272
f 2350 2384 2236
f 2236 2384 2237
f 2384 2275 2237
f 2275 2145 2237
f 2275 2278 2240
f 2353 2357 2206
f 2208 2201 2358
f 2328 2327 2209
f 2360 2037 2498
f 2279 2426 2151
f 2426 2319 2151
f 2154 2211 2304
f 2281 2211 2118
f 2281 2118 2136
f 2063 2131 2375
f 2228 2063 2375
f 2305 2247 2330
f 2156 2248 2283
f 2156 2283 2249
f 2283 2284 2249
f 2306 2250 2285
f 2250 2189 2285
f 2249 2284 2251
f 2284 2286 2251
f 2286 2288 2190
f 2157 2252 2519
f 2045 2519 2538
f 2045 2538 2192
f 2158 2335 2287
f 2453 2125 2344
f 2158 2214 2335
f 2125 2396 2215
f 2289 2214 2290
f 2253 2216 2290
f 2014 2397 2368
f 2398 2218 2014
f 2229 2059 2265
f 2440 2174 2312
f 2311 2219 2163
f 2219 2313 2194
f 2088 2339 2164
f 2194 2313 2256
f 2256 2315 2264
f 2264 2315 2370
f 2370 2257 2264
f 2089 2510 2024
f 2195 2378 2129
f 2090 2371 2221
f 2372 2292 2053
f 2513 2203 2197
f 2225 2405 2260
f 2374 2343 2021
f 2261 2094 2230
f 2227 2450 2230
f 2261 2569 2294
f 2573 1811 2298
f 2457 2458 2029
f 2458 2269 2105
f 2269 2459 2105
f 2324 2579 2069
f 2233 2300 2382
f 2301 2416 2302
f 2273 2274 2463
f 2352 2148 2238
f 2148 2352 2355
f 2147 2241 2277
f 2355 2201 2148
f 2201 2355 2358
f 2113 2101 2354
f 2207 2357 2279
f 2242 2170 2359
f 2170 2243 2359
f 2152 2303 2328
f 2363 2212 2466
f 2363 2282 2185
f 2282 2375 2131
f 2330 2247 2306
f 2248 2331 2283
f 2189 2307 2285
f 2287 2335 2307
f 2286 2252 2288
f 2214 2289 2377
f 2290 2435 2289
f 2290 2216 2367
f 2254 2336 2160
f 2336 2476 2175
f 2175 2438 2255
f 2102 2337 2400
f 2174 2440 2310
f 2265 2311 2163
f 2339 2088 2314
f 2313 2315 2256
f 2314 2088 2165
f 2221 2340 2258
f 2341 2091 2317
f 2223 2447 2372
f 2167 2513 2197
f 2225 2259 2514
f 2199 2260 2449
f 2262 2451 2450
f 2199 2483 2295
f 2231 2320 2455
f 2176 2138 2708
f 2231 2321 2320
f 2299 2415 2178
f 2267 2381 2346
f 2068 2268 2322
f 2324 2233 2382
f 2180 2325 2271
f 2302 2416 2272
f 2235 2183 2349
f 2349 2183 2383
f 2383 2273 2463
f 2353 2276 2497
f 2276 2351 2497
f 2277 2241 2386
f 2278 2356 2241
f 2385 2242 2326
f 2499 2243 2361
f 2279 2389 2426
f 2530 2303 2244
f 2244 2245 2530
f 2530 2245 2390
f 2246 2319 2329
f 2246 2329 2280
f 2329 2466 2280
f 2532 2304 2211
f 2427 2211 2281
f 2391 2375 2282
f 2281 2305 2330
f 2228 2375 2296
f 2297 2331 2248
f 2331 2376 2283
f 2306 2285 2332
f 2376 2333 2283
f 2283 2333 2284
f 2333 2406 2284
f 2284 2406 2286
f 2286 2406 2334
f 2286 2334 2252
f 2335 2214 2377
f 2453 2396 2125
f 2377 2289 2366
f 2366 2289 2435
f 2215 2396 2397
f 2506 2218 2398
f 2369 2291 2217
f 2399 2369 2217
f 2218 2436 2254
f 2254 2436 2336
f 2476 2438 2175
f 2255 2438 2338
f 2309 2337 2102
f 2059 2338 2379
f 2059 2379 2265
f 2311 2313 2219
f 2370 2478 2257
f 2220 2444 2316
f 2089 2129 2510
f 2166 2403 2090
f 2445 2195 2222
f 2446 2222 2292
f 2196 2093 2480
f 2513 2373 2203
f 2293 2226 2481
f 2261 2230 2569
f 2483 2199 2449
f 2318 2451 2262
f 2345 2176 2574
f 2345 2574 2456
f 2381 2322 2347
f 2232 2069 2460
f 2547 2579 2324
f 2300 2234 2493
f 2234 2143 2348
f 2143 2235 2348
f 2384 2419 2275
f 2419 2278 2275
f 2421 2550 2238
f 2356 2386 2241
f 2101 2388 2354
f 2388 2101 2327
f 2242 2359 2326
f 2362 2116 2360
f 2426 2529 2319
f 2319 2529 2521
f 2319 2521 2329
f 2390 2245 2304
f 2211 2427 2532
f 2330 2427 2281
f 2296 2393 2297
f 2330 2306 2392
f 2306 2332 2392
f 2394 2333 2376
f 2285 2307 2380
f 2365 2380 2307
f 2335 2365 2307
f 2344 2192 2364
f 2335 2377 2365
f 2290 2367 2435
f 2367 2216 2291
f 2368 2398 2014
f 2399 2217 2308
f 2161 2474 2308
f 2022 2507 2309
f 2310 2507 2022
f 2339 2440 2312
f 2314 2165 2508
f 2165 2510 2508
f 2257 2478 2220
f 2478 2444 2220
f 2510 2129 2402
f 2316 2444 2403
f 2402 2129 2378
f 2166 2316 2403
f 2403 2371 2090
f 2221 2371 2340
f 2567 2292 2372
f 2203 2373 2447
f 2480 2093 2404
f 2480 2514 2259
f 2225 2514 2342
f 2342 2405 2225
f 2343 2481 2226
f 2260 2405 2449
f 2345 2456 2299
f 2457 2575 2458
f 2232 2489 2268
f 2141 2713 2323
f 2141 2179 2713
f 2495 2235 2349
f 2416 2462 2272
f 2272 2462 2350
f 2462 2417 2350
f 2350 2417 2384
f 2356 2525 2386
f 2358 2355 2387
f 2357 2389 2279
f 2388 2327 2424
f 2424 2327 2328
f 2303 2500 2328
f 2375 2534 2296
f 2392 2533 2330
f 2297 2393 2331
f 2331 2428 2376
f 2428 2394 2376
f 2332 2285 2469
f 2394 2410 2333
f 2395 2469 2285
f 2380 2395 2285
f 2333 2410 2406
f 2334 2406 2432
f 2344 2364 2453
f 2365 2377 2409
f 2409 2377 2366
f 2409 2366 2435
f 2597 2218 2506
f 2436 2218 2597
f 2308 2474 2399
f 2161 2400 2474
f 2309 2507 2337
f 2265 2439 2311
f 2441 2313 2311
f 2401 2442 2313
f 2313 2443 2315
f 2313 2442 2443
f 2315 2477 2370
f 2370 2477 2478
f 2378 2195 2511
f 2512 2222 2446
f 2446 2292 2567
f 2293 2542 2167
f 2374 2543 2343
f 2294 2543 2374
f 2672 2451 2318
f 2318 2295 2570
f 2176 2708 2574
f 2178 2415 2457
f 2324 2382 2547
f 2270 2491 2180
f 2461 2301 2271
f 2493 2234 2348
f 2301 2461 2416
f 2494 2348 2235
f 2235 2495 2494
f 2349 2383 2495
f 2385 2464 2420
f 2238 2550 2352
f 2419 2422 2278
f 2385 2326 2464
f 2422 2356 2278
f 2353 2423 2357
f 2425 2361 2362
f 2390 2304 2501
f 2532 2501 2304
f 2391 2534 2375
f 2427 2330 2533
f 2393 2296 2534
f 2393 2535 2331
f 2331 2535 2428
f 2428 2467 2394
f 2394 2467 2412
f 2394 2412 2411
f 2394 2411 2410
f 2410 2411 2413
f 2410 2413 2429
f 2395 2380 2431
f 2429 2430 2406
f 2406 2430 2432
f 2410 2429 2406
f 2380 2365 2485
f 2380 2485 2431
f 2472 2334 2432
f 2485 2365 2452
f 2452 2409 2414
f 2409 2408 2414
f 2407 2414 2408
f 2433 2414 2407
f 2334 2472 2252
f 2409 2452 2365
f 2473 2433 2407
f 2434 2408 2409
f 2407 2408 2434
f 2473 2407 2434
f 2434 2409 2435
f 2436 2437 2336
f 2438 2379 2338
f 2439 2265 2379
f 2311 2439 2606
f 2311 2606 2441
f 2441 2401 2313
f 2315 2443 2477
f 2403 2444 2564
f 2511 2195 2445
f 2222 2512 2445
f 2317 2479 2341
f 2130 2224 2568
f 2404 2668 2480
f 2448 2513 2167
f 2481 2542 2293
f 2294 2569 2543
f 2318 2570 2672
f 2295 2483 2570
f 2456 2415 2299
f 2347 2322 2546
f 2322 2268 2546
f 2579 2460 2069
f 2180 2491 2325
f 2495 2383 2463
f 2463 2274 2418
f 2274 2420 2418
f 2464 2326 2681
f 2326 2359 2681
f 2585 2208 2358
f 2208 2585 2263
f 2527 2243 2499
f 2360 2498 2465
f 2362 2360 2465
f 2425 2499 2361
f 2328 2500 2424
f 2389 2528 2426
f 2390 2501 2531
f 2466 2608 2363
f 2532 2427 2587
f 2363 2488 2282
f 2282 2488 2391
f 2587 2427 2533
f 2534 2618 2393
f 2428 2535 2467
f 2412 2467 2468
f 2412 2468 2411
f 2468 2487 2411
f 2487 2413 2411
f 2429 2413 2487
f 2470 2430 2429
f 2430 2470 2515
f 2414 2454 2452
f 2471 2454 2414
f 2430 2515 2432
f 2518 2471 2414
f 2414 2433 2518
f 2544 2518 2433
f 2432 2515 2472
f 2192 2538 2364
f 2473 2544 2433
f 2396 2453 2558
f 2367 2595 2435
f 2397 2594 2368
f 2594 2522 2368
f 2398 2368 2522
f 2291 2369 2595
f 2595 2367 2291
f 2773 2369 2399
f 2336 2437 2475
f 2476 2336 2475
f 2400 2486 2560
f 2486 2400 2337
f 2339 2540 2440
f 2314 2540 2339
f 2508 2510 2509
f 2478 2564 2444
f 2340 2601 2258
f 2258 2601 2566
f 2258 2479 2317
f 2224 2341 2568
f 2602 2447 2373
f 2167 2542 2448
f 2703 2449 2405
f 2481 2343 2603
f 2569 2230 2482
f 2204 2455 2782
f 2320 2321 2676
f 2266 2676 2321
f 2415 2523 2457
f 2546 2268 2489
f 2458 2576 2269
f 2323 2490 2270
f 2270 2490 2491
f 2547 2382 2492
f 2382 2300 2492
f 2492 2300 2548
f 2300 2493 2548
f 2271 2325 2649
f 2649 2461 2271
f 2461 2524 2416
f 2417 2496 2384
f 2384 2496 2419
f 2464 2584 2420
f 2277 2716 2351
f 2277 2551 2716
f 2423 2353 2497
f 2613 2421 2239
f 2821 2613 2354
f 2354 2613 2239
f 2525 2356 2422
f 2551 2277 2386
f 2551 2386 2525
f 2585 2358 2387
f 2498 2263 2585
f 2527 2359 2243
f 2500 2303 2553
f 2426 2528 2529
f 2553 2303 2530
f 2530 2390 2531
f 2329 2685 2466
f 2466 2685 2608
f 2588 2535 2393
f 2392 2332 2555
f 2535 2502 2467
f 2502 2556 2467
f 2467 2556 2468
f 2589 2332 2469
f 2468 2545 2487
f 2487 2516 2429
f 2395 2431 2571
f 2503 2571 2431
f 2470 2429 2516
f 2516 2515 2470
f 2431 2485 2503
f 2504 2503 2485
f 2452 2504 2485
f 2484 2504 2452
f 2484 2454 2605
f 2454 2484 2452
f 2605 2454 2471
f 2471 2518 2605
f 2519 2592 2538
f 2515 2517 2472
f 2252 2472 2593
f 2252 2593 2519
f 2453 2364 2558
f 2505 2544 2473
f 2558 2539 2396
f 2539 2397 2396
f 2539 2594 2397
f 2595 2693 2435
f 2369 2773 2695
f 2400 2560 2696
f 2476 2475 2438
f 2629 2561 2438
f 2438 2561 2379
f 2561 2563 2379
f 2507 2310 2562
f 2379 2563 2439
f 2562 2310 2440
f 2442 2401 2664
f 2511 2402 2378
f 2403 2633 2371
f 2371 2633 2565
f 2371 2565 2340
f 2565 2601 2340
f 2602 2372 2447
f 2404 2130 2638
f 2668 2640 2480
f 2514 2480 2640
f 2342 2703 2405
f 2343 2543 2603
f 2450 2604 2230
f 2449 2642 2483
f 2451 2672 2645
f 2138 2573 2875
f 2457 2523 2575
f 2575 2576 2458
f 2576 2678 2269
f 2269 2678 2459
f 2489 2232 2711
f 2179 2459 2732
f 2649 2325 2491
f 2494 2495 2650
f 2462 2416 2524
f 2495 2463 2706
f 2706 2463 2418
f 2420 2584 2418
f 2612 2352 2550
f 2355 2352 2612
f 2354 2388 2821
f 2423 2552 2357
f 2357 2552 2389
f 2388 2424 2526
f 2498 2737 2465
f 2655 2528 2389
f 2531 2501 2615
f 2588 2393 2618
f 2589 2555 2332
f 2468 2556 2545
f 2589 2469 2395
f 2487 2590 2516
f 2520 2503 2504
f 2484 2536 2520
f 2536 2484 2537
f 2484 2520 2504
f 2484 2625 2537
f 2605 2625 2484
f 2519 2593 2592
f 2472 2517 2593
f 2434 2435 2693
f 2369 2695 2595
f 2398 2522 2506
f 2436 2597 2559
f 2696 2474 2400
f 2438 2475 2607
f 2438 2607 2629
f 2440 2774 2562
f 2314 2508 2751
f 2443 2600 2477
f 2600 2631 2477
f 2477 2631 2478
f 2631 2665 2478
f 2478 2666 2564
f 2258 2566 2479
f 2568 2341 2479
f 2567 2372 2753
f 2638 2130 2568
f 2730 2373 2513
f 2541 2513 2448
f 2230 2604 2482
f 2451 2670 2450
f 2569 2643 2543
f 2451 2645 2670
f 2204 2782 2298
f 2298 2782 2573
f 2381 2709 2346
f 2381 2347 2709
f 2709 2347 2546
f 2323 2713 2578
f 2578 2490 2323
f 2461 2649 2549
f 2494 2493 2348
f 2461 2549 2524
f 2494 2650 2679
f 2524 2582 2462
f 2582 2583 2462
f 2462 2583 2417
f 2497 2351 2652
f 2821 2388 2653
f 2681 2359 2614
f 2552 2655 2389
f 2359 2527 2614
f 2498 2585 2737
f 2528 2586 2529
f 2656 2615 2501
f 2501 2532 2656
f 2587 2656 2532
f 2391 2687 2534
f 2533 2392 2554
f 2395 2623 2589
f 2395 2571 2623
f 2545 2590 2487
f 2557 2503 2520
f 2520 2536 2557
f 2557 2536 2591
f 2591 2536 2537
f 2690 2516 2590
f 2515 2516 2690
f 2625 2605 2721
f 2660 2515 2690
f 2518 2626 2605
f 2517 2515 2660
f 2538 2592 2627
f 2364 2538 2627
f 2626 2544 2646
f 2626 2518 2544
f 2364 2691 2558
f 2505 2628 2646
f 2544 2505 2646
f 2434 2693 2628
f 2628 2473 2434
f 2505 2473 2628
f 2522 2594 2596
f 2596 2506 2522
f 2506 2596 2661
f 2399 2474 2696
f 2598 2436 2559
f 2598 2437 2436
f 2647 2664 2401
f 2664 2443 2442
f 2600 2443 2664
f 2665 2666 2478
f 2403 2632 2633
f 2636 2512 2446
f 2372 2602 2753
f 2513 2541 2730
f 2543 2643 2603
f 2138 2875 2708
f 2456 2574 2677
f 2456 2677 2415
f 2266 2346 2809
f 2460 2711 2232
f 2179 2577 2713
f 2179 2732 2577
f 2548 2493 2581
f 2493 2494 2581
f 2650 2495 2706
f 2417 2583 2496
f 2351 2716 2848
f 2351 2848 2652
f 2786 2423 2497
f 2422 2610 2525
f 2790 2526 2424
f 2655 2853 2528
f 2553 2530 2683
f 2586 2521 2529
f 2586 2684 2521
f 2530 2531 2683
f 2363 2608 2718
f 2363 2718 2488
f 2391 2488 2687
f 2534 2687 2617
f 2619 2554 2392
f 2392 2555 2619
f 2588 2502 2535
f 2502 2620 2556
f 2556 2620 2621
f 2555 2589 2622
f 2556 2621 2545
f 2503 2624 2571
f 2557 2624 2503
f 2624 2557 2591
f 2517 2660 2593
f 2592 2593 2722
f 2506 2661 2597
f 2437 2598 2675
f 2697 2696 2560
f 2437 2675 2475
f 2337 2630 2486
f 2507 2630 2337
f 2561 2663 2563
f 2507 2562 2599
f 2563 2606 2439
f 2440 2540 2774
f 2647 2401 2441
f 2540 2314 2803
f 2509 2510 2776
f 2510 2402 2776
f 2666 2632 2564
f 2564 2632 2403
f 2565 2633 2701
f 2565 2701 2601
f 2566 2601 2635
f 2566 2635 2702
f 2638 2668 2404
f 2542 2541 2448
f 2514 2938 2342
f 2481 2641 2542
f 2481 2603 2641
f 2450 2670 2604
f 2573 2782 2572
f 2266 2809 2676
f 2677 2523 2415
f 2346 2709 2809
f 2523 2756 2575
f 2575 2756 2576
f 2579 2547 2580
f 2580 2547 2492
f 2490 2609 2491
f 2649 2491 2609
f 2549 2582 2524
f 2582 2673 2583
f 2418 2584 2651
f 2496 2610 2419
f 2464 2611 2584
f 2419 2610 2422
f 2497 2652 2786
f 2421 2613 2886
f 2421 2886 2550
f 2464 2681 2611
f 2355 2612 2734
f 2355 2734 2387
f 2388 2526 2653
f 2387 2788 2585
f 2790 2424 2824
f 2424 2500 2824
f 2824 2500 2553
f 2329 2684 2685
f 2615 2656 2686
f 2587 2533 2616
f 2533 2554 2616
f 2618 2534 2617
f 2657 2622 2589
f 2657 2589 2623
f 2545 2621 2658
f 2545 2658 2590
f 2623 2571 2688
f 2571 2624 2688
f 2690 2590 2658
f 2796 2591 2537
f 2797 2796 2537
f 2537 2625 2797
f 2605 2659 2721
f 2605 2626 2659
f 2558 2691 2539
f 2539 2692 2594
f 2694 2594 2692
f 2594 2694 2596
f 2661 2662 2597
f 2475 2675 2607
f 2630 2837 2486
f 2561 2749 2663
f 2599 2630 2507
f 2663 2606 2563
f 2314 2751 2803
f 2508 2509 2700
f 2601 2701 2667
f 2667 2634 2601
f 2634 2635 2601
f 2566 2702 2479
f 2479 2702 2637
f 2636 2446 2567
f 2479 2777 2568
f 2639 2602 2373
f 2669 2541 2542
f 2569 2644 2643
f 2569 2482 2644
f 2483 2671 2570
f 2546 2489 2811
f 2579 2712 2460
f 2578 2713 2757
f 2490 2578 2715
f 2580 2492 2648
f 2581 2494 2679
f 2423 2717 2552
f 2788 2682 2585
f 2654 2655 2552
f 2585 2682 2737
f 2521 2684 2329
f 2656 2587 2739
f 2687 2488 2718
f 2588 2618 2719
f 2502 2588 2795
f 2620 2502 2795
f 2689 2624 2591
f 2591 2796 2689
f 2660 2798 2593
f 2592 2722 2858
f 2627 2592 2858
f 2364 2627 2691
f 2771 2626 2646
f 2539 2691 2692
f 2693 2595 2744
f 2597 2662 2723
f 2723 2559 2597
f 2559 2723 2598
f 2598 2724 2675
f 2675 2725 2607
f 2725 2698 2607
f 2486 2837 2560
f 2607 2749 2629
f 2629 2749 2561
f 2647 2699 2664
f 2751 2508 2700
f 2402 2511 2776
f 2634 2702 2635
f 2907 2753 2602
f 2342 2938 2754
f 2603 2870 2641
f 2449 2704 2642
f 2672 2841 2645
f 2483 2642 2671
f 2573 2572 2875
f 2676 2731 2320
f 2756 2784 2576
f 2710 2678 2576
f 2678 2812 2459
f 2712 2711 2460
f 2812 2732 2459
f 2580 2714 2579
f 2715 2578 2757
f 2715 2609 2490
f 2648 2492 2548
f 2609 2758 2649
f 2760 2649 2758
f 2549 2649 2582
f 2679 2650 2733
f 2733 2650 2816
f 2582 2761 2673
f 2816 2650 2762
f 2650 2706 2762
f 2583 2680 2496
f 2496 2680 2610
f 2651 2584 2611
f 2611 2681 2764
f 2821 2653 2851
f 2387 2734 2788
f 2362 2465 2425
f 2686 2531 2615
f 2686 2656 2739
f 2739 2587 2616
f 2616 2554 2619
f 2828 2719 2618
f 2719 2795 2588
f 2795 2740 2620
f 2794 2555 2622
f 2688 2657 2623
f 2660 2690 2769
f 2660 2769 2798
f 2722 2593 2798
f 2771 2646 2674
f 2646 2628 2674
f 2772 2674 2628
f 2694 2692 2743
f 2661 2596 2694
f 2560 2748 2697
f 2560 2837 2748
f 2607 2698 2749
f 2663 2727 2606
f 2727 2441 2606
f 2750 2699 2647
f 2865 2664 2699
f 2600 2664 2865
f 2865 2631 2600
f 2865 2804 2631
f 2804 2665 2631
f 2665 2804 2728
f 2728 2666 2665
f 2752 2666 2728
f 2509 2776 2775
f 2666 2752 2632
f 2632 2805 2633
f 2633 2805 2755
f 2633 2755 2701
f 2511 2445 2839
f 2701 2705 2667
f 2702 2634 2667
f 2512 2636 2868
f 2479 2637 2777
f 2373 2730 2639
f 2640 2938 2514
f 2542 2641 2669
f 2342 2754 2703
f 2449 2703 2704
f 2482 2604 2644
f 2570 2807 2672
f 2455 2320 2782
f 2782 2842 2572
f 2576 2784 2710
f 2489 2711 2811
f 2579 2714 2712
f 2758 2609 2715
f 2759 2548 2581
f 2582 2649 2760
f 2613 2888 2886
f 2886 2612 2550
f 2763 2818 2611
f 2888 2613 2821
f 2611 2764 2763
f 2764 2681 2735
f 2681 2614 2735
f 2552 2717 2654
f 2823 2614 2527
f 2527 2789 2823
f 2527 2499 2789
f 2765 2655 2654
f 2465 2737 3021
f 2738 2499 2425
f 2924 2586 2528
f 2617 2828 2618
f 2794 2619 2555
f 2620 2740 2621
f 2621 2767 2658
f 2657 2688 2768
f 2624 2768 2688
f 2720 2658 2767
f 2658 2720 2690
f 2625 2721 2797
f 2771 2659 2626
f 2691 2627 2742
f 2692 2691 2897
f 2628 2693 2772
f 2692 2897 2743
f 2694 2743 2859
f 2745 2661 2694
f 2662 2661 2745
f 2399 2746 2773
f 2863 2696 2697
f 2724 2835 2675
f 2675 2835 2725
f 2749 2726 2663
f 2727 2647 2441
f 2727 2750 2647
f 2700 2509 2775
f 2632 2903 2805
f 2839 2445 2868
f 2755 2707 2701
f 2868 2445 2512
f 2701 2707 2705
f 2702 2667 2729
f 2702 2729 2637
f 3041 2638 2568
f 2638 3041 2990
f 2703 2754 2992
f 2603 2643 2909
f 2604 2670 2963
f 2604 2963 2644
f 2672 2807 2841
f 2570 2671 2872
f 2843 2677 2574
f 2677 2783 2523
f 2783 2756 2523
f 2715 2757 2780
f 2758 2715 2780
f 2548 2759 2648
f 2760 2758 2815
f 2581 2679 2733
f 2582 2760 2761
f 2673 2680 2583
f 2706 2418 2651
f 2716 2551 2885
f 2887 2612 2886
f 2734 2612 2887
f 2610 2787 2525
f 2423 2786 2717
f 2653 2526 2736
f 2823 2735 2614
f 2738 2789 2499
f 2952 2528 2853
f 2553 2683 2824
f 2531 2825 2683
f 2826 2531 2686
f 2608 2778 2718
f 2616 2619 2792
f 2795 2719 2793
f 2767 2621 2740
f 2624 2689 2741
f 2721 2659 2797
f 2720 2769 2690
f 2858 2722 2770
f 2897 2691 2742
f 2693 2744 2772
f 2957 2595 2695
f 2723 2662 2745
f 2746 2399 2696
f 2598 2723 2833
f 2833 2799 2598
f 2724 2598 2799
f 2747 2697 2748
f 2749 2838 2726
f 2663 2726 2727
f 2752 2902 2632
f 2632 2902 2903
f 2776 2511 2989
f 2667 2705 2729
f 2905 2568 2777
f 2567 2753 2906
f 2906 2753 2907
f 2669 2840 2541
f 2703 2992 2704
f 2603 2909 2870
f 2645 2841 2670
f 2642 2704 2671
f 2570 2872 2807
f 2782 2320 2914
f 2574 2708 2843
f 2709 2546 2810
f 2546 2811 2810
f 2811 2711 2918
f 2710 2812 2678
f 2713 2944 2757
f 2577 2944 2713
f 2757 2813 2780
f 2761 2808 2673
f 2680 2673 2808
f 2762 2706 2651
f 2847 2610 2680
f 2651 2611 2818
f 2716 2885 2848
f 2551 2819 2885
f 2610 2850 2787
f 2551 2820 2819
f 2525 2787 2820
f 2820 2551 2525
f 2526 2790 2736
f 2655 2765 2853
f 2683 2825 2824
f 2825 2531 2826
f 2925 2827 2684
f 2684 2827 2685
f 2608 2685 2827
f 2739 2616 2792
f 2718 2617 2687
f 2740 2795 2854
f 2657 2768 2766
f 2624 2741 2768
f 2627 2895 2742
f 2674 2779 2771
f 2779 2674 2772
f 2694 2859 2745
f 2723 2745 2833
f 2862 2746 2696
f 2697 2747 2863
f 2835 2724 2799
f 2725 2835 2800
f 2748 2837 2747
f 2725 2836 2698
f 2904 2705 2707
f 2705 2904 2729
f 2869 2868 2636
f 2637 2729 2777
f 2869 2636 2567
f 2869 2567 2906
f 2639 2907 2602
f 2638 2990 2806
f 2638 2806 2668
f 2936 2639 2730
f 2908 2640 2668
f 2908 2938 2640
f 2541 2937 2730
f 2641 2870 2993
f 2643 2939 2909
f 2643 2871 2939
f 2644 2871 2643
f 2912 2572 2842
f 2677 2843 2876
f 2677 2876 2783
f 2918 2711 2878
f 2712 2878 2711
f 2757 2944 2813
f 2732 2812 2577
f 2880 2714 2580
f 2880 2580 2785
f 2580 2648 2785
f 2780 2910 2758
f 2910 2815 2758
f 2648 2759 2785
f 2733 2759 2581
f 2761 2760 2845
f 2808 2761 2845
f 2847 2680 2781
f 2610 2847 2850
f 2653 2736 2851
f 2822 2788 2734
f 2717 2852 2654
f 2528 2952 2924
f 2686 2739 3024
f 2791 2739 2953
f 2739 2792 2953
f 2792 2619 2954
f 2617 2892 2828
f 2619 2794 2954
f 2829 2622 2657
f 2767 2830 2720
f 2894 2797 2659
f 2771 2779 2659
f 2627 2858 2895
f 2831 2772 2744
f 2595 2957 2744
f 2695 2832 2957
f 2773 2861 2832
f 2832 2695 2773
f 2773 2746 2861
f 2745 2860 2833
f 2863 2862 2696
f 2800 2836 2725
f 2698 2801 2749
f 2630 2599 2900
f 2562 2774 2986
f 2540 2803 2987
f 2803 2751 2961
f 2960 2865 2699
f 2751 2700 2961
f 2804 2933 2728
f 2700 2775 2867
f 2933 2901 2728
f 2728 2901 2752
f 2901 2902 2752
f 2806 2908 2668
f 2937 2936 2730
f 2782 2914 2842
f 2676 2809 2915
f 2809 2709 2877
f 2709 2810 2877
f 2780 2813 2844
f 2944 2577 2814
f 2910 2780 2844
f 2760 2815 2845
f 2816 2762 2947
f 2808 2846 2680
f 2680 2846 2781
f 2884 2947 2762
f 2762 2651 2884
f 2817 2884 2651
f 2817 2651 2818
f 2818 2763 2849
f 2652 2848 2786
f 3203 2822 2734
f 2822 2890 2788
f 2682 2788 2890
f 3021 2737 2682
f 2654 2889 2765
f 2425 2465 3206
f 2425 3206 2738
f 2923 2790 2951
f 2824 2951 2790
f 2925 2684 2586
f 3024 2739 2791
f 2827 2778 2608
f 2795 2793 2854
f 2829 2794 2622
f 2854 2855 2740
f 2657 2766 2829
f 2767 2740 2855
f 2779 2894 2659
f 2722 2798 2984
f 2722 2984 2770
f 2772 2831 2779
f 2927 2743 2897
f 3070 2744 2957
f 2743 2927 2859
f 2745 2859 2860
f 2833 2834 2799
f 2836 2801 2698
f 2749 2801 2838
f 2900 2837 2630
f 2838 2899 2726
f 2599 2562 2900
f 2726 2802 2727
f 2986 2774 2959
f 2774 2540 2959
f 3038 2750 2727
f 2750 3076 2699
f 2699 3076 2960
f 2804 2865 2866
f 2866 2933 2804
f 2989 2511 2839
f 2905 3041 2568
f 2840 2937 2541
f 2875 2572 2912
f 2731 2914 2320
f 2676 2915 2731
f 2874 2756 2783
f 2756 2874 2784
f 2810 2811 2916
f 2784 2917 2710
f 2811 2918 2916
f 2710 2917 2812
f 2911 2577 2812
f 2813 2920 2844
f 2759 2733 2881
f 2733 2816 2882
f 2882 2816 2883
f 2816 2947 2883
f 2808 2945 2846
f 2817 2818 2849
f 2820 2787 2977
f 2821 2851 3280
f 2763 2764 2849
f 2654 2852 2889
f 2923 2736 2790
f 3021 3206 2465
f 2825 2951 2824
f 2826 2686 3024
f 2718 2778 2926
f 2718 2892 2617
f 2926 2892 2718
f 2793 2719 3062
f 2794 3026 2954
f 2893 2768 2741
f 2767 2855 2830
f 2830 2856 2720
f 2720 2856 2769
f 2858 2770 2857
f 2742 2895 2896
f 2897 2742 2896
f 3070 2831 2744
f 2746 2862 2861
f 2833 2860 2930
f 2833 2930 2834
f 2799 2834 2931
f 2747 2864 2863
f 2835 2799 2931
f 2747 2837 2864
f 2837 2958 2864
f 2836 2800 2985
f 2958 2837 2900
f 2899 3036 2726
f 2900 2562 2986
f 3036 2802 2726
f 2700 2867 2961
f 2775 2776 3221
f 2776 2989 3221
f 2904 2707 2934
f 2729 2904 2777
f 2991 2938 2908
f 2938 3043 2754
f 2875 2942 2708
f 2915 2809 2877
f 2810 2916 2973
f 2874 2917 2784
f 2714 2879 2712
f 2920 2873 2844
f 2759 2998 2785
f 2945 2815 2910
f 2815 2945 2845
f 2881 2733 2882
f 2846 2945 2948
f 2846 2976 2781
f 2921 2850 2847
f 2734 2887 3018
f 3018 3203 2734
f 2819 2820 2977
f 2950 2764 2735
f 2682 2890 3021
f 2765 3208 2853
f 2586 3109 2925
f 2778 2827 2980
f 2953 2792 2891
f 2719 2828 3062
f 2955 2854 2793
f 2829 3026 2794
f 3063 2854 2955
f 2854 3063 2855
f 2796 3064 2689
f 2797 2894 2956
f 2984 2769 2856
f 2798 2769 2984
f 2858 3028 2895
f 3067 2779 2831
f 2859 2898 2860
f 2835 2931 2800
f 2931 2985 2800
f 3074 2836 2985
f 3074 2801 2836
f 2986 3035 2900
f 2959 2540 2987
f 2802 3038 2727
f 2865 2960 2988
f 2865 2988 2866
f 2903 2962 2805
f 3164 2868 2869
f 2669 2641 3044
f 2754 3224 2992
f 3225 2704 2992
f 2870 2909 3165
f 2841 3124 2670
f 2875 2912 2913
f 2875 2913 2942
f 2843 2708 2942
f 2915 2914 2731
f 2916 2918 2974
f 2917 2919 2812
f 2878 3010 2918
f 2919 2911 2812
f 3012 2879 2714
f 2577 2911 2814
f 2714 2880 3012
f 2880 3013 3012
f 2920 2940 2873
f 3013 2880 2941
f 2880 2785 2941
f 2844 2873 2968
f 2844 2968 2910
f 2759 2881 2998
f 2910 2968 2945
f 2845 2945 2808
f 2781 2921 2847
f 2848 2885 2922
f 2922 2786 2848
f 2787 2850 2977
f 2786 2971 2717
f 2849 2764 3020
f 2852 2717 2971
f 3061 2735 2823
f 2823 2789 3061
f 2825 3022 2951
f 2924 3109 2586
f 2826 2978 2825
f 2925 3023 2827
f 3023 3110 2827
f 2979 3184 2791
f 2791 2953 2979
f 3153 2926 2778
f 2892 3112 2828
f 2855 2982 2830
f 2689 3064 2741
f 2796 2956 3064
f 2956 2796 2797
f 2830 2982 2856
f 2858 2857 3028
f 2897 2896 2927
f 2859 2927 2898
f 2832 2928 2957
f 2860 2898 2929
f 2860 2929 2930
f 2931 2834 2970
f 2932 2801 3074
f 2838 2801 2932
f 2838 2932 2899
f 2803 3263 2987
f 2750 3038 3076
f 2902 3039 2903
f 2805 2934 2755
f 2707 2755 2934
f 2904 2905 2777
f 2869 2906 2935
f 2936 2937 3042
f 2670 3124 2963
f 2872 3266 2807
f 2912 2842 3006
f 2912 3006 2913
f 2843 2942 2994
f 2994 2876 2843
f 2967 2876 2994
f 2915 2877 2943
f 2967 2783 2876
f 2967 2999 2783
f 2874 2783 2999
f 2877 2810 2973
f 2874 3009 2917
f 2919 2917 2995
f 2712 3010 2878
f 2712 2879 3010
f 2920 2975 2940
f 2920 2944 2975
f 2813 2944 2920
f 2940 2965 2873
f 2941 2785 3000
f 2968 2873 2965
f 2785 2998 3000
f 2968 3051 2945
f 2881 2882 2998
f 2948 2945 2946
f 2976 2846 2948
f 2884 2817 3015
f 3104 2817 2849
f 2885 2819 2949
f 2819 3017 2949
f 2922 2885 2949
f 2886 2888 3151
f 2886 3151 2887
f 3059 2850 2921
f 2786 2922 2971
f 3202 2888 2821
f 2850 3059 2977
f 2821 3280 3202
f 2849 3020 3104
f 2950 3020 2764
f 2852 3106 2889
f 2789 2738 3383
f 2853 3208 2952
f 2978 3022 2825
f 2978 2826 3024
f 3024 2791 3184
f 2891 2792 3154
f 2792 2954 3154
f 2793 3062 2981
f 2741 3064 2893
f 2894 2779 3066
f 3066 2779 3067
f 3070 2957 3158
f 2832 2861 3073
f 2832 3073 2928
f 2862 3117 2861
f 2862 2863 3117
f 2834 2930 2970
f 3032 3117 2863
f 2864 3032 2863
f 2931 3033 2985
f 2864 2958 3032
f 2900 3035 2958
f 3036 3037 2802
f 2988 3331 2866
f 2901 3123 2902
f 3039 2962 2903
f 2962 2934 2805
f 3041 2905 3222
f 2639 3223 2907
f 2639 2936 3223
f 2669 3044 2840
f 2641 2993 3044
f 2964 2644 2963
f 2704 3045 2671
f 2807 3266 2841
f 2872 2671 3446
f 3006 2842 2972
f 2842 2914 2972
f 2914 3007 2972
f 2942 2913 3052
f 2994 2942 3052
f 2915 3007 2914
f 2915 2943 3007
f 3009 2874 2999
f 2973 2916 3081
f 2916 2974 3081
f 2995 2917 3009
f 2918 3010 2974
f 2919 2997 2911
f 2944 3055 2975
f 2944 2814 2911
f 2940 2975 2965
f 3013 2941 3005
f 2968 2965 2969
f 3000 3005 2941
f 2968 2969 2966
f 2968 2966 3047
f 2946 2945 3051
f 2882 2883 3049
f 2883 2947 3049
f 2947 2884 3049
f 3049 2884 3015
f 2921 2781 2976
f 2977 3017 2819
f 3061 2950 2735
f 2736 2923 3107
f 3021 2890 3426
f 2951 3022 3207
f 3110 2980 2827
f 2980 3153 2778
f 2979 2953 3025
f 3025 2953 2891
f 3111 3112 2892
f 3112 3062 2828
f 3026 3154 2954
f 2793 2981 3113
f 2793 3113 2955
f 2766 3155 2829
f 2768 3155 2766
f 3258 3155 2768
f 2982 3027 2856
f 2956 2894 2983
f 2894 3066 2983
f 2770 2984 3526
f 3029 2895 3028
f 2896 2895 3029
f 2927 2896 3071
f 2927 3071 2898
f 3072 2929 2898
f 2861 3117 3073
f 2930 2929 3030
f 2931 2970 3033
f 3037 3038 2802
f 2803 2961 3263
f 2866 3121 2933
f 2867 2775 3162
f 3121 3123 2933
f 2933 3123 2901
f 3123 3039 2902
f 2989 2839 3442
f 2839 2868 3442
f 3442 2868 3164
f 2934 3294 2904
f 3294 2905 2904
f 3295 2806 2990
f 2754 3043 3224
f 2909 2939 3077
f 2963 3124 2964
f 2994 3052 3083
f 2967 2994 3083
f 2999 2967 3008
f 2995 3088 2919
f 2919 3088 2997
f 2997 3080 2911
f 3004 2975 3011
f 2911 3080 2944
f 3012 3085 2879
f 3003 2965 3004
f 2975 3004 2965
f 2969 3003 3048
f 2965 3003 2969
f 2969 3048 2966
f 3002 3047 2966
f 2996 3000 2998
f 2968 3047 3051
f 2998 2882 2996
f 3086 2996 2882
f 3049 3086 2882
f 2946 3001 2948
f 3014 2948 3001
f 2948 3014 2976
f 3016 2921 2976
f 3015 2817 3150
f 2817 3104 3150
f 3058 3059 3016
f 3059 2921 3016
f 2888 3202 3151
f 3019 2971 2922
f 3280 2851 3424
f 2851 2736 3107
f 2971 3106 2852
f 2890 2822 3251
f 3109 3023 2925
f 3184 2979 3210
f 2926 3153 3111
f 2926 3111 2892
f 2768 2893 3258
f 2855 3063 2982
f 3027 2984 2856
f 3028 3157 3029
f 2896 3029 3069
f 2831 3070 3116
f 3071 2896 3069
f 2957 3159 3158
f 2957 2928 3159
f 2930 3030 3031
f 2930 3031 2970
f 2985 3033 3079
f 2985 3079 3074
f 2958 3034 3032
f 3119 3034 2958
f 2899 2932 3217
f 2958 3035 3119
f 3438 3076 3038
f 2960 3076 3161
f 2960 3161 2988
f 3121 2866 3331
f 3162 2775 3221
f 3294 3222 2905
f 2935 2906 2907
f 2907 3223 3360
f 2991 2908 3296
f 2937 3265 3042
f 2871 3046 2939
f 2644 3299 2871
f 2644 2964 3299
f 2841 3125 3124
f 2872 3446 3266
f 3006 2972 3092
f 3092 3050 3006
f 3006 3050 2913
f 2972 3007 3127
f 3052 2913 3050
f 3007 2943 3053
f 3127 3007 3053
f 3054 3053 2943
f 2943 2877 3054
f 2877 2973 3054
f 3008 3087 2999
f 2999 3087 3009
f 3081 3054 2973
f 3009 3088 2995
f 3087 3088 3009
f 2997 3088 3080
f 2974 3010 3096
f 3097 3004 3011
f 3011 2975 3055
f 3055 2944 3080
f 3013 3056 3012
f 3091 3003 3097
f 3004 3097 3003
f 3013 3005 3056
f 3056 3005 3149
f 3149 3005 3126
f 3126 3005 3000
f 3126 3000 3082
f 2966 3048 3089
f 3089 3002 2966
f 3047 3002 3132
f 3051 3001 2946
f 3001 3143 3014
f 3049 3015 3078
f 3101 2976 3014
f 3141 2976 3101
f 3141 3016 2976
f 3058 3016 3141
f 2887 3151 3420
f 3060 2887 3420
f 3057 2977 3059
f 3017 2977 3057
f 3018 2887 3060
f 2851 3107 3424
f 3020 2950 3282
f 3061 3204 2950
f 2951 3348 2923
f 2951 3207 3348
f 3208 3474 2952
f 3109 3253 3023
f 3112 3257 3062
f 3063 2955 3113
f 2829 3155 3388
f 3063 3065 2982
f 2982 3065 3027
f 2983 3115 2956
f 3157 3028 2857
f 3116 3067 2831
f 3029 3068 3069
f 3327 2928 3073
f 3217 3262 2899
f 2899 3262 3036
f 3262 3075 3036
f 3035 2986 3119
f 3119 2986 3120
f 3036 3075 3037
f 3037 3219 3038
f 2959 2987 3160
f 3038 3219 3438
f 2962 3163 2934
f 3164 2869 3040
f 2869 2935 3040
f 3360 2935 2907
f 3485 2990 3041
f 3361 2990 3485
f 2936 3042 3223
f 3296 2908 2806
f 3265 2937 2840
f 2992 3224 3225
f 3165 2993 2870
f 2871 3299 3046
f 2841 3266 3125
f 2671 3045 3446
f 3127 3093 2972
f 3092 2972 3093
f 3052 3050 3175
f 3175 3084 3052
f 3084 3083 3052
f 3083 3138 2967
f 2967 3138 3008
f 3087 3008 3138
f 3081 3131 3054
f 3135 3131 3081
f 3088 3140 3094
f 3095 3135 3081
f 2974 3095 3081
f 3096 3095 2974
f 3088 3094 3080
f 3080 3094 3177
f 2879 3085 3010
f 3097 3011 3099
f 3098 3055 3177
f 3080 3177 3055
f 3012 3148 3085
f 3056 3148 3012
f 3147 3003 3091
f 3055 3099 3011
f 3055 3098 3099
f 3100 3003 3147
f 3100 3128 3003
f 3048 3003 3089
f 3089 3003 3128
f 3000 2996 3082
f 3134 2996 3086
f 3051 3047 3090
f 3051 3090 3001
f 3049 3129 3086
f 3049 3078 3129
f 3014 3143 3101
f 3150 3078 3015
f 3058 3139 3059
f 3059 3139 3057
f 3017 3057 3102
f 2949 3017 3102
f 2949 3102 2922
f 3019 2922 3102
f 3251 2822 3203
f 3020 3105 3104
f 3019 3321 2971
f 3020 3282 3105
f 2971 3321 3106
f 3322 2890 3251
f 3426 2890 3322
f 3061 3284 3204
f 3108 2889 3106
f 3284 3061 2789
f 3024 3184 2978
f 3062 3257 3387
f 3285 2981 3062
f 3285 3113 2981
f 2829 3114 3026
f 3113 3325 3063
f 3064 3156 2893
f 2956 3115 3064
f 3259 2983 3066
f 2984 3353 3526
f 2898 3071 3213
f 3072 2898 3213
f 3073 3289 3327
f 3214 3030 2929
f 2970 3031 3144
f 3118 3117 3032
f 2970 3144 3033
f 3216 3118 3032
f 3079 3033 3215
f 3034 3292 3216
f 3034 3216 3032
f 3037 3075 3219
f 2986 2959 3120
f 3160 2987 3263
f 3263 2961 3220
f 2961 2867 3220
f 3039 3483 2962
f 2991 3043 2938
f 3044 3444 2840
f 2993 3362 3044
f 3224 3297 3225
f 3362 2993 3165
f 2704 3225 3045
f 2909 3077 3165
f 3166 3092 3093
f 3092 3166 3050
f 3166 3175 3050
f 3053 3172 3127
f 3093 3127 3172
f 3083 3084 3174
f 3145 3083 3174
f 3053 3054 3182
f 3182 3172 3053
f 3083 3145 3138
f 3054 3131 3182
f 3140 3138 3145
f 3138 3140 3087
f 3135 3182 3131
f 3087 3140 3088
f 3173 3182 3135
f 3140 3181 3094
f 3181 3170 3094
f 3171 3173 3135
f 3095 3171 3135
f 3094 3170 3142
f 3094 3142 3177
f 3176 3096 3010
f 3176 3010 3085
f 3097 3146 3091
f 3146 3097 3099
f 3146 3099 3177
f 3099 3098 3177
f 3148 3056 3149
f 3126 3137 3149
f 3128 3137 3126
f 3100 3137 3128
f 3126 3082 3130
f 3128 3126 3130
f 3128 3130 3133
f 3089 3128 3133
f 3089 3133 3136
f 3136 3002 3089
f 3136 3133 3179
f 3136 3132 3002
f 3168 3082 2996
f 3130 3082 3168
f 3047 3132 3227
f 3168 2996 3134
f 3047 3227 3090
f 3090 3195 3001
f 3086 3129 3134
f 3001 3195 3187
f 3001 3187 3143
f 3143 3249 3101
f 3150 3200 3078
f 3102 3057 3139
f 3103 3019 3102
f 3019 3103 3250
f 3104 3105 3241
f 3282 2950 3204
f 2952 3152 2924
f 2924 3152 3109
f 3023 3209 3110
f 3111 3256 3112
f 3154 3026 3114
f 3285 3062 3387
f 3114 2829 3388
f 3064 3115 3156
f 3065 3286 3027
f 3259 3115 2983
f 2984 3027 3353
f 3259 3066 3067
f 3069 3068 3287
f 3070 3158 3116
f 3287 3071 3069
f 3183 3071 3287
f 3072 3214 2929
f 3117 3290 3073
f 3030 3214 3389
f 3030 3389 3031
f 3033 3144 3215
f 3034 3119 3292
f 3162 3221 3122
f 2990 3361 3295
f 3295 3296 2806
f 2939 3046 3077
f 3166 3093 3196
f 3196 3093 3172
f 3233 3175 3166
f 3233 3166 3242
f 3175 3233 3174
f 3084 3175 3174
f 3191 3172 3182
f 3145 3174 3229
f 3145 3229 3181
f 3140 3145 3181
f 3181 3229 3186
f 3191 3182 3173
f 3194 3167 3193
f 3190 3191 3173
f 3186 3193 3170
f 3181 3186 3170
f 3194 3226 3185
f 3194 3185 3169
f 3167 3194 3169
f 3169 3185 3244
f 3193 3167 3169
f 3170 3193 3180
f 3169 3244 3188
f 3193 3169 3180
f 3190 3173 3171
f 3170 3180 3142
f 3169 3188 3189
f 3142 3180 3178
f 3180 3169 3198
f 3178 3180 3198
f 3198 3169 3189
f 3171 3095 3176
f 3142 3178 3177
f 3177 3178 3192
f 3096 3176 3095
f 3085 3247 3176
f 3091 3199 3246
f 3146 3199 3091
f 3199 3146 3192
f 3177 3192 3146
f 3148 3247 3085
f 3091 3246 3147
f 3147 3246 3277
f 3149 3248 3148
f 3100 3147 3277
f 3149 3137 3248
f 3279 3137 3100
f 3130 3168 3133
f 3133 3168 3243
f 3179 3133 3243
f 3132 3136 3227
f 3227 3136 3236
f 3134 3238 3168
f 3090 3227 3195
f 3134 3129 3197
f 3197 3129 3078
f 3143 3187 3249
f 3319 3141 3101
f 3058 3141 3139
f 3102 3139 3201
f 3102 3201 3228
f 3241 3200 3150
f 3103 3102 3228
f 3104 3241 3150
f 3107 2923 3593
f 3206 3021 3347
f 2738 3206 3205
f 2738 3205 3383
f 2923 3348 3593
f 3207 3022 3252
f 3253 3209 3023
f 3209 3349 3110
f 3110 3324 2980
f 2979 3025 3524
f 3025 2891 3255
f 3255 2891 3154
f 3429 3113 3285
f 2893 3156 3258
f 3325 3065 3063
f 3067 3211 3259
f 2770 3526 2857
f 3029 3157 3212
f 3211 3067 3116
f 3068 3029 3212
f 3071 3183 3213
f 3072 3213 3214
f 3118 3290 3117
f 3079 3334 3074
f 2932 3074 3334
f 3119 3218 3292
f 3293 3218 3119
f 3120 3293 3119
f 3120 2959 3357
f 2959 3160 3357
f 3438 3482 3076
f 3533 3121 3331
f 3121 3271 3123
f 3123 3271 3039
f 3442 3164 3392
f 2934 3163 3294
f 3163 3264 3294
f 3164 3040 3392
f 3485 3041 3222
f 3298 3045 3225
f 3446 3045 3332
f 3196 3242 3166
f 3196 3172 3191
f 3233 3242 3231
f 3196 3191 3237
f 3242 3196 3237
f 3174 3233 3231
f 3232 3242 3237
f 3231 3242 3232
f 3174 3231 3229
f 3229 3231 3232
f 3229 3232 3186
f 3237 3191 3190
f 3232 3237 3194
f 3194 3237 3226
f 3226 3237 3190
f 3193 3232 3194
f 3186 3232 3193
f 3226 3190 3234
f 3185 3226 3234
f 3234 3190 3270
f 3269 3185 3234
f 3269 3244 3185
f 3270 3190 3273
f 3188 3244 3272
f 3273 3190 3240
f 3245 3188 3272
f 3188 3245 3189
f 3190 3171 3230
f 3240 3190 3230
f 3245 3235 3189
f 3230 3171 3176
f 3178 3198 3192
f 3189 3235 3239
f 3198 3189 3239
f 3192 3198 3239
f 3247 3230 3176
f 3199 3239 3246
f 3192 3239 3199
f 3148 3248 3247
f 3279 3100 3277
f 3248 3137 3279
f 3136 3179 3267
f 3243 3168 3238
f 3179 3243 3267
f 3236 3136 3267
f 3302 3227 3236
f 3227 3302 3195
f 3238 3134 3197
f 3187 3195 3268
f 3187 3268 3249
f 3200 3197 3078
f 3139 3141 3201
f 3228 3308 3103
f 3470 3203 3018
f 3103 3308 3250
f 3019 3250 3321
f 2952 3474 3152
f 3152 3253 3109
f 3523 3323 2978
f 3184 3210 3384
f 2980 3476 3153
f 3524 3025 3385
f 3153 3476 3254
f 3153 3254 3111
f 3112 3256 3257
f 3068 3212 3287
f 3183 3287 3288
f 3159 2928 3711
f 3213 3183 3260
f 3214 3213 3260
f 3073 3290 3289
f 3389 3261 3031
f 3144 3031 3261
f 3144 3291 3215
f 3328 3118 3216
f 3215 3334 3079
f 3329 3457 3219
f 3457 3438 3219
f 3330 3331 2988
f 3220 2867 3162
f 3271 3483 3039
f 2962 3483 3359
f 3358 2989 3442
f 3163 2962 3359
f 3537 3265 2840
f 3045 3298 3332
f 3244 3269 3310
f 3244 3310 3272
f 3240 3312 3273
f 3245 3274 3235
f 3274 3275 3235
f 3240 3230 3313
f 3313 3312 3240
f 3235 3275 3239
f 3277 3239 3275
f 3230 3247 3313
f 3247 3276 3313
f 3277 3246 3239
f 3247 3248 3276
f 3278 3279 3277
f 3267 3243 3303
f 3236 3267 3303
f 3243 3238 3300
f 3302 3268 3195
f 3249 3268 3318
f 3200 3301 3197
f 3141 3319 3201
f 3202 3589 3151
f 3060 3588 3018
f 3200 3241 3301
f 3470 3251 3203
f 3241 3281 3301
f 3105 3281 3241
f 3281 3105 3282
f 3108 3106 3283
f 3021 3426 3347
f 3206 3347 3205
f 3563 2889 3108
f 3323 3252 2978
f 3252 3022 2978
f 3110 3349 3324
f 3210 2979 3524
f 3255 3154 3386
f 3257 3256 3525
f 3257 3525 3387
f 3258 3428 3155
f 2857 3526 3677
f 3157 2857 3709
f 3354 3211 3116
f 3183 3288 3480
f 2928 3327 3711
f 3260 3183 3480
f 3144 3261 3291
f 3334 3215 3291
f 3334 3217 2932
f 3293 3120 3357
f 3075 3329 3219
f 2988 3161 3330
f 3121 3441 3271
f 3122 3221 3358
f 3221 2989 3358
f 3264 3163 3391
f 3222 3294 3485
f 3225 3297 3298
f 3234 3270 3333
f 3333 3309 3234
f 3269 3234 3309
f 3269 3309 3310
f 3270 3311 3333
f 3270 3273 3311
f 3310 3365 3272
f 3365 3245 3272
f 3273 3312 3311
f 3274 3245 3365
f 3274 3314 3275
f 3275 3314 3277
f 3313 3276 3417
f 3277 3314 3315
f 3278 3277 3315
f 3248 3339 3276
f 3279 3339 3248
f 3303 3302 3236
f 3303 3243 3300
f 3302 3303 3317
f 3302 3317 3268
f 3303 3300 3305
f 3316 3303 3305
f 3317 3303 3316
f 3318 3268 3317
f 3305 3300 3307
f 3238 3197 3320
f 3304 3238 3320
f 3300 3238 3304
f 3304 3307 3300
f 3101 3249 3319
f 3319 3249 3318
f 3197 3301 3320
f 3306 3201 3319
f 3201 3306 3228
f 3588 3470 3018
f 3589 3202 3520
f 3228 3306 3308
f 3202 3280 3520
f 3250 3381 3321
f 3282 3346 3281
f 3106 3321 3283
f 3346 3282 3204
f 3346 3204 3284
f 3473 3208 2765
f 3384 3523 2978
f 2978 3184 3384
f 3324 3476 2980
f 3025 3255 3385
f 3254 3427 3111
f 3111 3427 3256
f 3154 3114 3386
f 3350 3258 3156
f 3325 3598 3065
f 3115 3430 3156
f 3352 3027 3286
f 3027 3352 3353
f 3259 3211 3431
f 3354 3116 3158
f 3528 3214 3260
f 3118 3530 3290
f 3355 3328 3216
f 3217 3334 3481
f 3160 3263 3604
f 3604 3263 3220
f 3076 3482 3161
f 3533 3441 3121
f 3162 3122 3390
f 3040 2935 3443
f 3224 3043 3538
f 3224 3538 3297
f 3362 3444 3044
f 3336 3309 3333
f 3310 3309 3335
f 3310 3335 3365
f 3333 3311 3336
f 3311 3337 3336
f 3311 3312 3337
f 3337 3312 3416
f 3313 3416 3312
f 3314 3374 3315
f 3417 3276 3338
f 3375 3315 3374
f 3276 3339 3338
f 3278 3315 3375
f 3279 3367 3339
f 3278 3367 3279
f 3375 3367 3278
f 3317 3316 3364
f 3316 3340 3364
f 3341 3316 3305
f 3340 3316 3341
f 3317 3364 3376
f 3318 3317 3376
f 3305 3307 3342
f 3341 3305 3342
f 3376 3344 3318
f 3343 3342 3307
f 3318 3344 3319
f 3304 3343 3307
f 3320 3343 3304
f 3319 3344 3306
f 3151 3589 3420
f 3343 3320 3400
f 3301 3380 3320
f 3320 3380 3400
f 3306 3345 3308
f 3399 3380 3301
f 3308 3345 3381
f 3250 3308 3381
f 3301 3281 3399
f 3281 3346 3399
f 3107 3593 3724
f 2789 3383 3284
f 3207 3252 3674
f 3210 3524 3620
f 3155 3428 3388
f 3428 3258 3350
f 3156 3430 3326
f 3115 3259 3351
f 3259 3479 3351
f 3259 3431 3479
f 2857 3677 3709
f 3157 3709 3212
f 3528 3260 3480
f 3327 3289 3434
f 3434 3289 3290
f 3118 3328 3530
f 3292 3355 3216
f 3218 3293 3437
f 3437 3293 3356
f 3357 3356 3293
f 3161 3532 3330
f 3330 3440 3331
f 3533 3331 3440
f 3441 3368 3271
f 3294 3264 3485
f 3361 3485 3393
f 3652 3223 3042
f 2964 3363 3299
f 2964 3124 3363
f 3125 3487 3124
f 3046 3299 3612
f 3266 3487 3125
f 3266 3654 3487
f 3266 3446 3654
f 3336 3396 3309
f 3335 3309 3396
f 3373 3365 3335
f 3373 3274 3365
f 3274 3373 3372
f 3416 3313 3417
f 3372 3314 3274
f 3372 3374 3314
f 3367 3418 3339
f 3370 3341 3447
f 3340 3341 3370
f 3371 3340 3370
f 3364 3340 3371
f 3364 3371 3412
f 3447 3341 3377
f 3412 3376 3364
f 3341 3342 3377
f 3344 3376 3378
f 3449 3377 3342
f 3449 3342 3343
f 3344 3378 3394
f 3449 3343 3400
f 3394 3306 3344
f 3394 3379 3306
f 3345 3306 3379
f 3345 3379 3423
f 3280 3424 3520
f 3345 3423 3381
f 3283 3321 3381
f 3107 3724 3424
f 3425 3382 3346
f 3382 3399 3346
f 3108 3283 3472
f 3563 2765 2889
f 3384 3210 3620
f 3475 3324 3349
f 3254 3477 3427
f 3387 3595 3285
f 3676 3285 3595
f 3113 3429 3325
f 3350 3156 3369
f 3369 3156 3326
f 3065 3478 3286
f 3478 3643 3286
f 3564 3353 3352
f 3212 3709 3432
f 3212 3432 3287
f 3711 3327 3527
f 3529 3214 3528
f 3389 3214 3529
f 3530 3328 3366
f 3366 3328 3355
f 3218 3437 3292
f 3357 3160 3604
f 3161 3482 3532
f 3220 3162 3439
f 3271 3368 3483
f 3163 3359 3391
f 3392 3040 3568
f 3393 3295 3361
f 3652 3360 3223
f 3537 2840 3444
f 3297 3538 3610
f 3077 3540 3165
f 3124 3683 3363
f 3124 3487 3683
f 3077 3046 3445
f 3453 3404 3495
f 3407 3404 3453
f 3404 3413 3495
f 3407 3402 3404
f 3450 3402 3407
f 3450 3403 3402
f 3508 3403 3450
f 3395 3404 3402
f 3403 3452 3402
f 3404 3395 3413
f 3402 3398 3395
f 3452 3398 3402
f 3397 3410 3413
f 3398 3408 3395
f 3452 3454 3398
f 3395 3408 3413
f 3408 3397 3413
f 3398 3401 3408
f 3454 3401 3398
f 3451 3401 3454
f 3408 3396 3397
f 3397 3336 3414
f 3396 3336 3397
f 3408 3401 3396
f 3401 3335 3396
f 3415 3414 3336
f 3415 3336 3337
f 3373 3335 3401
f 3372 3373 3401
f 3411 3372 3461
f 3374 3372 3405
f 3411 3405 3372
f 3464 3374 3405
f 3338 3339 3467
f 3339 3418 3467
f 3375 3571 3367
f 3448 3370 3460
f 3460 3370 3447
f 3371 3370 3448
f 3406 3371 3448
f 3492 3412 3406
f 3447 3377 3500
f 3406 3412 3371
f 3376 3412 3468
f 3376 3468 3419
f 3376 3419 3378
f 3419 3491 3378
f 3379 3394 3378
f 3491 3379 3378
f 3449 3400 3469
f 3422 3379 3491
f 3060 3420 3588
f 3400 3380 3469
f 3469 3380 3421
f 3379 3422 3423
f 3380 3399 3421
f 3382 3421 3399
f 3346 3284 3591
f 3472 3563 3108
f 2765 3563 3473
f 3674 3348 3207
f 3253 3522 3209
f 3476 3477 3254
f 3427 3525 3256
f 3285 3676 3429
f 3409 3114 3388
f 3388 3428 3596
f 3429 3598 3325
f 3065 3598 3478
f 3430 3115 3351
f 3643 3352 3286
f 3354 3433 3211
f 3433 3431 3211
f 3158 3743 3354
f 3287 3742 3852
f 3288 3287 3852
f 3158 3159 3743
f 3290 3530 3565
f 3261 3435 3291
f 3291 3435 3334
f 3355 3436 3366
f 3292 3436 3355
f 3329 3075 3803
f 3329 3603 3457
f 3162 3390 3439
f 3567 3390 3122
f 3040 3443 3568
f 2935 3486 3443
f 3486 2935 3360
f 3265 3536 3042
f 2991 3750 3043
f 3362 3682 3444
f 3539 3298 3297
f 3362 3611 3682
f 3165 3611 3362
f 3298 3539 3569
f 3165 3540 3611
f 3363 3612 3299
f 3298 3569 3332
f 3077 3445 3540
f 3046 3612 3445
f 3495 3506 3453
f 3506 3489 3450
f 3489 3494 3450
f 3407 3453 3506
f 3450 3407 3506
f 3494 3508 3450
f 3413 3410 3495
f 3508 3458 3403
f 3397 3462 3410
f 3452 3403 3488
f 3458 3507 3403
f 3488 3403 3507
f 3397 3455 3462
f 3488 3454 3452
f 3397 3414 3455
f 3414 3415 3455
f 3454 3456 3451
f 3488 3463 3454
f 3451 3461 3401
f 3463 3456 3454
f 3401 3461 3372
f 3456 3461 3451
f 3463 3461 3456
f 3337 3416 3415
f 3415 3416 3496
f 3463 3459 3461
f 3416 3417 3496
f 3459 3411 3461
f 3496 3417 3504
f 3405 3466 3464
f 3405 3411 3466
f 3465 3466 3411
f 3459 3465 3411
f 3338 3467 3417
f 3464 3514 3374
f 3374 3514 3375
f 3375 3514 3571
f 3448 3460 3545
f 3501 3460 3490
f 3460 3447 3490
f 3448 3493 3406
f 3492 3406 3493
f 3447 3500 3490
f 3500 3377 3517
f 3468 3412 3492
f 3517 3449 3469
f 3517 3377 3449
f 3491 3419 3519
f 3498 3422 3491
f 3423 3422 3521
f 3423 3521 3381
f 3381 3521 3471
f 3381 3471 3283
f 3284 3383 3673
f 3284 3673 3591
f 3474 3208 3473
f 3474 3522 3152
f 3152 3522 3253
f 3621 3523 3384
f 3620 3848 3384
f 3324 3475 3476
f 3475 3639 3476
f 3476 3675 3477
f 3427 3641 3525
f 3409 3823 3114
f 3823 3386 3114
f 3409 3388 3596
f 3596 3428 3597
f 3353 3564 3526
f 3287 3432 3742
f 3434 3678 3327
f 3290 3565 3434
f 3435 3481 3334
f 3292 3531 3436
f 3601 3531 3292
f 3601 3292 3437
f 3262 3217 3714
f 3262 3714 3075
f 3440 3330 3532
f 3441 3534 3368
f 3567 3122 3535
f 3122 3358 3535
f 3359 3483 3606
f 3484 3358 3442
f 3442 3392 3484
f 3652 3486 3360
f 3652 3042 3536
f 2991 3296 3750
f 3043 3750 3538
f 3332 3569 3541
f 3332 3541 3446
f 3489 3506 3505
f 3503 3549 3495
f 3506 3495 3549
f 3495 3410 3503
f 3553 3503 3410
f 3508 3509 3458
f 3410 3510 3553
f 3410 3462 3510
f 3546 3488 3507
f 3463 3488 3546
f 3415 3496 3455
f 3546 3544 3463
f 3544 3459 3463
f 3455 3496 3543
f 3496 3504 3543
f 3504 3417 3511
f 3417 3558 3511
f 3466 3512 3464
f 3465 3459 3513
f 3544 3513 3459
f 3417 3467 3558
f 3497 3558 3467
f 3466 3572 3512
f 3465 3572 3466
f 3513 3572 3465
f 3497 3467 3418
f 3497 3418 3560
f 3367 3516 3418
f 3515 3516 3367
f 3367 3571 3515
f 3545 3460 3501
f 3573 3448 3545
f 3490 3561 3501
f 3547 3493 3573
f 3493 3448 3573
f 3499 3493 3547
f 3561 3490 3500
f 3492 3493 3499
f 3419 3468 3518
f 3519 3419 3518
f 3519 3502 3491
f 3502 3498 3491
f 3550 3469 3421
f 3470 3588 3670
f 3498 3521 3422
f 3542 3421 3382
f 3382 3425 3591
f 3591 3425 3346
f 3205 3347 3914
f 3639 3675 3476
f 3524 3385 3773
f 3728 3428 3350
f 3369 3326 3706
f 3599 3326 3430
f 3479 3707 3351
f 3644 3564 3352
f 3354 3743 3949
f 3480 3288 3852
f 3480 3854 3827
f 3827 3528 3480
f 3327 3678 3527
f 3366 3436 3531
f 3217 3481 3745
f 3437 3356 3566
f 3357 3604 3780
f 3220 3715 3604
f 3438 3457 3482
f 3359 3650 3391
f 3264 3716 3485
f 3716 3393 3485
f 3295 3749 3296
f 3717 3536 3265
f 3265 3537 3717
f 3583 3581 3549
f 3549 3581 3506
f 3506 3581 3505
f 3582 3489 3505
f 3554 3494 3489
f 3508 3494 3555
f 3508 3555 3509
f 3553 3510 3556
f 3509 3613 3458
f 3577 3458 3613
f 3557 3556 3510
f 3458 3577 3507
f 3462 3557 3510
f 3557 3462 3543
f 3507 3577 3546
f 3462 3455 3543
f 3577 3544 3546
f 3543 3504 3617
f 3504 3666 3617
f 3504 3511 3666
f 3512 3572 3559
f 3513 3544 3632
f 3585 3558 3497
f 3512 3514 3464
f 3513 3632 3572
f 3497 3560 3585
f 3418 3516 3560
f 3573 3545 3579
f 3545 3501 3548
f 3548 3501 3616
f 3501 3561 3616
f 3561 3500 3633
f 3633 3500 3517
f 3517 3587 3633
f 3492 3499 3552
f 3468 3492 3552
f 3552 3634 3468
f 3469 3550 3587
f 3517 3469 3587
f 3634 3518 3468
f 3519 3518 3635
f 3519 3635 3562
f 3502 3519 3562
f 3498 3502 3521
f 3421 3542 3550
f 3671 3520 3424
f 3470 3767 3251
f 3471 3521 3638
f 3471 3638 3283
f 3382 3591 3542
f 3592 3472 3283
f 3383 3205 3770
f 3847 3522 3474
f 3621 3323 3523
f 3209 3522 3594
f 3209 3594 3349
f 3385 3255 3736
f 3641 3427 3477
f 3387 3800 3595
f 3525 3800 3387
f 3597 3428 3728
f 3598 3825 3478
f 3479 3431 3600
f 3743 3159 3711
f 3434 3777 3678
f 3434 3565 3777
f 3366 3531 3530
f 3531 3565 3530
f 3601 3437 3566
f 3714 3217 3745
f 3566 3356 3602
f 3714 3803 3075
f 3357 3602 3356
f 3602 3357 3780
f 3329 3647 3603
f 3482 3648 3532
f 3220 3439 3715
f 3532 3747 3440
f 3440 3605 3533
f 3534 3533 3605
f 3534 3441 3533
f 3649 3483 3368
f 3649 3606 3483
f 3606 3650 3359
f 3484 3392 3859
f 3391 3650 3651
f 3392 3568 3859
f 3391 3651 3264
f 3486 3680 3443
f 3295 3393 3681
f 3487 3654 3570
f 3446 3753 3654
f 3541 3753 3446
f 3581 3582 3505
f 3582 3661 3489
f 3575 3583 3549
f 3489 3661 3554
f 3626 3575 3503
f 3549 3503 3575
f 3697 3555 3494
f 3627 3626 3553
f 3626 3503 3553
f 3555 3584 3509
f 3553 3556 3627
f 3584 3658 3509
f 3509 3658 3613
f 3557 3628 3556
f 3629 3544 3577
f 3557 3543 3617
f 3558 3684 3511
f 3585 3684 3558
f 3512 3559 3615
f 3559 3572 3630
f 3632 3544 3668
f 3668 3544 3629
f 3615 3514 3512
f 3574 3514 3615
f 3571 3514 3574
f 3516 3515 3576
f 3515 3571 3576
f 3576 3571 3574
f 3574 3548 3576
f 3576 3548 3614
f 3545 3548 3574
f 3579 3545 3574
f 3548 3616 3614
f 3578 3547 3573
f 3586 3616 3561
f 3578 3499 3547
f 3561 3633 3586
f 3580 3499 3578
f 3580 3552 3499
f 3635 3518 3636
f 3588 3420 3734
f 3420 3589 3734
f 3637 3550 3542
f 3589 3520 3590
f 3590 3520 3671
f 3470 3670 3767
f 3638 3521 3623
f 3322 3251 3551
f 3426 3322 3735
f 3283 3638 3592
f 3426 3735 3347
f 3771 3563 3592
f 3592 3563 3472
f 3593 3348 3882
f 3771 3473 3563
f 3323 3836 3252
f 3773 3385 3736
f 3784 3525 3641
f 3525 3784 3800
f 3429 3676 3824
f 3728 3350 3369
f 3825 3642 3478
f 3326 3599 3706
f 3643 3478 3642
f 3430 3351 3599
f 3351 3707 3599
f 3479 3600 3707
f 3564 3644 3645
f 3526 3564 3645
f 3949 3710 3354
f 3433 3354 3710
f 3528 3827 3529
f 3389 3529 3828
f 3389 3828 3261
f 3457 3648 3482
f 3747 3605 3440
f 3534 3649 3368
f 3264 3651 3716
f 3443 3860 3568
f 3393 3716 3607
f 3393 3608 3681
f 3749 3295 3681
f 3539 3297 3653
f 3683 3487 3570
f 3581 3583 3693
f 3661 3581 3693
f 3582 3581 3661
f 3554 3697 3494
f 3627 3556 3691
f 3691 3556 3628
f 3628 3557 3622
f 3629 3577 3613
f 3617 3622 3557
f 3617 3666 3664
f 3511 3699 3666
f 3511 3684 3699
f 3615 3559 3631
f 3559 3630 3631
f 3632 3630 3572
f 3684 3585 3657
f 3631 3624 3615
f 3560 3625 3585
f 3625 3657 3585
f 3624 3574 3615
f 3560 3516 3625
f 3655 3574 3624
f 3516 3576 3625
f 3655 3579 3574
f 3576 3614 3625
f 3618 3573 3579
f 3614 3616 3689
f 3578 3573 3618
f 3616 3619 3689
f 3616 3586 3619
f 3701 3586 3633
f 3633 3587 3703
f 3518 3634 3687
f 3550 3637 3587
f 3518 3687 3636
f 3656 3502 3562
f 3686 3623 3502
f 3623 3521 3502
f 3590 3734 3589
f 3588 3734 3793
f 3588 3793 3670
f 3542 3591 3672
f 3591 3673 3672
f 3882 3348 3674
f 3799 3847 3474
f 3836 3323 3621
f 3594 3705 3349
f 3349 3705 3475
f 3620 3524 3773
f 3477 3640 3641
f 3255 3386 3737
f 3737 3386 3823
f 3738 3676 3595
f 3824 3598 3429
f 3352 3754 3644
f 3600 3431 3646
f 3433 3646 3431
f 3679 3777 3565
f 3679 3565 3531
f 3531 3601 3778
f 3805 3747 3532
f 3358 3484 3857
f 3607 3608 3393
f 3652 3956 3486
f 3749 3750 3296
f 3609 3717 3537
f 3444 3609 3537
f 3539 3653 3569
f 3540 3782 3611
f 3540 3445 3782
f 3445 3612 3752
f 3661 3693 3730
f 3554 3840 3697
f 3696 3575 3626
f 3626 3662 3696
f 3627 3662 3626
f 3663 3691 3628
f 3628 3622 3663
f 3613 3658 3692
f 3613 3692 3629
f 3622 3617 3814
f 3666 3817 3664
f 3632 3665 3630
f 3629 3667 3668
f 3692 3667 3629
f 3624 3631 3660
f 3660 3655 3624
f 3688 3625 3685
f 3625 3614 3685
f 3579 3655 3618
f 3614 3689 3685
f 3659 3578 3618
f 3580 3578 3719
f 3619 3586 3701
f 3633 3764 3701
f 3703 3764 3633
f 3552 3690 3634
f 3637 3703 3587
f 3562 3635 3669
f 3562 3669 3656
f 3704 3636 3687
f 3636 3726 3635
f 3656 3686 3502
f 3704 3720 3636
f 3720 3726 3636
f 3672 3637 3542
f 3735 3322 3551
f 3638 3769 3592
f 3836 3674 3252
f 3473 3799 3474
f 3847 3821 3522
f 3384 3848 3939
f 3477 3675 3640
f 3738 3824 3676
f 3728 3369 3978
f 3643 3642 3739
f 3739 3754 3643
f 3352 3643 3754
f 3646 3433 3802
f 3741 3742 3432
f 3480 3852 3854
f 3678 3712 3527
f 3527 3712 3776
f 3778 3679 3531
f 3566 3602 3746
f 3746 3602 3780
f 3329 3803 3647
f 3647 3779 3603
f 4017 3457 3603
f 3535 3358 3857
f 3606 3955 3650
f 3444 3718 3609
f 3297 3610 3653
f 3569 3653 3751
f 3569 3751 3541
f 3654 3807 3570
f 3695 3693 3583
f 3661 3730 3729
f 3575 3696 3695
f 3695 3583 3575
f 3554 3661 3840
f 3697 3993 3555
f 3759 3662 3627
f 3627 3691 3759
f 3760 3759 3691
f 3584 3698 3658
f 3684 3811 3699
f 3631 3630 3755
f 3763 3665 3632
f 3811 3684 3688
f 3684 3657 3688
f 3660 3631 3721
f 3755 3721 3631
f 3668 3763 3632
f 3625 3688 3657
f 3721 3655 3660
f 3659 3655 3721
f 3659 3618 3655
f 3719 3578 3659
f 3689 3619 3700
f 3701 3700 3619
f 3702 3580 3719
f 3702 3552 3580
f 3690 3552 3702
f 3656 3669 3788
f 3669 3635 3726
f 3796 3424 3724
f 3638 3623 3722
f 3638 3722 3769
f 3769 3797 3592
f 3205 3914 3770
f 3799 3473 3771
f 3522 3821 3594
f 3772 3621 3384
f 3705 3849 3475
f 3848 3620 3773
f 3475 3849 3639
f 3737 3736 3255
f 3641 3640 3784
f 3596 3851 3409
f 3824 3942 3598
f 3754 3758 3644
f 3707 3600 3826
f 3644 3758 3645
f 3526 3645 3887
f 3677 3526 3887
f 3677 3708 3709
f 3432 3709 3741
f 3853 3743 3711
f 3712 3678 3777
f 3778 3601 3831
f 3745 3713 3714
f 3566 3831 3601
f 4064 3803 3714
f 3604 3715 3780
f 3457 4017 3648
f 3781 3606 3649
f 3651 3748 3716
f 3956 3680 3486
f 3681 3608 3957
f 3894 3956 3652
f 3538 3750 3610
f 3682 3718 3444
f 3611 3782 3682
f 3683 3783 3363
f 3445 3752 3782
f 3363 3783 3612
f 3693 3929 3866
f 3730 3693 3866
f 3661 3729 3694
f 3661 3694 3930
f 3696 4044 3695
f 3661 3930 3840
f 3995 3584 3555
f 3995 3931 3584
f 3584 3931 3698
f 3698 3841 3658
f 3841 3790 3658
f 3658 3790 3692
f 3814 3617 3723
f 3664 3723 3617
f 3699 3762 3666
f 3699 3811 3762
f 3665 3755 3630
f 3731 3721 3755
f 3667 3763 3668
f 3688 3685 3757
f 3731 3725 3721
f 3725 3659 3721
f 3757 3685 3787
f 3685 3689 3787
f 3725 3719 3659
f 3689 3700 3787
f 3791 3702 3719
f 3732 3702 3791
f 3764 3786 3701
f 3702 3732 3690
f 3875 3764 3703
f 3765 3703 3637
f 3690 3792 3634
f 3634 3792 3687
f 3687 3792 3727
f 3687 3727 3704
f 3733 3720 3727
f 3720 3704 3727
f 3795 3720 3733
f 3795 3726 3720
f 3672 3845 3637
f 3673 3846 3672
f 3673 4003 3846
f 3383 3770 3673
f 3797 3771 3592
f 3773 3736 3810
f 3639 3774 3675
f 3800 3784 3785
f 3738 3595 3884
f 3800 3884 3595
f 3596 3597 3756
f 4007 3728 3978
f 3978 3369 3916
f 3706 3917 3369
f 3599 3707 3740
f 3740 3707 3826
f 3802 3433 3710
f 3527 3776 3711
f 3778 3744 3679
f 3713 4064 3714
f 3746 3831 3566
f 3747 3856 3605
f 3650 3858 3651
f 3568 3860 3859
f 3860 3443 3680
f 3681 3957 3749
f 3536 3894 3652
f 3895 3894 3536
f 3536 3717 3895
f 3541 3751 3806
f 3612 3783 3752
f 3541 3806 3753
f 3753 3807 3654
f 3693 3695 3929
f 3662 3960 3696
f 3662 3759 3903
f 3993 3995 3555
f 3691 3663 3761
f 3663 3622 3814
f 3666 3762 3817
f 3809 3719 3725
f 3809 3791 3719
f 3787 3700 3844
f 3700 3701 3786
f 3703 3765 3808
f 3765 3637 3766
f 3726 3819 3669
f 3656 3818 3686
f 3789 3686 3818
f 3637 3845 3766
f 3789 3881 3686
f 3670 3793 3879
f 3686 3881 3623
f 3671 3424 3796
f 3768 3623 3881
f 3623 3768 3722
f 3672 3846 3845
f 3914 3347 3735
f 3774 3639 3849
f 3774 3640 3675
f 3823 3409 3851
f 3596 3756 3851
f 4007 3597 3728
f 3916 3369 3917
f 3642 3825 3739
f 3706 3599 3944
f 3754 3739 3801
f 3801 3758 3754
f 3742 3741 3982
f 3742 3982 3852
f 3949 3743 3853
f 3711 3776 3853
f 3984 3529 3827
f 3529 3984 3828
f 3832 3532 3648
f 3715 3439 3890
f 3747 3805 3856
f 3439 3390 3890
f 3890 3390 3833
f 3605 3891 3534
f 3833 3390 3567
f 3534 3891 3649
f 3834 3567 3535
f 3834 3535 3857
f 3955 3892 3650
f 3650 3892 3858
f 3651 3858 3748
f 3716 3748 3607
f 3924 3653 3610
f 3682 3896 3718
f 3682 3782 3861
f 3729 3730 3866
f 3840 3867 3697
f 3662 3903 3960
f 3868 3759 3760
f 3691 3761 3760
f 3814 3761 3663
f 3790 3815 3692
f 3816 3755 3665
f 3763 3932 3665
f 3815 3667 3692
f 3811 3688 3870
f 3816 3731 3755
f 3757 3870 3688
f 3816 3725 3731
f 3837 3725 3816
f 3837 3809 3725
f 3786 3844 3700
f 3732 3791 3812
f 3786 3764 3873
f 3873 3764 3875
f 3732 3874 3690
f 3792 3690 3874
f 3875 3703 3808
f 3656 3788 3909
f 3788 3669 3819
f 3726 3838 3819
f 3727 3794 3733
f 3795 3733 3794
f 3795 3838 3726
f 3551 3935 3735
f 3722 3768 3769
f 3769 3768 3797
f 3724 3593 3882
f 3673 3770 4003
f 3798 3771 3797
f 3798 3799 3771
f 3938 3594 3821
f 3705 3594 3938
f 3772 3384 3939
f 3976 3848 3773
f 3774 3883 3640
f 3942 4009 3598
f 3917 3706 4057
f 4057 3706 3944
f 3758 3813 3839
f 3839 3645 3758
f 3826 3600 3898
f 3677 3887 3708
f 3600 3646 3897
f 3600 3897 3898
f 3802 3947 3646
f 3855 3712 3777
f 3888 3777 3679
f 3921 3261 3828
f 3261 3921 3435
f 3744 3829 3679
f 3435 4036 3481
f 4123 3647 3803
f 3779 3804 3603
f 3780 3715 3987
f 3804 4017 3603
f 4017 3832 3648
f 3532 3832 3805
f 3856 3891 3605
f 3649 3891 3781
f 3606 3781 3955
f 3682 3861 3896
f 3783 3683 3925
f 3683 3570 3925
f 3782 3752 3992
f 3993 3697 3867
f 3759 3868 3903
f 3841 3904 3790
f 3664 3817 3723
f 3665 3932 3816
f 3815 3763 3667
f 3842 3870 3757
f 3787 3842 3757
f 3787 3844 3843
f 3812 3874 3732
f 3792 3874 3876
f 3792 3863 3727
f 3934 3788 3819
f 3656 3909 3818
f 3727 3863 3794
f 3795 3794 3863
f 3879 3880 3670
f 3795 3863 3820
f 3838 3795 3820
f 3670 3880 3767
f 3767 3551 3251
f 3901 3674 3836
f 3939 3848 4084
f 3784 3640 3822
f 3738 3915 3824
f 3598 4009 3825
f 3758 3801 3813
f 3645 3839 3864
f 3645 3864 3775
f 3645 3775 3887
f 3897 3646 3947
f 3710 4013 3802
f 3950 3776 3712
f 3855 3777 3888
f 3888 3679 3829
f 3778 3830 3744
f 3778 3831 3830
f 3803 4064 4123
f 3715 3889 3987
f 3889 3715 3890
f 3833 3567 3834
f 3484 3859 4155
f 4095 3895 3717
f 4019 3750 3749
f 3610 4130 3924
f 3570 3958 3925
f 3570 3926 3958
f 3570 3807 3926
f 3753 3835 3807
f 3696 4136 4044
f 3696 3960 4136
f 3868 3760 4074
f 3931 3869 3698
f 3698 3869 3841
f 3790 3904 3815
f 3723 3817 4047
f 3762 3811 3905
f 3811 3870 3905
f 3865 3837 3816
f 3871 3842 3787
f 3843 3871 3787
f 3837 3872 3809
f 3809 3872 3791
f 3872 3812 3791
f 3786 3873 3844
f 3812 3966 3874
f 3808 3765 3877
f 3876 3878 3792
f 3792 3878 3863
f 3819 3838 3902
f 3819 3902 3934
f 3793 3734 3879
f 3881 3973 3768
f 3796 3724 4081
f 3845 3846 3913
f 3936 3798 3797
f 3882 3674 3901
f 3938 4004 3705
f 3773 3810 3976
f 3736 3737 4006
f 3822 3640 3883
f 3784 3822 3785
f 3737 3823 3850
f 4025 3756 3597
f 3597 4007 4025
f 3739 3825 3943
f 3740 3944 3599
f 3739 3943 3918
f 3739 3918 3801
f 3740 3826 3886
f 3826 3945 3886
f 3945 3826 3898
f 3887 3775 4070
f 3709 3708 4117
f 3741 3709 4117
f 3710 3949 4013
f 3854 3852 3983
f 3828 3984 4063
f 3921 3828 4063
f 3829 3744 4015
f 3744 3830 4015
f 3481 4036 3745
f 3746 3780 4016
f 4123 3779 3647
f 3780 3987 4016
f 3953 3805 3832
f 3923 3748 3858
f 4095 3717 3609
f 3610 3750 4130
f 3609 3718 4041
f 3782 3992 3861
f 3806 3751 3862
f 4020 3752 3783
f 3806 3835 3753
f 3866 3929 4226
f 4074 3760 3996
f 3760 3761 3996
f 3814 3723 4046
f 3762 3905 3817
f 3963 3816 3932
f 3815 4229 3763
f 3865 3816 3963
f 3837 3865 3900
f 3872 3837 3900
f 3872 3933 3812
f 3844 3965 3843
f 3873 3965 3844
f 3875 3808 4049
f 3765 3766 3877
f 3910 3909 3788
f 3910 3788 3934
f 3879 3734 4031
f 3789 3818 3881
f 4140 3767 3880
f 3766 3845 3968
f 3863 3912 3820
f 3838 3820 3911
f 3902 3838 3911
f 3968 3845 3913
f 3973 3936 3797
f 3768 3973 3797
f 3724 3882 4081
f 3798 3937 3799
f 3937 3847 3799
f 3975 3848 3976
f 3940 3774 3849
f 3884 3800 4023
f 4023 3800 3785
f 3738 3884 3915
f 3823 3851 3885
f 4024 3756 4025
f 3977 4007 3978
f 3824 4115 3942
f 3944 3740 3886
f 3979 3801 3918
f 3979 3919 3813
f 3979 3813 3801
f 3813 3919 3839
f 3920 3839 3919
f 3839 3920 3864
f 3949 3853 4061
f 4119 3853 3776
f 3854 3983 3827
f 3984 3827 4035
f 3950 3712 3855
f 4036 3713 3745
f 3831 3746 3985
f 3889 3890 3988
f 3954 3856 3805
f 3890 3833 3988
f 3833 3834 4125
f 3484 4038 3857
f 3484 4155 4038
f 3990 3748 3923
f 3748 3990 3607
f 3956 3893 3680
f 4040 3608 3607
f 3957 4129 3749
f 4041 4095 3609
f 3751 3653 4096
f 4020 3783 3991
f 3752 4020 3992
f 4044 3929 3695
f 3866 4293 3729
f 3869 4099 3841
f 3841 4099 3904
f 3761 3814 3961
f 3961 3814 4046
f 3842 3871 3906
f 3966 3812 3933
f 3873 3875 3907
f 3907 3875 4049
f 3874 3908 3876
f 3876 3967 3878
f 3818 4001 3881
f 3863 4000 3912
f 3911 3820 3912
f 3973 3881 4001
f 4002 3846 4003
f 3770 3914 4083
f 3772 3836 3621
f 4056 3810 3736
f 3883 3774 3941
f 3785 3822 4026
f 3851 3756 4024
f 3945 4011 3886
f 3899 3945 3898
f 3897 3899 3898
f 3947 3899 3897
f 3947 3802 3948
f 3852 3982 4014
f 4014 3983 3852
f 4061 3853 4119
f 4062 3776 3950
f 3855 3888 3950
f 3888 3829 3952
f 3435 3921 4036
f 3746 4016 3986
f 3954 3805 3953
f 3891 3922 3781
f 3922 3955 3781
f 4039 3859 3860
f 3893 3860 3680
f 4040 3957 3608
f 3750 4019 4130
f 3718 3896 4041
f 3807 3835 3926
f 3931 4269 3869
f 3996 3761 3961
f 3905 3962 3817
f 3905 4027 3962
f 4027 3905 3870
f 3870 3842 4027
f 3900 3964 3872
f 4078 3871 3843
f 4162 3965 3873
f 3907 4162 3873
f 3966 3908 3874
f 3876 4029 3967
f 3909 3910 4103
f 3969 3879 4031
f 3879 3969 3880
f 3878 4000 3863
f 3971 3590 3671
f 3671 3796 4108
f 4140 3551 3767
f 3846 4002 3913
f 4002 4141 3913
f 3735 3935 3914
f 4081 3882 4306
f 4306 3882 4275
f 3936 3974 3798
f 3974 3937 3798
f 3882 3901 4275
f 3772 3901 3836
f 3821 3847 3938
f 3705 4004 3849
f 4084 3848 3975
f 3774 3940 4005
f 4005 3941 3774
f 3883 3941 3822
f 3737 3850 4006
f 3785 4026 4023
f 3884 4023 3915
f 3850 3823 3885
f 3915 4033 3824
f 3824 4033 4115
f 4008 3977 3978
f 3978 3916 4181
f 4181 3916 3917
f 3979 3918 4010
f 4060 3919 3979
f 3899 3946 3945
f 3946 3899 3927
f 3919 4060 3920
f 3920 4060 3927
f 3928 3927 3899
f 3920 3927 3928
f 3864 3920 3928
f 3775 3864 4034
f 3947 3981 3899
f 3928 3899 3981
f 3982 3741 4117
f 3802 4013 3948
f 3776 4062 4119
f 3950 3888 3951
f 4015 3830 4122
f 3831 4122 3830
f 4017 4151 3832
f 3834 3857 4038
f 3956 3894 4190
f 4019 3749 4129
f 3653 3924 4096
f 3862 3751 4096
f 3925 3991 3783
f 3835 3806 3862
f 3694 3729 4333
f 3930 3694 4333
f 3840 4135 3867
f 3903 3868 3994
f 3723 4047 4046
f 3817 3962 4047
f 4027 3842 3906
f 4100 3964 3900
f 3871 4078 3906
f 3964 4048 3872
f 4028 4078 3843
f 4028 3843 3965
f 3872 4048 3933
f 3908 4029 3876
f 4049 3808 4052
f 3808 3877 4052
f 3878 3967 4000
f 3877 3766 3968
f 3910 3934 4030
f 4054 3818 3909
f 3818 4054 3999
f 3934 3902 3970
f 3970 4030 3934
f 3818 3999 4001
f 3590 3971 3734
f 3971 4031 3734
f 3970 3902 3911
f 3911 3912 4032
f 3935 3551 3972
f 3973 4082 3936
f 4082 3974 3936
f 4169 3938 3847
f 3959 3772 3939
f 4171 3849 4004
f 4056 3976 3810
f 4056 3736 4006
f 4069 3822 3941
f 3822 4069 4026
f 4011 3945 3946
f 3980 3946 3927
f 4060 3980 3927
f 4070 3775 4034
f 3887 4012 3708
f 3947 3948 3981
f 3827 3983 4035
f 3952 3951 3888
f 4090 4122 3831
f 4213 4064 3713
f 4123 4150 3779
f 3779 4186 3804
f 4037 3891 3856
f 3989 3833 4125
f 3892 3955 4018
f 4039 3860 3893
f 3893 3956 4287
f 3957 4040 4127
f 4287 3956 4190
f 3957 4127 4067
f 4129 3957 4067
f 3895 4190 3894
f 4095 4041 4217
f 3861 4131 3896
f 3861 3992 4131
f 4020 4221 3992
f 3958 3926 4021
f 3835 4042 3926
f 3930 4333 3840
f 4227 3867 4135
f 4227 3993 3867
f 3960 3903 4158
f 4197 3995 3993
f 3995 4269 3931
f 3963 3932 4134
f 3763 3997 3932
f 3763 4229 3997
f 3963 4073 3865
f 4073 3900 3865
f 3906 4078 4077
f 3933 3998 3966
f 3966 3998 3908
f 4029 4051 3967
f 4052 3877 4053
f 3877 3968 4053
f 3968 3913 4107
f 4107 3913 4141
f 3770 4083 4003
f 3937 4169 3847
f 4171 3940 3849
f 4023 4114 3915
f 4114 4033 3915
f 3979 4010 4284
f 3979 4284 4060
f 4183 3928 3981
f 3864 3928 4183
f 3708 4012 4117
f 4013 3949 4061
f 3829 4015 3952
f 3746 3986 3985
f 3953 4092 4152
f 3953 4152 3954
f 3954 4037 3856
f 4037 3922 3891
f 3892 4018 4216
f 4216 3858 3892
f 4155 3859 4039
f 3607 3990 4040
f 3958 4021 3925
f 3862 4022 3835
f 3960 4158 4136
f 3868 4074 3994
f 3869 4269 4137
f 3962 4230 4047
f 3932 3997 4134
f 4073 4100 3900
f 3970 4166 4030
f 3999 4055 4001
f 4000 4109 3912
f 3912 4109 4032
f 4080 3911 4032
f 4108 3796 4302
f 3973 4001 4082
f 4204 3914 3935
f 4083 3914 4274
f 3914 4204 4274
f 4110 4169 3937
f 4172 3939 4084
f 3975 3976 4174
f 4026 4043 4023
f 4114 4023 4043
f 3885 3851 4085
f 4007 4178 4025
f 4007 3977 4178
f 4115 4033 4086
f 4008 3978 4181
f 4282 3917 4057
f 4058 3918 3943
f 3886 4146 3944
f 3886 4116 4146
f 4011 4087 3886
f 3946 3980 4011
f 3887 4070 4012
f 4118 4014 3982
f 3948 4013 4088
f 3950 3951 4211
f 3921 4212 4036
f 3713 4036 4185
f 3985 4090 3831
f 4091 4017 3804
f 3953 3832 4092
f 3988 3833 3989
f 4125 3834 4066
f 3922 4154 3955
f 4066 3834 4038
f 4216 3923 3858
f 4126 3990 3923
f 4019 4129 4257
f 4221 4020 3991
f 3992 4221 4288
f 4042 4021 3926
f 4044 4098 3929
f 3995 4197 4269
f 4046 4045 3961
f 3904 4075 3815
f 4047 4230 4270
f 4075 4229 3815
f 4076 3962 4027
f 3933 4048 3998
f 4048 4200 3998
f 3908 4079 4029
f 4049 4052 4050
f 4051 4102 3967
f 3967 4102 4000
f 4104 3910 4030
f 3910 4104 4103
f 3909 4103 4054
f 3999 4054 4055
f 4102 4109 4000
f 4055 4082 4001
f 4080 3970 3911
f 3972 3551 4140
f 3796 4081 4302
f 3972 4344 3935
f 4204 3935 4344
f 4168 4003 4083
f 4003 4168 4002
f 4004 3938 4169
f 3939 4172 3959
f 4171 4276 3940
f 3940 4276 4005
f 4069 3941 4262
f 4072 4056 4006
f 4006 3850 4072
f 3851 4024 4085
f 4025 4278 4024
f 4025 4206 4278
f 4115 4009 3942
f 4248 4057 3944
f 3918 4058 4283
f 4059 4060 4284
f 3980 4147 4011
f 4060 4147 3980
f 4182 3864 4183
f 3864 4182 4034
f 4117 4012 4249
f 3982 4117 4118
f 4013 4061 4088
f 4035 4089 3984
f 4319 4211 3951
f 3952 4121 3951
f 3952 4015 4121
f 4122 4251 4015
f 4064 4213 4123
f 4016 3987 4214
f 3987 3889 4065
f 4151 4017 4091
f 3889 3988 4065
f 4124 3954 4152
f 4324 3989 4125
f 4154 4018 3955
f 4039 3893 4189
f 4190 3895 4128
f 3895 4095 4128
f 4019 4257 4130
f 4041 4068 4329
f 3896 4068 4041
f 4130 4192 3924
f 3924 4192 4096
f 3992 4220 4131
f 4042 3835 4022
f 3729 4293 4387
f 4333 3729 4387
f 4226 3929 4604
f 4135 3840 4333
f 4137 4198 3869
f 3996 3961 4045
f 3962 4076 4230
f 4073 3963 4134
f 4027 3906 4076
f 4073 4231 4100
f 3906 4077 4076
f 4101 3964 4100
f 3964 4101 4048
f 4101 4200 4048
f 3965 4162 4028
f 3998 4079 3908
f 3907 4049 4163
f 4163 4049 4050
f 4054 4103 4273
f 4054 4303 4055
f 3969 4031 4105
f 4031 3971 4105
f 3880 3969 4236
f 4306 4358 4081
f 3937 3974 4110
f 3941 4005 4262
f 4069 4156 4026
f 4026 4156 4043
f 4156 4097 4043
f 4043 4097 4071
f 4043 4071 4114
f 4113 3850 3885
f 4114 4244 4033
f 4206 4025 4178
f 4009 4247 3825
f 4283 4010 3918
f 3886 4087 4116
f 4059 4147 4060
f 4351 4183 3981
f 4184 3983 4014
f 4061 4119 4210
f 4035 3983 4089
f 3713 4185 4213
f 3779 4150 4186
f 3987 4065 4214
f 4151 4215 3832
f 4215 4092 3832
f 4124 4037 3954
f 4124 4093 4037
f 4093 3922 4037
f 4093 4154 3922
f 4066 4038 4094
f 3923 4216 4126
f 4217 4041 4329
f 4219 4068 3896
f 3896 4131 4219
f 4259 3862 4096
f 3862 4193 4022
f 3866 4226 4293
f 4159 3993 4227
f 3993 4159 4197
f 3994 4074 4196
f 4198 4099 3869
f 4134 4231 4073
f 4028 4161 4078
f 4052 4053 4165
f 4053 3968 4165
f 3971 3671 4108
f 4302 4081 4358
f 4141 4002 4142
f 4082 4110 3974
f 4275 3901 4307
f 4004 4170 4171
f 4174 3976 4056
f 4156 4264 4261
f 4156 4261 4097
f 4261 4157 4097
f 4071 4097 4112
f 4111 4071 4112
f 4114 4071 4111
f 4144 4112 4132
f 4085 4024 4278
f 4033 4179 4086
f 4181 3917 4282
f 4248 4282 4057
f 4011 4147 4087
f 4070 4034 4208
f 3983 4184 4089
f 4119 4062 4149
f 4289 3984 4089
f 4120 3921 4063
f 4318 3921 4120
f 4318 4212 3921
f 4121 4319 3951
f 4121 4015 4251
f 3986 4016 4320
f 4186 4091 3804
f 4188 4155 4039
f 4095 4421 4128
f 4095 4217 4421
f 4096 4192 4259
f 4424 3925 4021
f 4193 3862 4259
f 4220 3992 4288
f 4022 4222 4042
f 4044 4605 4098
f 4158 3903 3994
f 4074 3996 4196
f 3996 4045 4196
f 4045 4046 4138
f 4099 4160 3904
f 4139 4046 4047
f 4160 4075 3904
f 4271 4076 4077
f 4077 4078 4161
f 4101 4199 4200
f 3998 4200 4079
f 4079 4164 4029
f 4164 4051 4029
f 3968 4107 4165
f 3969 4105 4236
f 3971 4108 4106
f 4167 4166 3970
f 4080 4167 3970
f 4107 4141 4235
f 4032 4109 4343
f 4168 4142 4002
f 4173 4084 3975
f 4399 3975 4174
f 4143 4056 4072
f 4175 4243 4097
f 4133 4097 4243
f 4097 4133 4112
f 4111 4112 4177
f 4112 4144 4177
f 4145 4144 4132
f 4033 4244 4179
f 3977 4180 4178
f 3977 4008 4180
f 4281 4008 4181
f 4247 3943 3825
f 4146 4248 3944
f 4247 4058 3943
f 4116 4087 4407
f 4012 4070 4148
f 4117 4250 4118
f 4285 3981 3948
f 4351 3981 4285
f 4014 4118 4184
f 3950 4149 4062
f 4063 3984 4120
f 3985 3986 4320
f 4065 3988 4153
f 3988 3989 4153
f 4125 4066 4324
f 4094 4038 4155
f 3990 4126 4326
f 4256 4129 4067
f 3925 4424 3991
f 3929 4098 4604
f 4198 4228 4099
f 4046 4139 4138
f 4047 4335 4139
f 4047 4270 4335
f 4336 4232 4100
f 4100 4232 4101
f 4161 4271 4077
f 4233 4161 4028
f 4162 4163 4393
f 4163 4162 3907
f 4079 4338 4164
f 4050 4052 4234
f 4051 4297 4102
f 4030 4166 4104
f 4167 4080 4304
f 4032 4343 4080
f 4235 4141 4203
f 4082 4055 4239
f 4082 4239 4110
f 4239 4169 4110
f 4307 3901 3772
f 4307 3772 3959
f 4169 4240 4004
f 4084 4173 4172
f 4072 3850 4113
f 4157 4195 4097
f 4175 4097 4195
f 4113 3885 4310
f 4133 4205 4132
f 4112 4133 4132
f 4310 3885 4085
f 4114 4111 4176
f 4176 4244 4114
f 4310 4085 4278
f 4132 4205 4145
f 4144 4145 4245
f 4144 4245 4177
f 4245 4145 4246
f 4180 4008 4281
f 4086 4316 4115
f 4181 4282 4317
f 4087 4147 4521
f 4208 4148 4070
f 4208 4034 4182
f 4249 4012 4148
f 4250 4117 4249
f 4209 4118 4250
f 4118 4209 4184
f 4061 4210 4088
f 4119 4149 4210
f 4251 4122 4455
f 4090 4286 4122
f 4286 4455 4122
f 4185 4252 4213
f 4016 4214 4320
f 4376 4091 4186
f 4254 4092 4215
f 4187 4216 4018
f 4040 4326 4458
f 4326 4040 3990
f 4040 4458 4127
f 4067 4127 4256
f 4191 4129 4256
f 4129 4191 4257
f 4329 4328 4217
f 4130 4257 4258
f 4130 4258 4192
f 4131 4220 4219
f 4021 4042 4194
f 4022 4260 4222
f 4193 4260 4022
f 4044 4136 4605
f 4228 4160 4099
f 4233 4028 4162
f 4162 4393 4233
f 4164 4297 4051
f 4052 4165 4234
f 4202 4109 4102
f 4054 4273 4201
f 4054 4201 4303
f 4165 4107 4235
f 4104 4166 4341
f 3971 4106 4105
f 4301 3880 4236
f 4140 3880 4301
f 4237 4140 4301
f 4140 4237 3972
f 4109 4395 4305
f 4305 4343 4109
f 4303 4239 4055
f 4080 4343 4304
f 4203 4141 4142
f 4174 4401 4399
f 4276 4241 4005
f 4241 4262 4005
f 4056 4360 4174
f 4360 4056 4143
f 4262 4292 4069
f 4156 4292 4264
f 4292 4156 4069
f 4175 4195 4243
f 4111 4177 4405
f 4145 4205 4224
f 4178 4180 4207
f 4178 4207 4206
f 4223 4246 4145
f 4281 4372 4180
f 4179 4519 4086
f 4010 4283 4284
f 4183 4351 4373
f 4182 4183 4373
f 3948 4088 4285
f 4184 4209 4410
f 4331 3950 4211
f 4149 3950 4331
f 3984 4289 4120
f 4214 4065 4414
f 4092 4254 4152
f 4254 4323 4152
f 4152 4323 4124
f 4093 4263 4154
f 4154 4268 4018
f 4268 4187 4018
f 4094 4155 4325
f 4188 4325 4155
f 4287 4189 3893
f 4419 4287 4190
f 4493 4190 4128
f 4218 4068 4219
f 4221 4461 4288
f 4042 4222 4194
f 4501 4136 4158
f 4158 3994 4501
f 4137 4362 4198
f 4045 4138 4295
f 3997 4681 4134
f 3997 4229 4681
f 4231 4336 4100
f 4101 4232 4199
f 4200 4338 4079
f 4163 4050 4394
f 4234 4165 4298
f 4102 4297 4202
f 4395 4109 4202
f 4166 4167 4341
f 4238 4344 3972
f 4168 4083 4439
f 4239 4240 4169
f 4240 4170 4004
f 4171 4170 4276
f 4173 3975 4399
f 4276 4400 4241
f 4330 4267 4157
f 4261 4330 4157
f 4157 4267 4225
f 4195 4157 4277
f 4157 4225 4277
f 4195 4277 4242
f 4195 4242 4243
f 4224 4279 4145
f 4279 4223 4145
f 4244 4371 4179
f 4246 4223 4280
f 4086 4519 4316
f 4009 4115 4316
f 4009 4316 4247
f 4451 4248 4146
f 4036 4252 4185
f 4090 3985 4320
f 4213 4352 4123
f 4123 4375 4150
f 4215 4151 4253
f 4254 4215 4253
f 4323 4255 4124
f 4124 4255 4093
f 4255 4263 4093
f 4189 4188 4039
f 4192 4379 4259
f 4424 4425 3991
f 4197 4467 4269
f 4269 4362 4137
f 4196 4045 4295
f 4230 4296 4270
f 4296 4230 4076
f 4076 4271 4296
f 4199 4337 4200
f 4338 4272 4164
f 4103 4506 4273
f 4104 4341 4300
f 4236 4105 4340
f 4106 4108 4302
f 4435 4305 4395
f 4235 4203 4365
f 4083 4274 4439
f 4401 4174 4360
f 4266 4360 4143
f 4290 4292 4262
f 4264 4330 4261
f 4072 4113 4383
f 4243 4242 4309
f 4113 4310 4383
f 4265 4243 4309
f 4243 4265 4133
f 4133 4265 4205
f 4205 4265 4224
f 4278 4206 4357
f 4206 4207 4357
f 4207 4180 4313
f 4177 4245 4405
f 4223 4279 4280
f 4180 4372 4313
f 4282 4248 4665
f 4059 4452 4147
f 4059 4350 4452
f 4284 4350 4059
f 4598 4148 4208
f 4088 4291 4285
f 4089 4184 4410
f 4374 4210 4149
f 4411 4211 4319
f 4331 4211 4411
f 4121 4251 4319
f 4319 4251 4486
f 4252 4352 4213
f 4320 4382 4090
f 4090 4382 4286
f 4150 4375 4186
f 4375 4376 4186
f 4413 4151 4091
f 4065 4153 4321
f 4153 3989 4353
f 4324 4353 3989
f 4066 4094 4416
f 4188 4189 4418
f 4493 4419 4190
f 4328 4421 4217
f 4219 4220 4426
f 3991 4425 4221
f 4221 4425 4380
f 4220 4288 4426
f 4221 4380 4461
f 4356 4424 4021
f 4194 4356 4021
f 4193 4259 4260
f 4260 4381 4222
f 4387 4293 4834
f 4136 4501 4605
f 3994 4196 4294
f 4159 4467 4197
f 4363 4229 4075
f 4681 4229 4363
f 4536 4271 4161
f 4233 4393 4432
f 4338 4200 4337
f 4393 4163 4394
f 4050 4234 4394
f 4299 4103 4104
f 4237 4238 3972
f 4368 4240 4239
f 4385 4307 3959
f 3959 4172 4385
f 4241 4290 4262
f 4383 4266 4143
f 4292 4330 4264
f 4383 4143 4072
f 4308 4225 4345
f 4225 4308 4277
f 4277 4308 4346
f 4242 4277 4346
f 4242 4346 4309
f 4265 4311 4224
f 4357 4310 4278
f 4312 4224 4311
f 4111 4244 4176
f 4279 4224 4312
f 4279 4312 4314
f 4280 4279 4314
f 4281 4315 4372
f 4281 4181 4315
f 4315 4181 4662
f 4662 4181 4317
f 4552 4058 4247
f 4552 4283 4058
f 4087 4521 4407
f 4147 4452 4521
f 4249 4148 4408
f 4289 4485 4120
f 4212 4454 4036
f 4123 4352 4375
f 4065 4321 4414
f 4254 4253 4377
f 4254 4322 4323
f 4321 4153 4353
f 4457 4187 4268
f 4126 4216 4354
f 4418 4189 4327
f 4287 4327 4189
f 4419 4327 4287
f 4421 4493 4128
f 4494 4258 4257
f 4068 4218 4329
f 4379 4355 4259
f 4288 4461 4426
f 4334 4227 4135
f 4159 4227 4334
f 4501 3994 4294
f 4468 4196 4295
f 4362 4228 4198
f 4134 4470 4231
f 4231 4470 4336
f 4296 4271 4535
f 4271 4536 4535
f 4272 4339 4164
f 4164 4339 4297
f 4298 4165 4471
f 4297 4433 4202
f 4395 4202 4433
f 4103 4299 4506
f 4165 4235 4471
f 4104 4300 4299
f 4235 4365 4471
f 4236 4340 4301
f 4201 4473 4303
f 4342 4341 4167
f 4342 4167 4304
f 4473 4239 4303
f 4304 4343 4366
f 4365 4203 4474
f 4203 4142 4474
f 4306 4275 4437
f 4204 4397 4274
f 4439 4274 4397
f 4439 4142 4168
f 4398 4275 4307
f 4385 4172 4441
f 4172 4173 4441
f 4170 4400 4276
f 4290 4463 4292
f 4330 4384 4267
f 4384 4332 4267
f 4267 4332 4225
f 4332 4345 4225
f 4308 4370 4346
f 4383 4310 4386
f 4359 4386 4310
f 4347 4265 4309
f 4311 4265 4347
f 4357 4359 4310
f 4111 4405 4348
f 4348 4244 4111
f 4517 4314 4312
f 4246 4450 4245
f 4246 4280 4450
f 4371 4519 4179
f 4407 4451 4146
f 4520 4283 4552
f 4116 4407 4146
f 4283 4349 4284
f 4182 4373 4484
f 4148 4598 4408
f 4089 4410 4485
f 4485 4289 4089
f 4036 4454 4252
f 4320 4214 4526
f 4214 4456 4526
f 4214 4414 4456
f 4376 4413 4091
f 4413 4253 4151
f 4324 4066 4415
f 4415 4066 4416
f 4094 4325 4416
f 4216 4187 4492
f 4126 4354 4635
f 4378 4326 4126
f 4326 4378 4458
f 4494 4257 4459
f 4459 4257 4191
f 4379 4192 4258
f 4194 4222 4427
f 4294 4196 4468
f 4534 4362 4269
f 4388 4361 4390
f 4363 4075 4160
f 4134 4681 4470
f 4470 4573 4336
f 4336 4574 4232
f 4364 4536 4161
f 4232 4391 4199
f 4161 4233 4364
f 4364 4233 4432
f 4391 4337 4199
f 4338 4392 4272
f 4507 4201 4273
f 4300 4341 4342
f 4302 4396 4106
f 4305 4435 4367
f 4305 4436 4343
f 4473 4368 4239
f 4508 4365 4474
f 4358 4306 4437
f 4437 4275 4398
f 4384 4442 4332
f 4345 4369 4402
f 4332 4369 4345
f 4308 4345 4370
f 4345 4402 4370
f 4359 4443 4386
f 4346 4370 4447
f 4309 4346 4448
f 4309 4448 4347
f 4357 4207 4359
f 4312 4311 4404
f 4348 4405 4449
f 4313 4372 4482
f 4244 4348 4371
f 4371 4406 4519
f 4317 4282 4591
f 4591 4282 4665
f 4349 4283 4520
f 4208 4182 4484
f 4249 4408 4250
f 4374 4149 4668
f 4453 4318 4120
f 4453 4212 4318
f 4454 4352 4252
f 4377 4322 4254
f 4263 4255 4490
f 4263 4457 4154
f 4457 4268 4154
f 4491 4187 4457
f 4492 4354 4216
f 4328 4422 4421
f 4329 4422 4328
f 4218 4423 4329
f 4429 4259 4702
f 4381 4260 4429
f 4259 4429 4260
f 4222 4381 4427
f 4226 4604 4834
f 4467 4534 4269
f 4388 4389 4361
f 4336 4573 4574
f 4337 4392 4338
f 4504 4393 4394
f 4392 4505 4272
f 4272 4505 4339
f 4394 4234 4539
f 4297 4339 4433
f 4304 4366 4342
f 4302 4358 4645
f 4305 4367 4436
f 4343 4436 4366
f 4358 4437 4645
f 4204 4344 4617
f 4617 4397 4204
f 4439 4438 4142
f 4240 4440 4170
f 4441 4173 4399
f 4290 4241 4400
f 4292 4463 4466
f 4292 4466 4330
f 4266 4383 4476
f 4383 4533 4476
f 4383 4386 4533
f 4430 4402 4369
f 4496 4370 4402
f 4428 4443 4359
f 4446 4428 4359
f 4403 4347 4448
f 4403 4404 4311
f 4347 4403 4311
f 4359 4207 4465
f 4207 4313 4482
f 4312 4404 4517
f 4518 4405 4245
f 4372 4315 4659
f 4519 4663 4316
f 4665 4248 4451
f 4247 4664 4552
f 4350 4284 4349
f 4373 4351 4285
f 4409 4250 4408
f 4409 4209 4250
f 4522 4209 4409
f 4209 4522 4410
f 4291 4088 4523
f 4523 4088 4210
f 4668 4149 4331
f 4453 4120 4485
f 4557 4331 4411
f 4486 4411 4319
f 4212 4453 4454
f 4486 4251 4524
f 4251 4455 4524
f 4286 4412 4455
f 4489 4323 4322
f 4255 4323 4489
f 4353 4324 4560
f 4187 4491 4492
f 4416 4325 4417
f 4188 4418 4325
f 4127 4458 4420
f 4420 4256 4127
f 4637 4191 4256
f 4493 4421 4638
f 4191 4637 4459
f 4495 4258 4494
f 4329 4423 4422
f 4495 4379 4258
f 4218 4219 4426
f 4259 4355 4702
f 4194 4427 4356
f 4334 4135 4784
f 4500 4159 4334
f 4361 4389 4431
f 4388 4390 4431
f 4361 4431 4390
f 4502 4335 4270
f 4502 4270 4296
f 4503 4502 4296
f 4296 4535 4503
f 4232 4574 4391
f 4392 4337 4391
f 4504 4432 4393
f 4234 4298 4539
f 4539 4298 4540
f 4471 4365 4508
f 4201 4507 4473
f 4340 4105 4472
f 4105 4434 4472
f 4395 4433 4435
f 4300 4342 4614
f 4106 4434 4105
f 4301 4542 4237
f 4396 4302 4722
f 4542 4238 4237
f 4366 4509 4342
f 4367 4435 4541
f 4722 4302 4645
f 4238 4543 4344
f 4344 4543 4617
f 4142 4438 4474
f 4368 4440 4240
f 4510 4307 4385
f 4510 4385 4441
f 4400 4170 4462
f 4703 4290 4400
f 4401 4360 4655
f 4360 4266 4476
f 4466 4529 4330
f 4330 4529 4384
f 4529 4511 4384
f 4384 4511 4442
f 4332 4442 4478
f 4332 4478 4369
f 4478 4430 4369
f 4464 4443 4444
f 4444 4443 4428
f 4444 4428 4445
f 4496 4402 4430
f 4445 4428 4446
f 4481 4447 4370
f 4448 4346 4447
f 4516 4403 4448
f 4359 4465 4446
f 4403 4549 4404
f 4465 4207 4624
f 4207 4482 4624
f 4405 4518 4449
f 4482 4372 4625
f 4371 4348 4449
f 4245 4483 4518
f 4517 4280 4314
f 4551 4280 4517
f 4245 4450 4483
f 4280 4551 4450
f 4316 4663 4247
f 4484 4373 4627
f 4499 4410 4522
f 4453 4558 4454
f 4454 4558 4352
f 4286 4382 4698
f 4414 4321 4488
f 4377 4633 4322
f 4560 4324 4415
f 4418 4327 4636
f 4458 4378 4532
f 4563 4327 4419
f 4256 4420 4637
f 4461 4564 4426
f 4380 4460 4461
f 4226 4834 4293
f 4501 4606 4605
f 4159 4607 4467
f 4389 4388 4431
f 4362 4571 4228
f 4295 4138 4572
f 4138 4139 4469
f 4139 4335 4469
f 4537 4392 4391
f 4612 4394 4539
f 4505 4576 4339
f 4433 4339 4576
f 4300 4614 4299
f 4433 4578 4435
f 4434 4106 4396
f 4578 4541 4435
f 4439 4397 4581
f 4397 4618 4581
f 4438 4439 4581
f 4398 4307 4510
f 4170 4440 4462
f 4401 4655 4399
f 4703 4463 4290
f 4360 4475 4655
f 4360 4476 4475
f 4511 4477 4442
f 4442 4477 4478
f 4533 4386 4497
f 4386 4443 4497
f 4530 4497 4443
f 4514 4530 4443
f 4464 4514 4443
f 4515 4464 4444
f 4515 4479 4464
f 4565 4496 4430
f 4445 4515 4444
f 4445 4480 4515
f 4445 4446 4480
f 4480 4446 4624
f 4448 4447 4547
f 4465 4624 4446
f 4403 4516 4549
f 4625 4372 4659
f 4659 4315 4662
f 4662 4317 4591
f 4663 4664 4247
f 4407 4770 4451
f 4521 4553 4407
f 4208 4484 4598
f 4556 4408 4598
f 4523 4210 4374
f 4410 4499 4485
f 4485 4499 4596
f 4557 4668 4331
f 4455 4412 4524
f 4352 4487 4375
f 4375 4527 4376
f 4527 4413 4376
f 4528 4253 4413
f 4456 4414 4488
f 4528 4377 4253
f 4489 4815 4255
f 4490 4255 4815
f 4634 4321 4353
f 4126 4635 4562
f 4126 4562 4378
f 4738 4419 4493
f 4495 4355 4379
f 4218 4426 4595
f 4424 4356 4672
f 4426 4564 4595
f 4425 4460 4380
f 4500 4607 4159
f 4534 4571 4362
f 4572 4138 4714
f 4574 4537 4391
f 4364 4432 4504
f 4504 4394 4611
f 4392 4538 4505
f 4611 4394 4612
f 4298 4471 4540
f 4614 4506 4299
f 4273 4506 4507
f 4301 4340 4579
f 4340 4472 4579
f 4507 4616 4473
f 4342 4509 4614
f 4473 4616 4368
f 4569 4509 4366
f 4542 4543 4238
f 4508 4474 4676
f 4367 4531 4436
f 4474 4438 4544
f 4704 4703 4400
f 4466 4463 4641
f 4703 4641 4463
f 4655 4475 4690
f 4511 4512 4477
f 4477 4512 4513
f 4513 4430 4478
f 4477 4513 4478
f 4565 4430 4513
f 4464 4479 4498
f 4479 4546 4498
f 4479 4515 4585
f 4546 4479 4585
f 4370 4496 4587
f 4370 4587 4481
f 4447 4481 4548
f 4547 4447 4548
f 4516 4448 4547
f 4624 4482 4625
f 4550 4371 4449
f 4371 4550 4406
f 4450 4551 4483
f 4666 4349 4520
f 4626 4521 4452
f 4349 4554 4350
f 4373 4771 4627
f 4409 4408 4556
f 4373 4285 4771
f 4291 4810 4285
f 4522 4409 4667
f 4291 4644 4810
f 4499 4522 4667
f 4523 4374 4854
f 4568 4485 4596
f 4485 4568 4453
f 4486 4524 4736
f 4412 4811 4524
f 4286 4698 4412
f 4487 4352 4525
f 4382 4320 4699
f 4526 4456 4631
f 4528 4633 4377
f 4633 4857 4322
f 4634 4353 4560
f 4490 4599 4263
f 4599 4457 4263
f 4669 4415 4416
f 4492 4740 4354
f 4354 4740 4635
f 4593 4325 4418
f 4562 4532 4378
f 4738 4563 4419
f 4738 4493 4638
f 4494 4459 4603
f 4356 4739 4672
f 4427 4674 4356
f 4381 4674 4427
f 4098 4605 4751
f 4135 4333 4784
f 4501 4294 4606
f 4836 4571 4534
f 4468 4295 4572
f 4160 4228 4680
f 4160 4680 4837
f 4138 4469 4714
f 4536 4364 4649
f 4575 4504 4611
f 4576 4505 4650
f 4577 4433 4576
f 4577 4578 4433
f 4471 4508 4540
f 4507 4506 4615
f 4676 4540 4508
f 4541 4580 4367
f 4601 4569 4366
f 4367 4580 4531
f 4531 4601 4436
f 4601 4366 4436
f 4676 4474 4544
f 4397 4617 4618
f 4544 4438 4581
f 4400 4462 4704
f 4545 4441 4399
f 4545 4399 4655
f 4642 4475 4476
f 4476 4533 4642
f 4529 4582 4511
f 4512 4511 4582
f 4597 4533 4497
f 4567 4513 4512
f 4567 4565 4513
f 4656 4514 4464
f 4498 4656 4464
f 4656 4498 4570
f 4570 4498 4546
f 4515 4586 4585
f 4516 4547 4588
f 4588 4549 4516
f 4404 4549 4566
f 4404 4566 4517
f 4518 4660 4449
f 4660 4518 4483
f 4449 4660 4550
f 4551 4590 4483
f 4406 4734 4519
f 4451 4770 4665
f 4407 4553 4770
f 4554 4349 4666
f 4553 4521 4626
f 4452 4350 4555
f 4771 4285 4810
f 4523 4644 4291
f 4854 4374 4668
f 4411 4486 4557
f 4559 4453 4568
f 4558 4453 4559
f 4558 4559 4352
f 4559 4525 4352
f 4382 4699 4698
f 4320 4526 4699
f 4527 4375 4487
f 4528 4413 4527
f 4322 4857 4489
f 4599 4561 4457
f 4457 4561 4491
f 4417 4325 4593
f 4636 4327 4563
f 4532 4420 4458
f 4459 4637 4603
f 4639 4638 4421
f 4422 4639 4421
f 4495 4494 4640
f 4422 4423 4670
f 4218 4595 4423
f 4461 4673 4564
f 4461 4460 4673
f 4674 4381 4702
f 4429 4702 4381
f 4752 4605 4606
f 4606 4294 4679
f 4294 4468 4647
f 4680 4228 4571
f 4837 4363 4160
f 4786 4681 4363
f 4503 4335 4502
f 4503 4535 4608
f 4573 4610 4574
f 4535 4536 4609
f 4537 4574 4715
f 4364 4504 4575
f 4392 4537 4538
f 4650 4505 4538
f 4652 4613 4539
f 4507 4615 4616
f 4509 4685 4614
f 4434 4721 4472
f 4616 4653 4368
f 4368 4653 4440
f 4510 4441 4545
f 4466 4845 4529
f 4582 4583 4512
f 4512 4583 4567
f 4597 4497 4530
f 4570 4546 4584
f 4584 4546 4802
f 4646 4587 4496
f 4565 4646 4496
f 4546 4585 4802
f 4621 4586 4515
f 4515 4480 4621
f 4623 4481 4587
f 4480 4624 4622
f 4623 4548 4481
f 4547 4548 4589
f 4547 4589 4588
f 4566 4590 4517
f 4551 4517 4590
f 4555 4350 4554
f 4592 4484 4627
f 4484 4710 4598
f 4667 4628 4499
f 4523 4854 4938
f 4525 4602 4487
f 4527 4487 4813
f 4527 4632 4528
f 4634 4488 4321
f 4561 4492 4491
f 4593 4418 4636
f 4494 4603 4640
f 4594 4355 4495
f 4425 4821 4902
f 4424 4821 4425
f 4674 4739 4356
f 4784 4333 4750
f 4679 4294 4647
f 4467 4607 4534
f 4647 4468 4753
f 4468 4572 4753
f 4470 4682 4780
f 4470 4681 4682
f 4470 4780 4573
f 4608 4535 4609
f 4609 4536 4649
f 4574 4610 4715
f 4575 4649 4364
f 4612 4539 4613
f 4650 4577 4576
f 4539 4540 4652
f 4577 4705 4578
f 4578 4705 4541
f 4614 4720 4506
f 4615 4745 4616
f 4472 4721 4579
f 4759 4301 4579
f 4580 4688 4531
f 4749 4581 4618
f 4398 4510 4726
f 4641 4845 4466
f 4529 4675 4582
f 4675 4619 4582
f 4619 4643 4582
f 4583 4582 4643
f 4642 4533 4597
f 4643 4567 4583
f 4600 4597 4530
f 4643 4565 4567
f 4646 4731 4587
f 4620 4586 4621
f 4585 4586 4620
f 4480 4622 4621
f 4661 4406 4550
f 4406 4661 4734
f 4591 4665 4769
f 4552 4664 4806
f 4552 4806 4666
f 4520 4552 4666
f 4554 4666 4807
f 4452 4555 4626
f 4484 4592 4710
f 4809 4598 4710
f 4826 4409 4556
f 4644 4523 4938
f 4596 4499 4824
f 4781 4596 4824
f 4596 4781 4568
f 4524 4811 4736
f 4525 4559 4629
f 4602 4525 4629
f 4699 4526 4631
f 4813 4630 4527
f 4632 4527 4630
f 4632 4633 4528
f 4815 4599 4490
f 4986 4560 4415
f 4669 4416 4417
f 4420 4737 4637
f 4639 4422 4670
f 4425 4746 4460
f 4746 4425 4902
f 4424 4672 4821
f 4333 4387 4750
f 4876 4607 4500
f 4607 4785 4534
f 4534 4785 4836
f 4363 4837 4786
f 4335 4648 4469
f 4648 4335 4503
f 4648 4503 4608
f 4758 4537 4756
f 4537 4758 4538
f 4650 4718 4577
f 4652 4651 4613
f 4718 4705 4577
f 4652 4540 4684
f 4540 4676 4684
f 4506 4720 4883
f 4506 4883 4615
f 4685 4720 4614
f 4745 4653 4616
f 4434 4840 4721
f 4434 4396 4840
f 4301 4759 4542
f 4542 4759 4723
f 4541 4713 4580
f 4795 4569 4601
f 4544 4654 4676
f 4688 4687 4531
f 4725 4645 4437
f 4543 4832 4617
f 4832 4689 4617
f 4725 4437 4398
f 4617 4689 4618
f 4654 4544 4581
f 4462 4440 4724
f 4822 4703 4704
f 4545 4655 4727
f 4845 4675 4529
f 4728 4643 4619
f 4742 4600 4530
f 4514 4742 4530
f 4565 4643 4646
f 4657 4656 4570
f 4570 4584 4657
f 4584 4764 4657
f 4802 4764 4584
f 4802 4585 4620
f 4620 4621 4748
f 4731 4693 4587
f 4587 4693 4623
f 4624 4658 4622
f 4623 4766 4548
f 4624 4625 4658
f 4548 4766 4589
f 4588 4589 4804
f 4549 4588 4804
f 4804 4694 4549
f 4549 4694 4566
f 4695 4566 4694
f 4625 4659 4732
f 4483 4590 4660
f 4660 4661 4550
f 4519 4734 4663
f 4770 4805 4665
f 4553 4626 4696
f 4626 4555 4808
f 4556 4598 4809
f 4667 4409 4826
f 4697 4668 4557
f 4559 4568 4772
f 4698 4811 4412
f 4602 4813 4487
f 4857 4633 4632
f 4631 4456 4920
f 4634 4560 4986
f 4900 4740 4492
f 4817 4635 4740
f 4420 4532 4677
f 4777 4603 4637
f 4670 4423 4859
f 4859 4423 4595
f 4701 4702 4355
f 4671 4595 4564
f 4673 4460 4746
f 4387 4834 5003
f 4604 4098 4835
f 4752 4751 4605
f 4784 4500 4334
f 4754 4714 4469
f 4648 4754 4469
f 4573 4780 4610
f 4608 4683 4648
f 4537 4715 4756
f 4538 4758 4650
f 4652 4684 4651
f 4705 4713 4541
f 4686 4579 4721
f 4579 4686 4794
f 4743 4684 4676
f 4509 4569 4792
f 4685 4509 4792
f 4542 4723 4543
f 4543 4723 4832
f 4712 4580 4713
f 4580 4712 4688
f 4531 4687 4601
f 4743 4676 4654
f 4653 4724 4440
f 4725 4398 4726
f 4654 4581 4762
f 4581 4749 4762
f 4462 4724 4704
f 4726 4510 4545
f 4703 4822 4641
f 4727 4655 4690
f 4475 4642 4690
f 4675 4691 4619
f 4691 4728 4619
f 4597 4707 4642
f 4706 4514 4656
f 4656 4730 4706
f 4656 4657 4730
f 4643 4729 4646
f 4621 4692 4748
f 4692 4621 4622
f 4623 4693 4766
f 4658 4625 4732
f 4695 4590 4566
f 4590 4695 4733
f 4660 4590 4733
f 4660 4733 4661
f 4659 4662 5012
f 4662 4591 4933
f 4806 4664 4663
f 4553 4735 4770
f 4553 4696 4735
f 4554 4808 4555
f 4556 4809 5013
f 4556 5013 4826
f 4499 4628 4824
f 4854 4668 4697
f 4568 4781 4772
f 4557 4486 4983
f 4772 4678 4559
f 4983 4486 4736
f 4629 4559 4678
f 4602 4629 4812
f 4456 4488 4920
f 4908 4492 4561
f 4562 4635 4817
f 4420 4677 4737
f 4738 4638 4819
f 4637 4737 4777
f 4638 4639 4700
f 4594 4701 4355
f 4836 4680 4571
f 4753 4572 4878
f 4572 4714 4878
f 4681 4786 4682
f 4754 4648 4755
f 4683 4755 4648
f 4649 4838 4609
f 4757 4649 4575
f 4789 4611 4612
f 4650 4758 4716
f 4717 4789 4612
f 4612 4613 4717
f 4650 4716 4718
f 4651 4717 4613
f 4705 4741 4744
f 4720 4685 4792
f 4744 4713 4705
f 4794 4759 4579
f 4745 4796 4653
f 4601 4687 4761
f 4712 4761 4688
f 4761 4687 4688
f 4743 4654 4778
f 4689 4749 4618
f 4704 4747 4822
f 4726 4545 4887
f 4822 4870 4641
f 4845 4708 4675
f 4708 4711 4675
f 4675 4711 4691
f 4642 4707 4690
f 4691 4711 4728
f 4729 4643 4728
f 4706 4742 4514
f 4730 4709 4706
f 4646 4729 4731
f 4657 4764 4730
f 4802 4847 4764
f 4589 4893 4804
f 4694 4804 4776
f 4666 4874 4807
f 4806 4874 4666
f 4696 4626 4936
f 4808 4936 4626
f 4810 4644 4911
f 4992 4628 4667
f 4697 4855 4854
f 4781 4824 4991
f 4811 4698 4939
f 4602 4896 4813
f 4898 4489 4857
f 4815 4489 4898
f 4603 4774 4640
f 4639 4670 4779
f 4673 4746 5001
f 4674 4861 4739
f 4604 4835 4834
f 4387 5003 4750
f 4098 4751 5074
f 4683 4608 4787
f 4715 4610 4880
f 4881 4715 4880
f 4756 4715 4881
f 4756 4788 4758
f 4882 4575 4611
f 4966 4611 4789
f 4741 4718 4716
f 4718 4741 4705
f 4719 4790 4651
f 4651 4684 4719
f 4719 4684 4743
f 4745 4615 4883
f 4775 4713 4744
f 4396 4722 4841
f 4841 4722 4760
f 4722 4645 4760
f 4761 4795 4601
f 4713 4775 4712
f 4796 4724 4653
f 4791 4743 4778
f 4654 4830 4778
f 4830 4654 4762
f 4747 4704 4783
f 4887 4545 4727
f 4870 4845 4641
f 4727 4690 4945
f 4708 4763 4711
f 4708 4799 4763
f 4763 4728 4711
f 4917 4707 4866
f 4729 4728 4763
f 4866 4707 4597
f 4600 4866 4597
f 4731 4889 4693
f 4748 4765 4620
f 4620 4765 4803
f 4622 4658 4890
f 4693 4849 4766
f 4589 4766 4767
f 4893 4589 4767
f 4732 4659 5012
f 4733 4695 4768
f 4768 4661 4733
f 4933 5012 4662
f 4805 4769 4665
f 4807 4935 4554
f 4696 4936 4934
f 4808 4554 4935
f 4894 4771 5062
f 4627 4771 4894
f 4628 4992 4824
f 4736 4811 4895
f 4678 4856 4629
f 4698 4699 4897
f 4631 5053 4699
f 4920 4488 4998
f 4908 4900 4492
f 4816 4669 4858
f 4858 4669 4417
f 4636 4563 4940
f 4562 4782 4532
f 4563 4773 4940
f 4563 4738 4773
f 4773 4738 4819
f 4700 4819 4638
f 4640 4594 4495
f 4859 4595 4820
f 4595 4671 4820
f 4903 4746 4902
f 4739 4861 4942
f 4702 4860 4674
f 4752 4606 4922
f 4606 4679 4922
f 5076 4607 4876
f 4679 4963 4922
f 5076 4785 4607
f 4963 4679 4647
f 4683 4833 4755
f 4833 4683 4787
f 4787 4608 4838
f 4609 4838 4608
f 4838 4649 4757
f 4756 4881 4788
f 4882 4757 4575
f 4966 4882 4611
f 4716 4758 4864
f 4952 4789 4717
f 4865 4741 4716
f 4790 4717 4651
f 4741 4862 4744
f 4791 4790 4719
f 4743 4791 4719
f 4884 4745 4883
f 4721 4793 4686
f 4884 4796 4745
f 4840 4793 4721
f 4840 4396 4841
f 4725 4760 4645
f 4797 4712 4775
f 4761 4712 4797
f 4726 4887 4725
f 4724 4783 4704
f 4845 4798 4708
f 4799 4708 4798
f 4690 4707 4945
f 4729 4763 4954
f 4742 4866 4600
f 4996 4866 4742
f 4996 4742 4823
f 4706 4823 4742
f 4706 4800 4823
f 4706 4709 4800
f 4873 4731 4729
f 4709 4730 4801
f 4764 4801 4730
f 4802 4620 4803
f 4889 4849 4693
f 4848 4622 4890
f 4692 4622 4848
f 4692 4828 4748
f 4748 4828 4765
f 4849 4891 4766
f 4658 4732 4981
f 4767 4766 4891
f 4694 4850 4695
f 4768 4695 4850
f 4851 4734 4768
f 4768 4734 4661
f 4734 4851 4663
f 4805 4770 4735
f 4934 4735 4696
f 4627 4894 4592
f 4771 4810 5062
f 4667 4826 4992
f 4911 4644 4958
f 4644 4938 4958
f 4697 4557 4983
f 4812 4629 4856
f 4897 4939 4698
f 4602 4812 4896
f 4814 4630 4813
f 4630 4985 4632
f 4632 4985 4857
f 4920 5053 4631
f 4998 4488 4899
f 4488 4634 4899
f 4634 4986 4899
f 5017 4561 4599
f 4986 4415 4816
f 4415 4669 4816
f 4417 4593 4988
f 4593 4636 4988
f 4988 4636 4940
f 4562 4817 4782
f 4532 4782 4818
f 4532 4818 4677
f 4737 4677 5018
f 4737 5018 4777
f 4777 4774 4603
f 4779 4670 4859
f 4672 4739 4821
f 4671 4564 4827
f 4673 4827 4564
f 4673 5001 4827
f 4860 4861 4674
f 4098 5074 4835
f 4785 5004 4836
f 4682 4786 5033
f 4754 4755 4879
f 4755 4833 4879
f 4780 4960 4610
f 4960 4880 4610
f 4787 4838 4926
f 4882 4838 4757
f 4789 4952 4966
f 4716 4864 4865
f 4968 4952 4717
f 4717 4790 4968
f 4865 4862 4741
f 4831 4790 4791
f 4791 4868 4831
f 4744 4862 4904
f 4792 4569 4839
f 4794 4971 4759
f 4904 4775 4744
f 4569 4795 4839
f 4868 4791 4829
f 4904 4842 4775
f 4910 4795 4761
f 4843 4910 4797
f 4910 4761 4797
f 4832 4916 4885
f 4832 4723 4916
f 4775 4842 4825
f 4724 4796 4783
f 4760 4725 4928
f 4775 4825 4886
f 4886 4797 4775
f 4797 4886 4843
f 4829 4791 4778
f 4829 4778 4875
f 4885 4689 4832
f 4885 4844 4689
f 4844 4749 4689
f 4778 4830 4875
f 4725 4887 5028
f 4867 4762 4749
f 4762 4867 4830
f 4887 4727 4975
f 4975 4727 4945
f 4845 4863 4798
f 4846 4798 4863
f 4798 4846 4799
f 4799 4846 4763
f 4763 4846 4954
f 4729 4954 4873
f 4907 4823 4800
f 4873 4889 4731
f 4847 4802 5042
f 4803 5042 4802
f 4889 4980 4849
f 4803 4765 5010
f 4981 4890 4658
f 4692 4848 4828
f 4776 4804 4892
f 4776 4932 4694
f 4694 4932 4850
f 4663 4851 4852
f 4806 4663 4852
f 4806 4852 4874
f 4853 4807 4874
f 4936 4808 4937
f 4937 4808 4935
f 5013 4809 4951
f 5062 4810 5014
f 4810 4911 5014
f 4781 4991 4984
f 4781 4984 4772
f 4984 4678 4772
f 4983 4736 5047
f 4814 4813 4896
f 4699 5053 4897
f 4815 4898 4914
f 5016 4815 4914
f 4815 5016 4599
f 5016 5017 4599
f 4740 4900 4901
f 4819 4700 5106
f 4700 4639 4779
f 4640 4941 4594
f 5001 4746 4903
f 4739 4942 4821
f 4702 4701 4860
f 4834 5073 5003
f 5076 5004 4785
f 4877 4647 4753
f 4836 5004 4680
f 4680 4923 4837
f 4754 4878 4714
f 4960 4780 4965
f 4682 5033 4780
f 4780 5033 4965
f 4926 4838 4882
f 4788 4967 4758
f 4864 4758 4967
f 4913 4968 4790
f 5021 4862 4865
f 4790 4831 4913
f 4862 4947 4904
f 4792 4969 4720
f 4969 4792 4839
f 4904 4906 4842
f 4871 4868 4829
f 4842 4909 4869
f 4842 4869 4825
f 4905 4871 4829
f 4886 4825 4869
f 4725 5028 4928
f 4875 4905 4829
f 4749 4844 4867
f 4830 4867 4875
f 4870 4918 4845
f 4944 4888 4863
f 4845 4944 4863
f 4918 4944 4845
f 4872 4863 4888
f 4976 4863 4872
f 4863 4976 4846
f 4954 4846 4976
f 4907 4996 4823
f 4907 4800 4977
f 4709 4801 4800
f 4764 5040 4801
f 4764 4847 5040
f 4891 5136 4767
f 4981 4732 5012
f 4850 5045 4768
f 4933 4591 4769
f 4853 4935 4807
f 4938 4854 4855
f 4855 4697 4983
f 4983 5047 5046
f 4736 4895 5047
f 4939 4895 4811
f 4995 4812 4856
f 4995 4896 4812
f 4985 4630 4814
f 4898 4857 4985
f 4561 5017 4908
f 4858 4417 4988
f 4782 4817 4901
f 4901 4817 4740
f 4777 5018 5107
f 4640 4774 4941
f 4859 5109 4779
f 4859 4820 5109
f 4820 4671 4827
f 4835 5073 4834
f 4752 4921 4751
f 4784 4961 4962
f 4962 4500 4784
f 4962 4876 4500
f 4922 5211 4752
f 4647 4877 5077
f 5004 4923 4680
f 4877 4753 5081
f 4753 4878 5081
f 4878 4754 4964
f 4964 4754 4879
f 4879 4833 4924
f 4833 4787 4925
f 4925 4787 4926
f 4990 4881 5034
f 5034 4881 4880
f 4788 4881 4990
f 4915 4913 4831
f 4915 4831 4871
f 4831 4868 4871
f 4953 4871 4943
f 4904 4949 4906
f 4720 4969 4883
f 4927 4884 4883
f 4884 4927 4796
f 4759 4971 4723
f 4971 4916 4723
f 4909 4946 4943
f 4906 4946 4909
f 4842 4906 4909
f 4909 4943 4912
f 4943 4871 4905
f 4912 4943 4905
f 4957 4843 4886
f 4929 4957 4886
f 4930 4869 4909
f 4869 4930 4929
f 4929 4886 4869
f 4844 4885 4972
f 4919 4912 4905
f 4909 4912 4919
f 4930 4909 4919
f 4783 5068 4747
f 4875 4931 4905
f 4931 4919 4905
f 4867 4844 4948
f 4875 4867 4948
f 4931 4875 4948
f 5028 4887 5117
f 4747 4974 4822
f 4822 4974 4870
f 4945 4707 5039
f 5114 4866 4996
f 4954 5027 4873
f 5040 4847 5042
f 5042 4803 5010
f 4891 4849 5009
f 4890 4981 4950
f 4932 5045 4850
f 4768 5045 4851
f 5045 4852 4851
f 4852 5180 4874
f 5180 4853 4874
f 5203 4735 5096
f 4735 4934 5096
f 5097 4710 4592
f 4710 5097 5098
f 5098 4809 4710
f 4826 5013 4992
f 4992 5099 4824
f 4984 4999 4678
f 4856 4678 4999
f 4939 4897 5241
f 4986 4816 5102
f 4908 5024 4900
f 5024 4901 4900
f 4858 4988 4987
f 4988 4940 5104
f 4940 4773 5175
f 4819 5106 4773
f 4902 4821 5050
f 4941 5108 4594
f 4903 4902 5050
f 4860 5116 4861
f 4784 4750 4961
f 5211 4921 4752
f 4876 4962 5076
f 4963 4647 5077
f 4878 4964 5081
f 4786 5032 5033
f 5032 4786 4837
f 4833 4925 4924
f 4960 5034 4880
f 5005 4926 4882
f 4967 4788 4990
f 5005 4882 4966
f 4864 4993 4865
f 4993 5021 4865
f 4968 4913 5006
f 5021 5023 4947
f 4862 5021 4947
f 4953 4915 4871
f 4947 4949 4904
f 4959 4953 4943
f 4949 4959 4946
f 4906 4949 4946
f 4883 4969 5086
f 4959 4943 4946
f 4883 5086 4927
f 4793 4840 4970
f 5036 4795 4910
f 4839 4795 5036
f 4840 4841 4970
f 4783 4796 4927
f 4841 4760 5072
f 4957 5036 4910
f 5072 4760 4928
f 4910 4843 4957
f 4916 4972 4885
f 4989 4957 4929
f 4929 4930 4989
f 4919 4973 4989
f 4930 4919 4989
f 4919 4931 4973
f 4931 4948 4973
f 4887 4975 5117
f 4974 4918 4870
f 4945 5039 4975
f 4944 4955 4888
f 4955 4872 4888
f 4955 4976 4872
f 4707 4917 5039
f 4866 5120 4917
f 4956 4996 4907
f 4907 4977 4956
f 4956 4977 5007
f 4977 4800 4978
f 5027 4979 4873
f 4801 4978 4800
f 4873 4979 4889
f 4979 4980 4889
f 4980 5009 4849
f 4848 4890 4994
f 4848 4994 4828
f 4828 5026 4765
f 4765 5026 5010
f 4981 5012 5011
f 4893 4892 4804
f 4776 4892 4982
f 4982 4932 4776
f 4767 5136 5095
f 4767 5095 4893
f 4592 4894 5097
f 4951 4809 5098
f 5014 4911 5071
f 5071 4911 4958
f 4958 4938 5127
f 4824 5099 5055
f 4824 5055 4991
f 4855 5100 4938
f 4814 4896 4995
f 4920 4998 5053
f 4773 5049 5175
f 4677 4818 5018
f 5107 4774 4777
f 5051 5050 4821
f 5110 5109 4820
f 5110 4820 4827
f 5108 4701 4594
f 4835 5153 5073
f 4750 5003 4961
f 4921 5074 4751
f 5076 5078 5004
f 4923 5032 4837
f 5065 4960 4965
f 4925 5227 4924
f 4960 5065 5123
f 5034 4960 5123
f 4966 5035 5005
f 4966 4952 5035
f 4952 5006 5035
f 4993 4864 4967
f 4952 4968 5006
f 4913 5002 5006
f 5002 4913 4915
f 5023 4949 4947
f 5113 4953 5031
f 4949 5060 4959
f 5031 4953 4959
f 4970 4841 5072
f 5087 4916 4971
f 5088 4957 5054
f 4957 4989 5054
f 5068 5125 4747
f 5020 5054 4989
f 5020 4989 4973
f 5125 4974 4747
f 5022 4948 4844
f 5022 5020 4948
f 4948 5020 4973
f 4918 5000 4944
f 5025 4944 5000
f 4944 5025 4955
f 4955 5025 4976
f 5067 4976 5025
f 4917 5181 5039
f 5120 5181 4917
f 4976 5067 4954
f 4956 4997 4996
f 5007 4977 4978
f 4978 4801 5008
f 4801 5040 5008
f 4950 4994 4890
f 5009 5136 4891
f 4950 4981 5011
f 4828 5043 5026
f 5095 5136 5200
f 4892 4893 5095
f 4932 5138 5045
f 5012 4933 5044
f 5044 4933 4769
f 4852 5215 5180
f 5171 4805 4735
f 4992 5293 5099
f 5100 5127 4938
f 5100 4855 5240
f 5055 5148 4991
f 4991 5148 4984
f 4983 5240 4855
f 5148 5115 4984
f 4999 4984 5115
f 5305 4856 4999
f 4895 4939 5143
f 4995 4856 5305
f 5241 5143 4939
f 4898 4985 5015
f 4998 4899 5059
f 4899 4986 5048
f 4986 5102 5048
f 4782 5105 4818
f 5049 4773 5106
f 5018 5146 5107
f 5019 4774 5107
f 4700 4779 5145
f 4774 5019 4941
f 5051 4821 5176
f 4821 4942 5176
f 5108 5252 4701
f 5116 4860 5186
f 5186 4860 4701
f 5004 5079 4923
f 5079 5032 4923
f 4926 5005 5082
f 5119 4967 4990
f 5029 5021 4993
f 5021 5029 5023
f 4953 5002 4915
f 5023 5060 4949
f 5113 5002 4953
f 5060 5031 4959
f 4839 5036 5085
f 4839 5085 4969
f 5131 4686 4793
f 4794 4686 5232
f 4686 5131 5232
f 5131 4793 4970
f 4794 5037 4971
f 5037 5087 4971
f 5036 4957 5088
f 4928 5028 5149
f 5132 5054 5020
f 4918 5064 5030
f 5117 4975 5090
f 4918 5030 5000
f 5038 5000 5030
f 5039 5090 4975
f 5000 5038 5025
f 5038 5067 5025
f 5091 5027 5067
f 5114 5120 4866
f 5067 5027 4954
f 4997 5114 4996
f 5057 4997 4956
f 4956 5007 5057
f 5007 5092 5057
f 5134 4979 5027
f 4979 5135 4980
f 5041 5009 4980
f 5093 5040 5042
f 5010 5026 5094
f 4892 5095 5237
f 4982 5138 4932
f 5138 5139 5045
f 5171 4735 5203
f 5239 4894 5062
f 5062 5014 5141
f 4995 5101 4814
f 5172 4985 4814
f 4897 5053 5241
f 5015 4985 5172
f 5015 5144 4898
f 5053 4998 5243
f 4898 5144 4914
f 4914 5173 5016
f 5017 5016 5056
f 5056 4908 5017
f 5102 4816 4858
f 5103 5024 5174
f 5024 5103 4901
f 5122 4782 4901
f 5104 4940 5245
f 4782 5122 5105
f 4940 5175 5245
f 4818 5105 5018
f 5018 5178 5146
f 5111 4903 5050
f 4827 5052 5110
f 5001 5052 4827
f 5186 4701 5252
f 4835 5074 5155
f 5153 4835 5155
f 5003 5154 4961
f 4962 4961 5157
f 4962 5157 5075
f 5075 5076 4962
f 5211 4922 5158
f 4922 4963 5158
f 5077 5158 4963
f 5077 4877 5080
f 5079 5004 5078
f 5080 4877 5081
f 5193 5081 4964
f 4879 5226 4964
f 4924 5226 4879
f 4965 5033 5065
f 5082 5126 4925
f 4926 5082 4925
f 5034 5123 5083
f 5034 5119 4990
f 5034 5083 5119
f 5005 5084 5082
f 5035 5084 5005
f 5119 4993 4967
f 5035 5066 5084
f 5035 5006 5066
f 5002 5066 5006
f 5152 5066 5002
f 5029 5069 5023
f 5023 5069 5060
f 5185 5113 5031
f 5060 5185 5031
f 4969 5085 5086
f 5061 4927 5086
f 5088 5063 5036
f 4927 5061 4783
f 5068 4783 5061
f 5087 5147 4916
f 5072 4928 5070
f 4916 5147 4972
f 5070 4928 5149
f 4844 4972 5118
f 5179 5132 5020
f 5028 5117 5149
f 5118 5022 4844
f 5022 5118 5179
f 5020 5022 5179
f 5125 5089 4974
f 4974 5089 4918
f 5089 5064 4918
f 5030 5064 5058
f 5030 5058 5038
f 5067 5038 5058
f 5114 5257 5120
f 5092 5112 5057
f 5007 4978 5092
f 5134 5165 4979
f 4978 5008 5198
f 5008 5040 5166
f 5040 5093 5166
f 5042 5010 5093
f 5010 5094 5093
f 5009 5199 5136
f 4828 4994 5043
f 5043 5170 5026
f 5026 5170 5094
f 4892 5237 5121
f 4982 4892 5121
f 5011 5012 5137
f 5044 4769 5140
f 4805 5140 4769
f 5171 5140 4805
f 5239 5097 4894
f 5239 5062 5141
f 5293 4992 5013
f 5141 5014 5071
f 5127 5071 4958
f 5240 4983 5046
f 5115 5344 4999
f 4995 5305 5101
f 5243 4998 5059
f 5144 5173 4914
f 5173 5056 5016
f 4899 5048 5059
f 5174 4908 5056
f 5024 4908 5174
f 5299 5102 4858
f 4987 5299 4858
f 4901 5103 5122
f 5105 5178 5018
f 5145 4779 5109
f 5019 5108 4941
f 5001 4903 5111
f 4861 5176 4942
f 5073 5153 5003
f 4961 5128 5157
f 5129 5076 5075
f 5078 5076 5129
f 5158 5077 5191
f 5080 5191 5077
f 5078 5129 5079
f 5080 5081 5192
f 5032 5079 5217
f 5033 5217 5225
f 5033 5032 5217
f 5033 5225 5065
f 5227 4925 5126
f 5065 5212 5123
f 5119 5159 4993
f 5159 5029 4993
f 5063 5085 5036
f 5037 4794 5232
f 5063 5088 5130
f 5072 5131 4970
f 5088 5054 5132
f 5255 5118 5147
f 5118 4972 5147
f 5089 5133 5064
f 5064 5133 5058
f 5090 5039 5177
f 5091 5163 5027
f 5164 5124 5112
f 5163 5134 5027
f 5112 5092 5164
f 5092 4978 5336
f 5165 5135 4979
f 4980 5135 5041
f 5041 5290 5009
f 5290 5199 5009
f 5011 4994 4950
f 5170 5169 5094
f 5095 5202 5237
f 4982 5121 5138
f 5200 5202 5095
f 5012 5044 5137
f 5045 5291 4852
f 5096 4934 5267
f 5267 4934 4936
f 4937 5267 4936
f 5013 4951 5343
f 5343 5293 5013
f 5127 5100 5294
f 5240 5294 5100
f 5047 4895 5142
f 4895 5143 5142
f 4814 5101 5172
f 5241 5053 5205
f 5243 5205 5053
f 5106 4700 5247
f 5247 4700 5145
f 5050 5051 5392
f 5392 5051 5250
f 5309 5176 4861
f 5074 5156 5155
f 5003 5153 5154
f 4961 5154 5223
f 4961 5223 5128
f 5279 5074 4921
f 5156 5074 5279
f 5211 5279 4921
f 5157 5221 5075
f 5129 5209 5079
f 5192 5081 5193
f 5183 5123 5212
f 5123 5183 5083
f 5082 5150 5126
f 5082 5084 5150
f 5066 5182 5084
f 5152 5182 5066
f 5159 5069 5029
f 5185 5152 5113
f 5152 5002 5113
f 5188 5060 5069
f 5060 5188 5185
f 5063 5130 5160
f 5085 5063 5160
f 5085 5160 5194
f 5085 5194 5311
f 5086 5085 5311
f 5086 5311 5061
f 5087 5037 5216
f 5087 5216 5147
f 5131 5072 5274
f 5179 5256 5132
f 5089 5161 5133
f 5133 5161 5162
f 5058 5133 5162
f 5067 5058 5162
f 5177 5039 5181
f 5257 5181 5120
f 5163 5091 5220
f 5112 5195 5057
f 5112 5124 5196
f 5112 5196 5195
f 5196 5124 5164
f 5092 5336 5164
f 5336 4978 5198
f 5198 5008 5338
f 5338 5008 5166
f 5093 5094 5169
f 5199 5200 5136
f 4994 5011 5167
f 5168 5043 4994
f 5043 5168 5170
f 5200 5207 5202
f 5139 5138 5121
f 5045 5139 5291
f 5270 4853 5180
f 4935 4853 5270
f 5096 5484 5532
f 4935 5204 4937
f 5071 5439 5141
f 5439 5071 5386
f 5386 5071 5127
f 5268 5240 5046
f 5305 4999 5344
f 5305 5306 5101
f 5172 5151 5015
f 5151 5144 5015
f 5144 5329 5173
f 4988 5276 4987
f 4988 5104 5276
f 5325 5122 5103
f 5303 5105 5122
f 5303 5178 5105
f 5250 5051 5206
f 5051 5176 5206
f 5111 5052 5001
f 5116 5309 4861
f 5153 5155 5277
f 5153 5277 5154
f 5075 5221 5254
f 5075 5254 5129
f 5158 5191 5307
f 5254 5187 5129
f 5187 5209 5129
f 5079 5209 5217
f 4924 5227 5226
f 5065 5225 5212
f 5126 5281 5227
f 5126 5282 5281
f 5083 5219 5119
f 5184 5150 5084
f 5119 5219 5159
f 5182 5184 5084
f 5189 5182 5152
f 5159 5263 5069
f 5185 5189 5152
f 5263 5273 5188
f 5069 5263 5188
f 5188 5271 5185
f 5130 5088 5230
f 5132 5256 5088
f 5061 5310 5068
f 5068 5310 5125
f 5072 5070 5274
f 5233 5118 5255
f 5179 5118 5233
f 5256 5179 5233
f 5125 5210 5089
f 5089 5210 5161
f 5117 5286 5149
f 5090 5286 5117
f 5177 5286 5090
f 5353 5114 4997
f 5236 5195 5196
f 5164 5336 5197
f 5165 5337 5135
f 5166 5093 5214
f 5375 5199 5290
f 5375 5260 5199
f 5168 4994 5167
f 5167 5011 5201
f 5011 5137 5201
f 5170 5208 5169
f 5169 5208 5259
f 5292 5208 5170
f 5137 5044 5342
f 4852 5291 5215
f 5215 5270 5180
f 4937 5238 5267
f 5204 5238 4937
f 5047 5308 5046
f 5101 5295 5172
f 5205 5242 5241
f 5151 5346 5144
f 5173 5297 5056
f 5048 5390 5059
f 5056 5297 5391
f 5056 5391 5174
f 5102 5298 5048
f 5102 5299 5298
f 5391 5190 5174
f 5174 5190 5103
f 4987 5276 5301
f 5325 5303 5122
f 5049 5106 5246
f 5106 5247 5246
f 5107 5304 5019
f 5145 5109 5248
f 5249 5050 5392
f 5052 5409 5110
f 5156 5277 5155
f 5154 5277 5278
f 5278 5223 5154
f 5253 5128 5223
f 5253 5157 5128
f 5253 5221 5157
f 5313 5279 5211
f 5211 5158 5313
f 5307 5313 5158
f 5224 5307 5191
f 5080 5224 5191
f 5187 5315 5209
f 5080 5192 5224
f 5217 5209 5315
f 5258 5217 5315
f 5217 5258 5225
f 4964 5226 5193
f 5282 5126 5150
f 5150 5321 5282
f 5183 5219 5083
f 5321 5150 5184
f 5219 5228 5159
f 5159 5228 5263
f 5264 5184 5182
f 5271 5189 5185
f 5273 5271 5188
f 5230 5283 5130
f 5160 5130 5283
f 5160 5283 5229
f 5160 5229 5194
f 5213 5231 5262
f 5231 5213 5222
f 5311 5310 5061
f 5216 5037 5232
f 5213 5262 5222
f 5147 5216 5255
f 5230 5088 5256
f 5125 5310 5210
f 5316 5274 5070
f 5316 5070 5149
f 5210 5285 5234
f 5234 5161 5210
f 5161 5234 5162
f 5286 5399 5149
f 5235 5067 5162
f 5067 5235 5091
f 5091 5235 5220
f 5181 5257 5275
f 5114 5353 5257
f 5287 5353 4997
f 5287 4997 5057
f 5195 5287 5057
f 5236 5287 5195
f 5164 5197 5196
f 5135 5290 5041
f 5214 5093 5376
f 5376 5093 5169
f 5260 5218 5199
f 5199 5218 5200
f 5200 5218 5207
f 5170 5168 5292
f 5342 5044 5140
f 5203 5096 5532
f 5204 4935 5270
f 4951 5098 5343
f 5239 5141 5439
f 5099 5272 5055
f 5386 5127 5269
f 5055 5272 5148
f 5327 5115 5148
f 5268 5046 5308
f 5115 5327 5344
f 5047 5142 5308
f 5101 5306 5295
f 5243 5059 5244
f 5329 5297 5173
f 5426 5059 5390
f 5312 5103 5190
f 5104 5245 5276
f 5302 5175 5049
f 5146 5304 5107
f 5247 5145 5248
f 5248 5109 5393
f 5360 5050 5249
f 5019 5251 5108
f 5393 5109 5110
f 5360 5111 5050
f 5409 5393 5110
f 5309 5116 5320
f 5116 5186 5320
f 5252 5320 5186
f 5277 5156 5324
f 5324 5156 5279
f 5253 5254 5221
f 5266 5254 5253
f 5313 5307 5351
f 5254 5266 5187
f 5187 5266 5315
f 5315 5266 5347
f 5224 5192 5328
f 5193 5328 5192
f 5328 5193 5394
f 5193 5226 5394
f 5227 5369 5226
f 5212 5280 5332
f 5225 5280 5212
f 5225 5258 5280
f 5355 5183 5332
f 5212 5332 5183
f 5183 5355 5261
f 5183 5261 5219
f 5264 5321 5184
f 5261 5228 5219
f 5189 5264 5182
f 5230 5357 5283
f 5194 5229 5311
f 5262 5231 5222
f 5131 5284 5232
f 5216 5232 5371
f 5230 5256 5334
f 5274 5284 5131
f 5233 5352 5256
f 5310 5265 5210
f 5285 5210 5265
f 5316 5149 5399
f 5234 5235 5162
f 5275 5286 5177
f 5181 5275 5177
f 5353 5275 5257
f 5287 5236 5359
f 5163 5288 5134
f 5134 5288 5289
f 5134 5289 5165
f 5289 5337 5165
f 5135 5337 5374
f 5135 5374 5290
f 5169 5259 5376
f 5201 5168 5167
f 5202 5378 5237
f 5201 5137 5342
f 5207 5218 5341
f 5202 5207 5341
f 5291 5139 5121
f 5292 5339 5208
f 5339 5259 5208
f 5215 5291 5363
f 5097 5465 5098
f 5343 5323 5293
f 5293 5385 5099
f 5272 5099 5385
f 5127 5294 5269
f 5294 5240 5268
f 5272 5314 5148
f 5148 5314 5327
f 5142 5143 5296
f 5143 5241 5296
f 5241 5242 5296
f 5295 5151 5172
f 5243 5244 5205
f 5329 5144 5346
f 5048 5298 5390
f 5299 4987 5300
f 5300 4987 5301
f 5312 5325 5103
f 5245 5175 5302
f 5049 5246 5302
f 5303 5470 5146
f 5178 5303 5146
f 5251 5019 5304
f 5251 5252 5108
f 5206 5176 5473
f 5309 5473 5176
f 5324 5322 5277
f 5278 5277 5322
f 5278 5322 5326
f 5326 5223 5278
f 5402 5223 5326
f 5402 5253 5223
f 5366 5324 5279
f 5253 5402 5400
f 5279 5313 5366
f 5365 5366 5313
f 5253 5330 5266
f 5365 5313 5351
f 5351 5307 5331
f 5266 5358 5347
f 5331 5307 5224
f 5331 5224 5328
f 5315 5347 5258
f 5347 5280 5258
f 5226 5369 5394
f 5281 5369 5227
f 5281 5368 5369
f 5281 5282 5368
f 5282 5318 5368
f 5318 5282 5321
f 5261 5349 5228
f 5354 5321 5264
f 5189 5354 5264
f 5228 5349 5263
f 5271 5354 5189
f 5349 5271 5273
f 5263 5349 5273
f 5283 5357 5333
f 5229 5283 5333
f 5230 5334 5357
f 5229 5319 5311
f 5311 5319 5310
f 5371 5232 5284
f 5352 5334 5256
f 5310 5319 5265
f 5284 5274 5403
f 5255 5216 5317
f 5255 5317 5233
f 5317 5352 5233
f 5316 5403 5274
f 5265 5335 5285
f 5285 5421 5234
f 5234 5421 5235
f 5275 5397 5286
f 5348 5353 5287
f 5359 5348 5287
f 5430 5163 5220
f 5236 5196 5359
f 5336 5198 5338
f 5338 5166 5373
f 5166 5214 5373
f 5373 5214 5376
f 5350 5218 5260
f 5259 5377 5376
f 5339 5377 5259
f 5201 5381 5168
f 5237 5378 5340
f 5237 5340 5121
f 5168 5381 5379
f 5379 5292 5168
f 5291 5121 5340
f 5202 5341 5380
f 5339 5292 5382
f 5464 5140 5171
f 5171 5203 5464
f 5215 5463 5270
f 5203 5532 5464
f 5204 5270 5510
f 5560 5267 5238
f 5239 5384 5097
f 5465 5097 5384
f 5465 5343 5098
f 5384 5239 5406
f 5293 5323 5385
f 5272 5385 5425
f 5425 5314 5272
f 5294 5268 5467
f 5268 5308 5469
f 5142 5535 5308
f 5305 5429 5306
f 5295 5306 5387
f 5295 5387 5345
f 5295 5345 5151
f 5244 5059 5426
f 5297 5329 5410
f 5297 5410 5391
f 5567 5298 5299
f 5509 5325 5312
f 5470 5304 5146
f 5304 5477 5251
f 5434 5250 5206
f 5572 5052 5111
f 5472 5252 5251
f 5320 5252 5472
f 5322 5324 5366
f 5253 5400 5330
f 5365 5351 5411
f 5266 5330 5358
f 5437 5358 5330
f 5411 5351 5331
f 5347 5358 5404
f 5364 5331 5328
f 5364 5328 5394
f 5280 5347 5367
f 5280 5367 5332
f 5368 5318 5370
f 5354 5370 5318
f 5354 5318 5321
f 5355 5398 5349
f 5261 5355 5349
f 5349 5398 5395
f 5349 5395 5354
f 5349 5354 5271
f 5357 5418 5333
f 5317 5216 5371
f 5335 5265 5319
f 5399 5403 5316
f 5335 5527 5285
f 5527 5421 5285
f 5399 5286 5447
f 5447 5286 5397
f 5421 5430 5235
f 5235 5430 5220
f 5353 5422 5275
f 5348 5422 5353
f 5348 5359 5455
f 5336 5338 5372
f 5372 5338 5373
f 5375 5448 5260
f 5260 5448 5350
f 5441 5376 5377
f 5339 5427 5377
f 5350 5361 5218
f 5218 5361 5341
f 5340 5480 5291
f 5342 5381 5201
f 5341 5361 5380
f 5292 5379 5382
f 5339 5382 5424
f 5383 5339 5424
f 5427 5339 5383
f 5342 5140 5464
f 5363 5463 5215
f 5439 5406 5239
f 5386 5487 5439
f 5518 5386 5269
f 5314 5468 5327
f 5327 5468 5344
f 5344 5468 5429
f 5344 5429 5305
f 5306 5429 5387
f 5388 5151 5345
f 5389 5151 5388
f 5151 5389 5346
f 5329 5346 5389
f 5391 5356 5190
f 5567 5299 5300
f 5356 5312 5190
f 5509 5542 5325
f 5362 5470 5303
f 5247 5536 5246
f 5392 5250 5434
f 5570 5434 5206
f 5360 5572 5111
f 5407 5322 5414
f 5326 5322 5407
f 5407 5402 5326
f 5322 5366 5435
f 5414 5322 5435
f 5407 5400 5402
f 5435 5366 5365
f 5435 5365 5411
f 5428 5435 5411
f 5330 5442 5413
f 5437 5330 5413
f 5411 5331 5396
f 5358 5437 5404
f 5331 5364 5396
f 5347 5404 5401
f 5446 5364 5394
f 5432 5446 5394
f 5347 5401 5367
f 5432 5394 5369
f 5368 5432 5369
f 5368 5416 5432
f 5368 5417 5416
f 5431 5332 5415
f 5332 5367 5415
f 5370 5417 5368
f 5417 5370 5431
f 5370 5398 5431
f 5355 5431 5398
f 5332 5431 5355
f 5398 5370 5395
f 5395 5370 5354
f 5418 5525 5333
f 5408 5418 5334
f 5418 5357 5334
f 5229 5333 5419
f 5419 5319 5229
f 5408 5317 5371
f 5352 5317 5408
f 5334 5352 5408
f 5403 5478 5284
f 5419 5335 5319
f 5399 5478 5403
f 5420 5527 5335
f 5275 5422 5397
f 5348 5455 5489
f 5456 5455 5359
f 5430 5288 5163
f 5456 5359 5588
f 5359 5196 5588
f 5196 5197 5588
f 5197 5336 5423
f 5423 5336 5372
f 5337 5457 5374
f 5438 5372 5373
f 5524 5290 5374
f 5482 5375 5290
f 5376 5438 5373
f 5375 5482 5448
f 5433 5350 5448
f 5377 5427 5445
f 5350 5458 5361
f 5378 5202 5459
f 5340 5378 5480
f 5361 5488 5436
f 5361 5436 5380
f 5202 5380 5459
f 5462 5381 5342
f 5382 5379 5461
f 5424 5382 5461
f 5380 5436 5460
f 5291 5480 5363
f 5427 5383 5424
f 5267 5484 5096
f 5267 5560 5484
f 5499 5343 5465
f 5499 5323 5343
f 5385 5323 5499
f 5405 5314 5425
f 5294 5583 5269
f 5294 5467 5583
f 5469 5467 5268
f 5314 5405 5468
f 5142 5296 5535
f 5387 5575 5345
f 5242 5440 5296
f 5502 5440 5242
f 5242 5205 5502
f 5244 5502 5205
f 5426 5511 5244
f 5412 5426 5390
f 5391 5410 5520
f 5390 5298 5412
f 5356 5391 5520
f 5542 5443 5325
f 5325 5443 5303
f 5302 5504 5245
f 5246 5568 5302
f 5247 5248 5536
f 5536 5248 5571
f 5539 5249 5392
f 5249 5539 5537
f 5249 5537 5360
f 5544 5393 5409
f 5473 5541 5206
f 5572 5409 5052
f 5505 5473 5309
f 5320 5505 5309
f 5472 5505 5320
f 5481 5414 5435
f 5407 5414 5481
f 5400 5407 5442
f 5400 5442 5330
f 5442 5407 5476
f 5485 5435 5428
f 5428 5411 5474
f 5474 5411 5396
f 5437 5413 5450
f 5474 5396 5446
f 5446 5396 5364
f 5437 5450 5404
f 5404 5450 5401
f 5367 5401 5415
f 5417 5431 5416
f 5415 5490 5431
f 5408 5371 5453
f 5479 5418 5451
f 5525 5418 5479
f 5333 5525 5452
f 5452 5419 5333
f 5475 5371 5284
f 5371 5475 5453
f 5419 5452 5454
f 5478 5475 5284
f 5335 5419 5454
f 5335 5454 5420
f 5517 5478 5399
f 5447 5517 5399
f 5527 5556 5421
f 5447 5397 5422
f 5489 5422 5348
f 5528 5430 5421
f 5493 5489 5455
f 5430 5528 5516
f 5288 5430 5516
f 5197 5423 5588
f 5288 5558 5289
f 5558 5337 5289
f 5374 5457 5524
f 5290 5524 5482
f 5438 5376 5486
f 5486 5376 5441
f 5445 5441 5377
f 5433 5458 5350
f 5458 5488 5361
f 5444 5445 5427
f 5462 5379 5381
f 5379 5462 5461
f 5488 5444 5436
f 5380 5460 5459
f 5460 5444 5427
f 5436 5444 5460
f 5462 5342 5464
f 5424 5497 5427
f 5460 5427 5497
f 5463 5510 5270
f 5384 5498 5465
f 5465 5466 5499
f 5384 5406 5561
f 5498 5384 5561
f 5385 5499 5501
f 5386 5500 5487
f 5385 5501 5425
f 5500 5386 5518
f 5425 5501 5534
f 5405 5425 5534
f 5469 5308 5535
f 5440 5535 5296
f 5502 5244 5511
f 5329 5449 5410
f 5449 5520 5410
f 5298 5567 5412
f 5509 5312 5356
f 5301 5503 5300
f 5301 5276 5503
f 5276 5504 5503
f 5245 5504 5276
f 5303 5443 5362
f 5246 5536 5568
f 5248 5393 5571
f 5571 5393 5544
f 5471 5251 5477
f 5570 5206 5541
f 5572 5360 5537
f 5472 5251 5471
f 5481 5476 5407
f 5481 5435 5485
f 5483 5481 5485
f 5476 5481 5483
f 5485 5428 5474
f 5442 5476 5514
f 5413 5442 5450
f 5485 5474 5515
f 5442 5514 5450
f 5515 5474 5446
f 5450 5513 5401
f 5512 5446 5432
f 5401 5513 5415
f 5512 5432 5416
f 5416 5490 5512
f 5431 5490 5416
f 5408 5453 5491
f 5418 5408 5491
f 5451 5418 5492
f 5418 5491 5492
f 5451 5526 5479
f 5478 5517 5475
f 5422 5522 5447
f 5522 5422 5489
f 5556 5528 5421
f 5493 5455 5608
f 5455 5456 5608
f 5337 5558 5457
f 5438 5581 5372
f 5581 5438 5550
f 5550 5438 5486
f 5507 5448 5482
f 5433 5573 5458
f 5494 5441 5445
f 5543 5494 5444
f 5573 5488 5458
f 5444 5494 5445
f 5488 5576 5444
f 5378 5459 5519
f 5519 5480 5378
f 5460 5495 5459
f 5363 5480 5519
f 5461 5462 5508
f 5460 5497 5495
f 5519 5463 5363
f 5508 5462 5464
f 5424 5461 5496
f 5497 5424 5496
f 5204 5510 5540
f 5204 5545 5238
f 5465 5498 5466
f 5406 5439 5487
f 5593 5405 5534
f 5518 5269 5563
f 5405 5565 5468
f 5535 5506 5469
f 5429 5547 5387
f 5547 5575 5387
f 5345 5575 5388
f 5389 5548 5329
f 5329 5548 5449
f 5511 5426 5566
f 5412 5566 5426
f 5470 5477 5304
f 5434 5539 5392
f 5471 5630 5472
f 5505 5580 5473
f 5483 5485 5515
f 5476 5483 5514
f 5514 5483 5515
f 5450 5514 5513
f 5515 5446 5512
f 5513 5514 5538
f 5415 5513 5538
f 5538 5512 5490
f 5415 5538 5490
f 5492 5491 5552
f 5475 5523 5453
f 5491 5453 5523
f 5553 5525 5479
f 5517 5523 5475
f 5492 5526 5451
f 5553 5479 5526
f 5522 5517 5447
f 5489 5549 5522
f 5521 5549 5489
f 5489 5493 5521
f 5423 5372 5529
f 5529 5372 5581
f 5595 5482 5524
f 5482 5595 5507
f 5486 5530 5550
f 5530 5486 5441
f 5448 5507 5433
f 5573 5576 5488
f 5444 5576 5543
f 5495 5519 5459
f 5540 5463 5519
f 5461 5508 5496
f 5495 5497 5531
f 5497 5496 5531
f 5463 5540 5510
f 5560 5238 5545
f 5498 5613 5466
f 5466 5533 5499
f 5499 5533 5562
f 5501 5499 5562
f 5500 5643 5487
f 5583 5563 5269
f 5405 5593 5564
f 5405 5564 5565
f 5616 5467 5469
f 5468 5565 5429
f 5535 5440 5647
f 5575 5618 5388
f 5548 5389 5388
f 5567 5300 5503
f 5356 5584 5509
f 5509 5584 5542
f 5503 5504 5620
f 5504 5302 5622
f 5302 5568 5622
f 5443 5598 5362
f 5569 5470 5362
f 5572 5679 5409
f 5541 5473 5580
f 5630 5505 5472
f 5514 5515 5538
f 5538 5515 5512
f 5523 5574 5491
f 5553 5602 5525
f 5637 5454 5452
f 5574 5523 5549
f 5526 5492 5552
f 5639 5553 5526
f 5523 5517 5522
f 5639 5526 5554
f 5420 5454 5555
f 5549 5523 5522
f 5521 5551 5549
f 5521 5587 5551
f 5420 5606 5527
f 5527 5606 5556
f 5521 5493 5607
f 5493 5608 5607
f 5608 5456 5588
f 5516 5640 5288
f 5640 5557 5288
f 5557 5558 5288
f 5588 5423 5589
f 5589 5423 5529
f 5457 5558 5609
f 5457 5610 5524
f 5433 5507 5595
f 5543 5530 5494
f 5530 5441 5494
f 5433 5582 5573
f 5540 5495 5559
f 5495 5540 5519
f 5495 5531 5559
f 5496 5508 5546
f 5546 5508 5464
f 5496 5546 5531
f 5532 5546 5464
f 5591 5546 5532
f 5591 5532 5560
f 5540 5545 5204
f 5560 5532 5484
f 5498 5561 5613
f 5466 5613 5533
f 5561 5406 5642
f 5406 5487 5642
f 5562 5534 5501
f 5534 5562 5593
f 5563 5624 5518
f 5506 5616 5469
f 5625 5440 5502
f 5618 5579 5388
f 5388 5579 5548
f 5511 5625 5502
f 5566 5578 5511
f 5567 5619 5412
f 5520 5650 5356
f 5650 5584 5356
f 5584 5621 5542
f 5542 5621 5443
f 5598 5569 5362
f 5568 5536 5651
f 5470 5623 5477
f 5571 5677 5536
f 5653 5571 5544
f 5477 5596 5471
f 5679 5544 5409
f 5525 5585 5452
f 5552 5491 5626
f 5491 5586 5626
f 5574 5586 5491
f 5552 5626 5603
f 5574 5549 5586
f 5552 5603 5554
f 5552 5554 5526
f 5605 5586 5551
f 5551 5586 5549
f 5599 5639 5554
f 5605 5551 5587
f 5558 5557 5609
f 5589 5529 5664
f 5550 5530 5581
f 5524 5600 5595
f 5597 5582 5433
f 5597 5433 5595
f 5590 5611 5543
f 5530 5543 5611
f 5601 5590 5576
f 5582 5601 5576
f 5582 5576 5573
f 5576 5590 5543
f 5531 5577 5559
f 5540 5559 5577
f 5546 5577 5531
f 5577 5546 5591
f 5591 5545 5577
f 5540 5577 5545
f 5560 5545 5591
f 5561 5641 5613
f 5592 5642 5487
f 5643 5592 5487
f 5500 5594 5643
f 5518 5646 5500
f 5646 5594 5500
f 5624 5646 5518
f 5564 5593 5631
f 5583 5467 5678
f 5564 5615 5565
f 5616 5678 5467
f 5429 5565 5657
f 5676 5547 5429
f 5535 5647 5506
f 5547 5617 5575
f 5579 5654 5548
f 5632 5548 5654
f 5548 5632 5449
f 5632 5520 5449
f 5566 5412 5627
f 5627 5412 5619
f 5520 5636 5650
f 5503 5619 5567
f 5621 5598 5443
f 5569 5623 5470
f 5677 5571 5653
f 5655 5537 5539
f 5633 5434 5570
f 5653 5544 5679
f 5679 5572 5655
f 5655 5572 5537
f 5541 5633 5570
f 5596 5658 5471
f 5471 5658 5630
f 5630 5580 5505
f 5637 5452 5585
f 5602 5585 5525
f 5602 5553 5639
f 5604 5554 5603
f 5605 5587 5607
f 5420 5555 5685
f 5685 5606 5420
f 5587 5521 5607
f 5556 5640 5528
f 5528 5640 5516
f 5608 5588 5663
f 5589 5663 5588
f 5457 5609 5610
f 5664 5529 5581
f 5610 5600 5524
f 5581 5530 5629
f 5611 5629 5530
f 5600 5597 5595
f 5612 5611 5590
f 5601 5612 5590
f 5597 5652 5582
f 5582 5652 5601
f 5533 5613 5614
f 5713 5641 5561
f 5562 5533 5614
f 5631 5562 5614
f 5593 5562 5631
f 5594 5646 5645
f 5615 5564 5631
f 5678 5563 5583
f 5565 5615 5628
f 5628 5657 5565
f 5657 5676 5429
f 5676 5617 5547
f 5617 5618 5575
f 5578 5625 5511
f 5520 5632 5636
f 5627 5578 5566
f 5619 5503 5620
f 5650 5695 5584
f 5584 5695 5621
f 5504 5622 5620
f 5622 5568 5651
f 5677 5651 5536
f 5670 5693 5539
f 5434 5670 5539
f 5633 5670 5434
f 5693 5655 5539
f 5596 5477 5623
f 5633 5541 5675
f 5541 5580 5675
f 5682 5659 5626
f 5659 5660 5626
f 5586 5638 5682
f 5626 5586 5682
f 5603 5626 5660
f 5637 5709 5454
f 5586 5605 5638
f 5683 5555 5454
f 5554 5604 5599
f 5664 5581 5629
f 5612 5629 5611
f 5672 5614 5613
f 5696 5614 5672
f 5614 5696 5631
f 5666 5592 5643
f 5644 5643 5594
f 5643 5644 5667
f 5645 5644 5594
f 5634 5631 5694
f 5631 5634 5615
f 5678 5624 5563
f 5721 5615 5634
f 5615 5721 5628
f 5635 5616 5506
f 5618 5617 5743
f 5647 5440 5656
f 5625 5656 5440
f 5625 5746 5656
f 5578 5746 5625
f 5636 5632 5648
f 5715 5619 5620
f 5620 5622 5774
f 5695 5598 5621
f 5651 5747 5622
f 5693 5726 5655
f 5580 5630 5675
f 5707 5603 5660
f 5602 5661 5585
f 5707 5604 5603
f 5639 5732 5602
f 5732 5661 5602
f 5454 5709 5683
f 5638 5605 5684
f 5639 5599 5732
f 5683 5685 5555
f 5684 5605 5607
f 5662 5556 5606
f 5662 5640 5556
f 5607 5608 5712
f 5712 5608 5663
f 5686 5557 5640
f 5663 5589 5706
f 5706 5589 5664
f 5629 5681 5664
f 5612 5681 5629
f 5600 5673 5597
f 5665 5652 5688
f 5597 5688 5652
f 5665 5601 5652
f 5613 5641 5672
f 5561 5642 5713
f 5696 5694 5631
f 5668 5690 5644
f 5644 5690 5667
f 5666 5643 5667
f 5645 5668 5644
f 5668 5645 5691
f 5646 5691 5645
f 5624 5692 5646
f 5716 5624 5678
f 5721 5674 5628
f 5671 5678 5616
f 5628 5669 5657
f 5506 5647 5649
f 5724 5617 5676
f 5656 5649 5647
f 5618 5743 5579
f 5578 5627 5754
f 5619 5699 5627
f 5648 5704 5636
f 5636 5704 5650
f 5569 5756 5623
f 5720 5670 5633
f 5679 5655 5717
f 5682 5734 5659
f 5637 5585 5751
f 5709 5637 5751
f 5707 5735 5604
f 5604 5736 5599
f 5710 5685 5683
f 5712 5684 5607
f 5711 5606 5685
f 5609 5557 5687
f 5609 5739 5610
f 5610 5750 5600
f 5680 5681 5612
f 5680 5612 5601
f 5665 5680 5601
f 5673 5688 5597
f 5713 5689 5641
f 5672 5641 5689
f 5696 5672 5689
f 5765 5713 5642
f 5741 5642 5592
f 5741 5765 5642
f 5668 5753 5690
f 5634 5694 5702
f 5700 5668 5691
f 5634 5702 5721
f 5714 5691 5646
f 5714 5646 5692
f 5716 5752 5624
f 5716 5678 5671
f 5628 5674 5748
f 5669 5758 5657
f 5657 5758 5676
f 5635 5506 5649
f 5724 5743 5617
f 5579 5743 5723
f 5579 5723 5654
f 5654 5723 5728
f 5754 5746 5578
f 5654 5728 5632
f 5632 5728 5648
f 5619 5715 5699
f 5745 5650 5704
f 5650 5745 5695
f 5747 5774 5622
f 5695 5744 5598
f 5725 5747 5651
f 5677 5725 5651
f 5697 5693 5670
f 5756 5703 5623
f 5703 5596 5623
f 5653 5795 5677
f 5655 5726 5717
f 5675 5720 5633
f 5703 5658 5596
f 5679 5767 5653
f 5675 5630 5705
f 5658 5705 5630
f 5659 5734 5660
f 5771 5734 5682
f 5638 5771 5682
f 5585 5661 5708
f 5585 5708 5751
f 5638 5684 5760
f 5735 5736 5604
f 5736 5737 5599
f 5599 5737 5732
f 5684 5712 5755
f 5711 5662 5606
f 5662 5686 5640
f 5706 5712 5663
f 5687 5557 5686
f 5681 5706 5664
f 5750 5610 5739
f 5680 5877 5681
f 5750 5673 5600
f 5837 5665 5688
f 5696 5689 5733
f 5694 5696 5733
f 5753 5668 5701
f 5753 5719 5690
f 5741 5592 5742
f 5668 5700 5701
f 5719 5718 5690
f 5690 5718 5667
f 5667 5718 5666
f 5742 5592 5666
f 5809 5700 5691
f 5714 5809 5691
f 5702 5784 5721
f 5624 5752 5692
f 5669 5628 5748
f 5635 5671 5616
f 5676 5758 5724
f 5656 5698 5649
f 5746 5698 5656
f 5754 5627 5699
f 5715 5620 5774
f 5695 5745 5744
f 5756 5598 5744
f 5598 5756 5569
f 5670 5720 5697
f 5677 5795 5725
f 5795 5653 5767
f 5767 5679 5717
f 5722 5720 5675
f 5703 5705 5658
f 5660 5734 5759
f 5707 5660 5759
f 5638 5760 5771
f 5707 5759 5735
f 5683 5709 5751
f 5755 5760 5684
f 5762 5732 5737
f 5772 5710 5683
f 5685 5710 5866
f 5738 5755 5712
f 5706 5681 5807
f 5680 5729 5877
f 5729 5680 5665
f 5727 5729 5665
f 5837 5688 5673
f 5837 5727 5665
f 5713 5765 5740
f 5740 5733 5713
f 5713 5733 5689
f 5694 5733 5702
f 5809 5825 5700
f 5714 5692 5766
f 5692 5731 5766
f 5757 5721 5784
f 5721 5757 5674
f 5671 5768 5716
f 5748 5674 5757
f 5724 5803 5743
f 5699 5715 5730
f 5697 5776 5693
f 5776 5787 5693
f 5793 5697 5720
f 5693 5787 5726
f 5675 5789 5722
f 5705 5789 5675
f 5734 5788 5759
f 5734 5771 5788
f 5781 5708 5761
f 5751 5708 5781
f 5683 5751 5781
f 5661 5732 5761
f 5708 5661 5761
f 5829 5782 5736
f 5736 5782 5737
f 5762 5737 5782
f 5761 5732 5762
f 5866 5763 5685
f 5711 5685 5763
f 5738 5769 5755
f 5712 5764 5738
f 5764 5712 5706
f 5706 5807 5764
f 5856 5609 5836
f 5836 5609 5687
f 5609 5856 5739
f 5681 5877 5807
f 5856 5750 5739
f 5750 5851 5673
f 5851 5837 5673
f 5842 5753 5701
f 5842 5701 5868
f 5719 5753 5808
f 5741 5826 5765
f 5868 5700 5825
f 5701 5700 5868
f 5666 5718 5810
f 5666 5810 5742
f 5768 5752 5716
f 5757 5790 5748
f 5748 5785 5669
f 5635 5791 5671
f 5758 5817 5724
f 5649 5847 5635
f 5840 5649 5698
f 5803 5852 5743
f 5743 5852 5723
f 5723 5852 5797
f 5723 5797 5728
f 5754 5796 5746
f 5728 5786 5648
f 5882 5648 5786
f 5882 5704 5648
f 5882 5862 5704
f 5704 5862 5745
f 5774 5730 5715
f 5745 5845 5744
f 5725 5770 5747
f 5697 5793 5749
f 5776 5815 5787
f 5780 5759 5788
f 5759 5780 5735
f 5771 5760 5775
f 5775 5788 5771
f 5805 5735 5780
f 5735 5805 5736
f 5760 5755 5775
f 5736 5805 5830
f 5736 5830 5829
f 5782 5804 5762
f 5804 5783 5762
f 5783 5761 5762
f 5772 5683 5781
f 5755 5769 5775
f 5777 5775 5769
f 5710 5834 5866
f 5738 5764 5855
f 5808 5753 5828
f 5719 5808 5718
f 5826 5794 5765
f 5765 5794 5740
f 5794 5778 5740
f 5740 5778 5733
f 5733 5778 5702
f 5809 5714 5766
f 5784 5702 5778
f 5766 5731 5812
f 5692 5752 5779
f 5779 5731 5692
f 5784 5839 5757
f 5790 5757 5819
f 5791 5768 5671
f 5785 5748 5790
f 5669 5785 5758
f 5847 5791 5635
f 5785 5817 5758
f 5746 5796 5698
f 5728 5797 5786
f 5792 5754 5699
f 5730 5792 5699
f 5730 5774 5813
f 5798 5774 5747
f 5749 5776 5697
f 5822 5749 5818
f 5793 5818 5749
f 5756 5814 5703
f 5802 5725 5795
f 5722 5793 5720
f 5773 5795 5767
f 5717 5773 5767
f 5787 5773 5717
f 5726 5787 5717
f 5703 5801 5705
f 5801 5789 5705
f 5780 5788 5799
f 5799 5788 5775
f 5780 5799 5805
f 5799 5775 5777
f 5805 5799 5777
f 5805 5832 5830
f 5827 5804 5782
f 5805 5777 5806
f 5777 5769 5806
f 5834 5710 5833
f 5710 5772 5833
f 5769 5738 5806
f 5662 5835 5686
f 5686 6038 5687
f 5842 5820 5753
f 5820 5828 5753
f 5816 5794 5826
f 5794 5816 5778
f 5742 5811 5741
f 5811 5826 5741
f 5898 5766 5812
f 5779 5869 5731
f 5731 5869 5812
f 5768 5823 5752
f 5752 5823 5779
f 5839 5819 5757
f 5817 5803 5724
f 5840 5847 5649
f 5840 5698 5796
f 5796 5754 5792
f 5862 5845 5745
f 5798 5813 5774
f 5744 5845 5800
f 5770 5798 5747
f 5822 5824 5749
f 5814 5756 5800
f 5800 5756 5744
f 5802 5770 5725
f 5802 5795 5773
f 5814 5801 5703
f 5789 5793 5722
f 5829 5893 5782
f 5804 5827 5783
f 5761 5783 5831
f 5781 5761 5865
f 5761 5831 5865
f 5805 5806 5832
f 5865 5772 5781
f 5866 5943 5763
f 5806 5738 5896
f 5835 6038 5686
f 5764 5807 5855
f 5729 5946 5877
f 5878 5946 5729
f 5727 5878 5729
f 5874 5828 5820
f 5808 5867 5863
f 5808 5863 5718
f 5863 5810 5718
f 5825 5809 5848
f 5848 5809 5766
f 5897 5742 5810
f 5897 5811 5742
f 5778 5816 5838
f 5778 5838 5784
f 5841 5779 5823
f 5869 5779 5841
f 5819 5839 5876
f 5768 5791 5864
f 5864 5791 5846
f 5876 5844 5819
f 5819 5859 5790
f 5791 5847 5846
f 5785 5861 5817
f 5817 5861 5853
f 5853 5803 5817
f 5911 5796 5792
f 5821 5792 5730
f 5730 5813 5821
f 5749 5824 5776
f 5776 5824 5815
f 5872 5822 5818
f 5770 5802 5850
f 5880 5850 5802
f 5815 5843 5787
f 5902 5802 5773
f 5902 5773 5843
f 5787 5843 5773
f 5793 5789 5910
f 5881 5910 5789
f 5801 5881 5789
f 5830 5923 5829
f 5923 5893 5829
f 5827 5782 5893
f 5772 5865 5944
f 5833 5772 5944
f 5711 5975 5662
f 5896 5738 5855
f 5662 5975 5835
f 5687 6038 5836
f 5807 5877 5924
f 5856 5913 5750
f 5890 5878 5837
f 5837 5878 5727
f 5851 5890 5837
f 5820 5842 5868
f 5867 5828 5874
f 5808 5828 5867
f 6016 5948 5810
f 5810 5948 5897
f 5811 5906 5826
f 5826 5906 5816
f 5906 5811 5897
f 5784 5838 5873
f 5899 5898 5812
f 5784 5873 5839
f 5823 5768 5864
f 5931 5823 5864
f 5841 5870 5869
f 5958 5876 5839
f 5859 5884 5790
f 5785 5790 5884
f 5819 5844 5907
f 5861 5785 5884
f 5859 5819 5907
f 5903 5846 5847
f 5885 5854 5871
f 5888 5871 5849
f 5871 5854 5849
f 5847 5840 5903
f 5849 5854 5860
f 5916 5903 5840
f 5803 5853 5852
f 5852 5853 5909
f 5796 5916 5840
f 5852 5909 5797
f 5797 5909 5786
f 5862 5882 5908
f 5927 5821 5813
f 5798 5927 5813
f 5862 5875 5845
f 5883 5824 5822
f 5845 5875 5800
f 5872 5883 5822
f 5850 5798 5770
f 5920 5815 5824
f 5858 5872 5818
f 5800 5857 5814
f 5815 5929 5843
f 5857 5881 5801
f 5902 5880 5802
f 5793 5858 5818
f 5857 5801 5814
f 5910 5858 5793
f 5893 6007 5827
f 5830 5895 5923
f 5895 5830 5832
f 5972 5783 5827
f 5972 5831 5783
f 5831 5894 5865
f 5865 5894 5940
f 5832 5806 5895
f 5806 5942 5895
f 6009 5944 5865
f 5942 5806 5896
f 5834 5943 5866
f 5834 5833 5974
f 5807 6004 5855
f 5924 6004 5807
f 5836 6038 5976
f 5836 5967 5856
f 5967 5913 5856
f 5946 5924 5877
f 5750 5913 5851
f 5874 5820 5891
f 5868 5825 5922
f 5848 5922 5825
f 6015 5810 5863
f 6015 6016 5810
f 5906 5838 5816
f 5812 5869 5899
f 5870 5900 5869
f 5839 5873 5958
f 5931 5930 5823
f 5930 5841 5823
f 5876 5958 5879
f 5876 5879 5844
f 5888 5887 5871
f 5879 5888 5928
f 5844 5879 5954
f 5871 5901 5885
f 5907 5844 5954
f 5861 5884 5956
f 5846 5903 5886
f 5928 5888 5849
f 5954 5879 5928
f 5926 5885 5901
f 5853 5861 5904
f 5860 5928 5849
f 5854 5885 5914
f 5860 5854 5914
f 5796 5911 5916
f 5882 5786 5908
f 5862 5908 5875
f 5892 5889 5883
f 5889 5905 5824
f 5883 5889 5824
f 5824 5905 5939
f 5800 5875 5857
f 5920 5929 5815
f 5912 5872 5858
f 5843 5935 5902
f 5940 6009 5865
f 5972 5894 5831
f 5941 5944 6009
f 5834 5974 5943
f 5977 5946 5878
f 5890 5977 5878
f 5891 5820 5918
f 5820 5868 5918
f 5918 5868 5922
f 5867 5947 5863
f 5848 5766 5898
f 5948 5949 5897
f 5925 5906 5897
f 5838 5906 5925
f 5838 5925 5873
f 5899 5869 5900
f 5870 5841 5950
f 5950 5841 5951
f 5841 5930 5951
f 5931 5864 5846
f 5888 5879 5887
f 5871 5887 5901
f 5956 5904 5861
f 5859 5907 5956
f 5884 5859 5956
f 5926 5938 5885
f 5886 5903 5952
f 5928 5860 5921
f 5932 5853 5904
f 5916 5952 5903
f 5853 5932 5909
f 5885 5938 5934
f 5914 5885 5934
f 5921 5860 5914
f 5937 5952 5916
f 5914 5934 5917
f 5917 5921 5914
f 5937 5916 5911
f 5915 5917 5934
f 5786 5909 5908
f 5917 5915 5889
f 5970 5911 5792
f 5970 5792 5821
f 5917 5889 5892
f 5915 5905 5889
f 5908 5919 5875
f 5953 5892 5872
f 5872 5892 5883
f 5961 5927 5798
f 5933 5961 5798
f 5939 5920 5824
f 5919 5857 5875
f 5933 5798 5850
f 5850 5880 5933
f 5955 5912 5910
f 5910 5912 5858
f 5936 5955 5881
f 5857 5936 5881
f 5959 5880 5902
f 5881 5955 5910
f 5843 5929 5935
f 5923 5895 5971
f 5923 5971 5893
f 5827 6007 5972
f 5943 6011 5763
f 5942 5896 5945
f 5711 5763 5975
f 5945 5896 5855
f 5976 5967 5836
f 6012 5851 5913
f 5874 5891 5996
f 5867 5874 5979
f 5867 5979 5947
f 5918 5922 6013
f 5863 5947 6015
f 5898 6074 5848
f 6031 5898 5899
f 5897 5949 5925
f 5873 5981 5958
f 5879 5958 5887
f 5887 6056 6017
f 5887 6017 5901
f 5931 5846 5957
f 5901 5982 5926
f 5957 5846 5886
f 5926 5982 5983
f 5938 5926 5983
f 5907 5954 5956
f 5904 5956 5932
f 5956 5954 5984
f 5954 5928 5921
f 5932 5966 5909
f 5921 5917 5968
f 5915 5934 5960
f 5909 5966 5908
f 5970 5937 5911
f 5908 5966 5989
f 5968 5917 5892
f 5970 5821 5927
f 5961 5970 5927
f 5915 5960 5905
f 5968 5892 5953
f 5908 5989 5919
f 5905 5960 5939
f 5953 5872 5912
f 5919 5936 5857
f 5939 5929 5920
f 5959 5933 5880
f 5963 5935 5929
f 5935 5959 5902
f 5893 5971 6007
f 5894 5972 6027
f 5895 5942 6010
f 5942 5945 6010
f 5941 5973 5944
f 5944 5973 5974
f 5833 5944 5974
f 6011 5975 5763
f 5855 6004 6044
f 5835 5975 6038
f 5977 6004 5924
f 5946 5977 5924
f 5967 5978 5913
f 6012 5913 5978
f 5996 5891 5918
f 5979 5874 5996
f 5980 5925 5949
f 5925 5980 5873
f 5980 5981 5873
f 5900 5870 5950
f 5981 5965 5958
f 5958 5965 5887
f 5887 5965 6056
f 5951 5930 6032
f 5901 6017 5982
f 5930 5931 5964
f 5964 6032 5930
f 5964 5931 5957
f 5886 5962 5957
f 5938 5983 6057
f 5987 5932 5956
f 5962 5886 5952
f 6057 5992 5938
f 5956 5984 5987
f 5938 5992 5934
f 5984 5954 5969
f 5969 5954 5921
f 5952 5937 5990
f 5985 5932 5987
f 5932 5985 5966
f 5960 5934 5986
f 5999 5969 5921
f 5999 5921 5968
f 5990 5937 5970
f 5960 5991 5939
f 5919 5989 5988
f 5993 5968 5953
f 5919 5988 5936
f 5912 5993 5953
f 5955 5993 5912
f 5933 5994 5961
f 5959 5994 5933
f 5929 5939 5963
f 5995 5993 5955
f 5936 5995 5955
f 5988 5995 5936
f 5963 5959 5935
f 5895 6026 5971
f 5972 6007 6008
f 5972 6008 6027
f 6026 5895 6010
f 5941 6080 5973
f 5855 6044 5945
f 5976 6038 6066
f 6004 5977 6006
f 6005 6006 5977
f 5976 6028 5967
f 5967 6028 5978
f 5851 6012 5890
f 5996 5918 6030
f 6013 6030 5918
f 5979 6040 5947
f 5947 6040 6015
f 5922 6014 6013
f 6014 5922 6074
f 5922 5848 6074
f 6074 5898 6031
f 5948 6075 5949
f 5980 5949 6042
f 5950 6084 5900
f 5981 5980 5965
f 5964 6003 6032
f 6002 6032 6003
f 6003 5964 5962
f 5964 5957 5962
f 6002 6003 6018
f 6003 5962 6023
f 6018 6003 5998
f 6018 5992 6058
f 6058 5992 6057
f 6018 5998 5992
f 6000 5987 5984
f 5969 6000 5984
f 5962 5952 5990
f 5992 5998 5986
f 5992 5986 5934
f 5985 5987 6000
f 6000 5969 5999
f 5960 5986 5991
f 6000 5999 5997
f 5985 6000 5997
f 5985 5997 5989
f 5985 5989 5966
f 6022 5990 5970
f 5989 5997 5988
f 6022 5970 5994
f 5994 5970 5961
f 5968 5993 5999
f 5997 5999 5993
f 5997 5993 5995
f 5988 5997 5995
f 5991 6001 5939
f 6001 6020 5963
f 6020 5994 5959
f 6001 5963 5939
f 5963 6020 5959
f 5971 6048 6007
f 6026 6048 5971
f 6007 6035 6008
f 5940 5894 6036
f 6009 5940 6079
f 6080 6009 6079
f 6009 6080 5941
f 6010 5945 6062
f 6062 5945 6044
f 5974 5973 6046
f 6050 5943 5974
f 6004 6006 6044
f 6006 6005 6024
f 6066 6028 5976
f 6033 5978 6028
f 6012 5978 6033
f 5979 5996 6029
f 6029 5996 6030
f 6041 6030 6013
f 6013 6014 6041
f 6040 6016 6015
f 5980 6042 5965
f 6042 6055 5965
f 5965 6055 6056
f 5951 6032 6099
f 6043 6032 6002
f 5982 6085 5983
f 6043 6002 6086
f 6002 6018 6086
f 5983 6121 6057
f 6018 6064 6086
f 6018 6058 6064
f 6003 6023 6025
f 5998 6003 6025
f 6023 5962 5990
f 5998 6025 5986
f 6022 6023 5990
f 6025 6023 6019
f 5986 6025 6021
f 6019 6023 6022
f 6025 6019 6021
f 5991 5986 6021
f 6019 6022 5994
f 6021 6019 6020
f 6020 6019 5994
f 6021 6020 6001
f 6021 6001 5991
f 6007 6048 6035
f 6026 6010 6048
f 6037 6008 6035
f 6037 6027 6008
f 6049 5894 6027
f 5894 6049 6036
f 6011 5943 6047
f 5943 6050 6047
f 6046 5973 6069
f 6050 5974 6046
f 6011 6047 6051
f 6051 5975 6011
f 6045 6063 6006
f 6024 6045 6006
f 6044 6006 6063
f 6081 6024 6052
f 6024 6005 6052
f 6066 6039 6028
f 6059 6033 6028
f 6071 6059 6028
f 5977 6052 6005
f 6052 5977 6034
f 5977 5890 6034
f 6012 6034 5890
f 6061 6034 6012
f 6029 6053 5979
f 6030 6054 6029
f 6053 6040 5979
f 6040 6072 6016
f 6014 6074 6089
f 6016 6073 5948
f 6073 6075 5948
f 5949 6075 6042
f 5899 5900 6076
f 6084 5950 5951
f 6085 6121 5983
f 6036 6079 5940
f 6035 6065 6037
f 6037 6065 6060
f 6049 6027 6037
f 6080 6069 5973
f 6063 6062 6044
f 6045 6081 6060
f 6024 6081 6045
f 5975 6051 6038
f 6051 6066 6038
f 6039 6071 6028
f 6029 6083 6053
f 6054 6083 6029
f 6030 6041 6054
f 6014 6089 6041
f 6074 6031 6105
f 6076 5900 6084
f 6042 6098 6055
f 6084 5951 6099
f 6056 6090 6017
f 6120 6099 6032
f 6106 6086 6064
f 6058 6122 6064
f 6057 6110 6058
f 6048 6010 6067
f 6035 6048 6065
f 6065 6048 6067
f 6062 6067 6010
f 6065 6067 6060
f 6049 6037 6068
f 6067 6062 6063
f 6037 6060 6068
f 6067 6063 6045
f 6060 6067 6045
f 6081 6068 6060
f 6078 6047 6050
f 6051 6047 6078
f 6050 6046 6078
f 6077 6046 6069
f 6078 6046 6077
f 6092 6081 6052
f 6069 6082 6077
f 6066 6051 6070
f 6066 6070 6039
f 6077 6082 6059
f 6071 6077 6059
f 6033 6088 6091
f 6059 6088 6033
f 6061 6012 6091
f 6033 6091 6012
f 6053 6109 6040
f 6109 6072 6040
f 6096 6016 6072
f 6096 6073 6016
f 6074 6105 6089
f 6097 5899 6076
f 6055 6131 6056
f 6032 6043 6120
f 6049 6068 6087
f 6080 6094 6069
f 6082 6069 6094
f 6077 6070 6078
f 6051 6078 6070
f 6059 6082 6088
f 6077 6071 6070
f 6039 6070 6071
f 6052 6034 6102
f 6053 6083 6108
f 6053 6108 6109
f 6095 6054 6041
f 6041 6089 6095
f 6031 5899 6097
f 6075 6098 6042
f 6056 6131 6090
f 6086 6106 6133
f 6106 6064 6122
f 6121 6110 6057
f 6049 6087 6036
f 6080 6079 6104
f 6068 6081 6092
f 6052 6102 6092
f 6034 6061 6102
f 6061 6101 6102
f 6091 6101 6061
f 6116 6083 6054
f 6124 6096 6072
f 5982 6017 6100
f 6100 6085 5982
f 6086 6133 6043
f 6058 6110 6122
f 6079 6036 6093
f 6079 6093 6104
f 6104 6094 6080
f 6068 6092 6087
f 6094 6088 6082
f 6054 6095 6116
f 6072 6109 6124
f 6055 6098 6138
f 6055 6138 6131
f 6099 6120 6119
f 6036 6087 6103
f 6093 6036 6103
f 6101 6107 6102
f 6083 6116 6115
f 6073 6146 6075
f 6084 6099 6126
f 6085 6132 6121
f 6087 6112 6103
f 6104 6093 6111
f 6087 6092 6112
f 6094 6104 6111
f 6107 6112 6092
f 6094 6111 6088
f 6102 6107 6092
f 6088 6111 6091
f 6095 6089 6140
f 6089 6105 6140
f 6105 6031 6129
f 6090 6127 6017
f 6110 6153 6122
f 6153 6145 6122
f 6112 6113 6103
f 6093 6103 6113
f 6111 6093 6113
f 6107 6113 6112
f 6111 6113 6091
f 6101 6113 6107
f 6091 6113 6101
f 6108 6083 6115
f 6109 6108 6114
f 6095 6128 6116
f 6109 6114 6137
f 6137 6124 6109
f 6124 6118 6096
f 6096 6146 6073
f 6120 6043 6156
f 6108 6115 6123
f 6108 6123 6114
f 6128 6095 6117
f 6140 6117 6095
f 6140 6105 6129
f 6096 6118 6146
f 6129 6031 6097
f 6075 6142 6098
f 6142 6125 6098
f 6076 6084 6126
f 6131 6149 6090
f 6132 6148 6121
f 6116 6128 6136
f 6115 6116 6136
f 6146 6141 6075
f 6141 6142 6075
f 6126 6152 6076
f 6125 6138 6098
f 6017 6127 6100
f 6100 6132 6085
f 6134 6133 6106
f 6134 6106 6122
f 6110 6121 6148
f 6145 6134 6122
f 6153 6110 6148
f 6123 6115 6135
f 6097 6076 6130
f 6163 6099 6119
f 6152 6126 6163
f 6126 6099 6163
f 6156 6043 6133
f 6134 6144 6133
f 6135 6115 6136
f 6114 6123 6139
f 6168 6137 6114
f 6117 6140 6159
f 6142 6143 6125
f 6152 6130 6076
f 6143 6138 6125
f 6138 6179 6131
f 6149 6164 6090
f 6119 6120 6175
f 6127 6147 6100
f 6145 6150 6134
f 6139 6123 6135
f 6168 6114 6139
f 6163 6119 6175
f 6090 6164 6127
f 6136 6128 6167
f 6136 6167 6157
f 6135 6136 6157
f 6128 6117 6161
f 6117 6159 6161
f 6137 6158 6124
f 6124 6158 6118
f 6118 6151 6146
f 6141 6146 6151
f 6173 6138 6143
f 6131 6179 6149
f 6132 6100 6190
f 6133 6182 6156
f 6176 6148 6132
f 6134 6150 6144
f 6153 6148 6165
f 6165 6148 6176
f 6128 6161 6167
f 6142 6160 6143
f 6166 6162 6130
f 6130 6152 6166
f 6120 6156 6175
f 6133 6144 6182
f 6145 6154 6150
f 6145 6153 6154
f 6139 6135 6170
f 6140 6129 6159
f 6129 6097 6155
f 6160 6173 6143
f 6147 6190 6100
f 6158 6137 6168
f 6151 6118 6158
f 6169 6129 6155
f 6155 6097 6130
f 6153 6177 6154
f 6177 6153 6165
f 6157 6170 6135
f 6142 6172 6160
f 6173 6171 6138
f 6171 6179 6138
f 6163 6175 6174
f 6165 6176 6195
f 6139 6170 6168
f 6159 6129 6169
f 6141 6188 6142
f 6188 6172 6142
f 6127 6164 6147
f 6190 6176 6132
f 6154 6186 6150
f 6177 6186 6154
f 6178 6158 6168
f 6184 6151 6158
f 6172 6173 6160
f 6210 6152 6163
f 6177 6165 6195
f 6157 6167 6183
f 6170 6157 6183
f 6167 6161 6193
f 6170 6192 6168
f 6161 6159 6187
f 6184 6158 6178
f 6130 6162 6155
f 6166 6185 6162
f 6210 6163 6174
f 6179 6224 6149
f 6149 6224 6164
f 6156 6181 6175
f 6181 6156 6182
f 6176 6190 6194
f 6161 6187 6193
f 6168 6192 6178
f 6151 6184 6141
f 6162 6185 6155
f 6172 6188 6205
f 6166 6152 6189
f 6152 6210 6189
f 6172 6216 6173
f 6180 6175 6181
f 6201 6144 6150
f 6196 6177 6195
f 6186 6201 6150
f 6202 6170 6183
f 6192 6170 6202
f 6159 6169 6187
f 6184 6188 6141
f 6166 6189 6185
f 6173 6216 6171
f 6164 6207 6147
f 6181 6182 6191
f 6194 6195 6176
f 6186 6177 6196
f 6167 6193 6183
f 6189 6209 6155
f 6189 6155 6185
f 6199 6172 6205
f 6237 6179 6171
f 6175 6180 6238
f 6147 6207 6190
f 6144 6201 6191
f 6193 6198 6183
f 6155 6204 6169
f 6205 6188 6203
f 6199 6216 6172
f 6238 6174 6175
f 6211 6207 6164
f 6182 6144 6191
f 6194 6200 6195
f 6186 6197 6201
f 6202 6183 6198
f 6184 6178 6203
f 6184 6203 6188
f 6204 6155 6209
f 6237 6171 6216
f 6224 6211 6164
f 6190 6218 6194
f 6200 6194 6218
f 6196 6200 6197
f 6200 6196 6195
f 6197 6186 6196
f 6193 6187 6169
f 6198 6193 6169
f 6178 6192 6203
f 6221 6209 6189
f 6222 6216 6199
f 6210 6206 6189
f 6213 6190 6207
f 6217 6181 6191
f 6213 6218 6190
f 6198 6214 6202
f 6202 6215 6192
f 6215 6203 6192
f 6215 6202 6214
f 6204 6208 6169
f 6220 6205 6203
f 6204 6209 6208
f 6205 6220 6222
f 6205 6222 6199
f 6210 6174 6240
f 6180 6181 6217
f 6207 6211 6213
f 6197 6200 6212
f 6201 6197 6219
f 6169 6208 6198
f 6214 6198 6208
f 6215 6214 6208
f 6209 6221 6231
f 6221 6189 6223
f 6189 6206 6223
f 6237 6241 6179
f 6179 6241 6224
f 6238 6180 6232
f 6217 6191 6226
f 6226 6191 6219
f 6218 6212 6200
f 6219 6191 6201
f 6197 6212 6219
f 6208 6220 6215
f 6215 6220 6203
f 6231 6208 6209
f 6208 6231 6220
f 6206 6210 6240
f 6216 6256 6237
f 6174 6238 6240
f 6224 6228 6211
f 6211 6225 6213
f 6180 6217 6242
f 6213 6225 6229
f 6229 6218 6213
f 6218 6229 6227
f 6218 6227 6212
f 6212 6230 6219
f 6228 6225 6211
f 6233 6226 6219
f 6219 6230 6233
f 6227 6230 6212
f 6222 6220 6246
f 6236 6247 6221
f 6221 6223 6236
f 6222 6255 6216
f 6216 6255 6256
f 6180 6242 6232
f 6242 6217 6234
f 6234 6217 6226
f 6243 6230 6227
f 6241 6228 6224
f 6245 6242 6234
f 6229 6243 6227
f 6235 6234 6226
f 6233 6235 6226
f 6220 6231 6239
f 6220 6239 6246
f 6231 6221 6247
f 6244 6229 6225
f 6252 6233 6230
f 6225 6228 6258
f 6243 6252 6230
f 6252 6235 6233
f 6255 6222 6246
f 6236 6223 6249
f 6223 6206 6250
f 6237 6256 6241
f 6240 6238 6232
f 6241 6258 6228
f 6258 6244 6225
f 6232 6242 6245
f 6229 6244 6243
f 6234 6253 6245
f 6234 6235 6253
f 6252 6253 6235
f 6223 6250 6249
f 6206 6240 6250
f 6248 6243 6244
f 6243 6251 6252
f 6247 6254 6231
f 6239 6255 6246
f 6236 6261 6247
f 6251 6243 6248
f 6254 6247 6261
f 6257 6232 6260
f 6260 6232 6245
f 6245 6253 6260
f 6253 6252 6267
f 6251 6267 6252
f 6254 6239 6231
f 6256 6262 6241
f 6258 6241 6262
f 6267 6260 6253
f 6249 6261 6236
f 6255 6263 6256
f 6240 6232 6259
f 6232 6257 6259
f 6256 6263 6262
f 6259 6250 6240
f 6264 6258 6262
f 6244 6258 6264
f 6248 6244 6264
f 6264 6269 6248
f 6251 6248 6269
f 6265 6239 6254
f 6272 6254 6261
f 6265 6254 6272
f 6273 6263 6255
f 6257 6268 6259
f 6260 6270 6257
f 6267 6270 6260
f 6267 6251 6269
f 6239 6265 6273
f 6273 6255 6239
f 6250 6259 6271
f 6271 6259 6268
f 6263 6266 6262
f 6266 6264 6262
f 6268 6257 6270
f 6261 6249 6272
f 6249 6250 6272
f 6250 6271 6272
f 6276 6270 6267
f 6269 6276 6267
f 6272 6273 6265
f 6266 6263 6273
f 6268 6270 6271
f 6273 6272 6274
f 6277 6273 6274
f 6273 6277 6266
f 6274 6271 6275
f 6272 6271 6274
f 6277 6278 6266
f 6266 6278 6264
f 6271 6270 6275
f 6278 6275 6276
f 6276 6275 6270
f 6278 6276 6269
f 6278 6269 6264
f 6275 6278 6274
f 6277 6274 6278

