# https://github.com/mikedh/trimesh
v -0.11427746 0.01529429 0.06876142
v -0.11432565 0.00103378 0.05512579
v -0.11410121 0.00054273 0.07390338
v -0.11348327 0.00024795 0.05885017
v -0.11278883 -0.00001087 0.07977383
v -0.11363020 0.01593482 0.04602026
v -0.11335363 0.01599943 0.08069573
v -0.11131962 0.00183953 0.03623276
v -0.11247446 0.00118755 0.08764469
v -0.11240142 0.01647640 0.08714915
v -0.11185589 0.01569639 0.05916420
v -0.11100155 0.01746065 0.06974869
v -0.11105222 0.01655025 0.07695795
v -0.11133682 0.01731994 0.05657635
v -0.11139004 0.01450958 0.06760535
v -0.11049120 0.01658787 0.04186271
v -0.11190421 0.00291533 0.03277871
v -0.11120979 0.01430976 0.05484118
v -0.10961373 0.01825232 0.08344365
v -0.11036066 0.01673939 0.06130514
v -0.11061089 0.02029613 0.05114033
v -0.11051300 0.01463136 0.05878726
v -0.11029609 0.01683625 0.05647857
v -0.11034452 0.01486689 0.06130514
v -0.11030305 0.01505854 0.05892834
v -0.11024766 0.01677168 0.06606711
v -0.11029609 0.01494760 0.05646244
v -0.11074040 0.00147539 0.09533157
v -0.11024766 0.01488303 0.06605098
v -0.11005396 0.01707838 0.05155517
v -0.11003781 0.01691696 0.07076453
v -0.11005396 0.01518973 0.05155517
v -0.11002167 0.01502831 0.07076453
v -0.10991923 0.01817639 0.04398696
v -0.11153896 0.01778005 0.03063919
v -0.11061804 0.01997588 0.06843545
v -0.11030147 0.01462278 0.07509569
v -0.10825256 0.01647734 0.03440515
v -0.11049830 0.01504976 0.04570529
v -0.10973111 0.01715909 0.07546194
v -0.10971497 0.01527044 0.07544580
v -0.10963426 0.01744966 0.04658334
v -0.10961811 0.01556100 0.04656720
v -0.10890364 0.01750821 0.03393144
v -0.10920164 0.02700596 0.06339020
v -0.11042759 0.01800497 0.04274419
v -0.10935984 0.01746580 0.08014321
v -0.10926828 0.02325423 0.07969058
v -0.10934370 0.01559329 0.08014321
v -0.10785032 0.01678870 0.08893434
v -0.10990358 0.01592670 0.08682139
v -0.10862479 0.01669768 0.03296833
v -0.10900471 0.01793392 0.04156308
v -0.10956115 0.01844872 0.08772542
v -0.11010145 0.01755931 0.09681327
v -0.10783674 0.01974464 0.03140935
v -0.10965054 0.01569781 0.07415424
v -0.10900471 0.01604527 0.04156308
v -0.10961711 0.01484960 0.04631384
v -0.10837590 0.02741603 0.04731416
v -0.10881100 0.01786935 0.08485676
v -0.10879486 0.01598070 0.08485676
v -0.10900948 0.00494513 0.01845180
v -0.10857308 0.02177366 0.03717462
v -0.10959276 0.00001971 0.08741264
v -0.10836579 0.01584230 0.09120392
v -0.10862672 0.00865014 0.01665630
v -0.10819759 0.01854733 0.03657511
v -0.10818145 0.01665868 0.03655897
v -0.10790482 0.00524156 0.01692280
v -0.10797160 0.01832134 0.08963490
v -0.10802343 0.01702891 0.08880887
v -0.10795546 0.01643269 0.08963490
v -0.10799360 0.01880843 0.09517123
v -0.10866033 0.00239316 0.10221352
v -0.10753334 0.01920203 0.09104077
v -0.10708854 0.02969217 0.07765692
v -0.10732621 0.02055482 0.04917637
v -0.10620998 0.01307859 0.00079033
v -0.10761224 0.01547227 0.06211718
v -0.10768233 0.01952529 0.02728556
v -0.10788488 0.02508557 0.08920473
v -0.10835556 0.02051815 0.01543861
v -0.10721291 0.01925759 0.03165171
v -0.10719677 0.01736894 0.03163557
v -0.10745724 0.00897048 0.01300772
v -0.10747630 0.02052301 0.07045412
v -0.10432046 0.02237711 0.01543070
v -0.10672864 0.01882175 0.09452601
v -0.10671250 0.01693310 0.09450987
v -0.10718985 0.01716158 0.08843136
v -0.10626890 0.02615787 0.06272188
v -0.10709739 0.02491968 0.08889716
v -0.10669826 0.01517902 0.04490458
v -0.10601204 0.00519978 0.01635698
v -0.10684457 0.01614651 0.07605971
v -0.10630712 0.01556998 -0.02082543
v -0.10638991 0.00190665 -0.04315587
v -0.10636963 0.01459105 -0.04484546
v -0.10631028 0.02648982 -0.03931143
v -0.10561042 0.01898983 0.10206286
v -0.10623771 0.01680466 -0.03125133
v -0.10614752 0.01811149 0.02703500
v -0.10604624 0.01420816 -0.02882971
v -0.10585496 0.02679447 -0.05027596
v -0.10558600 0.02750618 0.09186760
v -0.10553901 0.01767721 0.09740384
v -0.10567540 0.01749485 -0.00520143
v -0.10574887 0.00186317 -0.05560167
v -0.10440700 0.03395468 0.03389660
v -0.10544886 0.02528655 0.09718776
v -0.10585972 0.01354332 -0.01478977
v -0.10573527 0.02402000 -0.00440735
v -0.10532030 0.02621264 0.04232442
v -0.10578808 0.01413012 -0.02592883
v -0.10558381 0.03012208 0.08961720
v -0.10573489 0.01150610 0.00061220
v -0.10584175 0.00101305 -0.04738573
v -0.10549391 0.00193999 -0.02896021
v -0.10655575 0.01862226 0.10718902
v -0.10448949 0.02407992 0.01796606
v -0.10578372 0.02830387 0.02719839
v -0.10553464 0.02543146 -0.01395964
v -0.10658395 0.01978143 0.09786919
v -0.10505766 0.01712368 0.08953714
v -0.10598768 0.02462708 0.07709838
v -0.10481852 0.02061357 0.09088447
v -0.10547865 0.01393293 -0.02779026
v -0.10097932 0.02024016 0.12027368
v -0.10564973 0.02036180 0.02476312
v -0.10614752 0.02000014 0.02705115
v -0.10608666 0.00176154 0.10633439
v -0.10422176 0.03516318 0.06556355
v -0.10559140 0.01477533 -0.05559992
v -0.10547810 0.04067019 -0.03512828
v -0.10498527 0.01746580 0.09949784
v -0.10514669 0.01880561 0.02303171
v -0.10514669 0.02069426 0.02304785
v -0.10512636 0.02222779 0.09662113
v -0.10500141 0.01935445 0.09951398
v -0.10365503 0.02983170 0.07707071
v -0.10768118 0.01547942 0.03579358
v -0.10429602 0.00125527 -0.06337760
v -0.10496350 0.00473203 0.01632508
v -0.10358866 0.01399038 -0.02680325
v -0.10384160 0.04667024 -0.05255720
v -0.10423482 0.01956391 0.01602477
v -0.10435572 0.03911264 -0.03495148
v -0.10393571 0.01964054 0.01849994
v -0.10396143 0.02152532 0.01861561
v -0.10477581 0.00121021 -0.02787734
v -0.10419430 0.04358406 -0.03498376
v -0.10629786 0.02312979 0.00255926
v -0.10470998 0.03633055 -0.04429034
v -0.10499978 0.01729786 0.10256794
v -0.10351116 0.00052476 -0.05020950
v -0.10421014 0.01792432 -0.06243124
v -0.10418878 0.02080902 0.01417063
v -0.10391988 0.03477036 -0.03498376
v -0.10337660 0.04502146 -0.01039373
v -0.10413327 0.03522944 -0.01776261
v -0.10323928 0.03220846 -0.03803184
v -0.10426570 0.03122407 -0.03524242
v -0.10474542 0.00345279 0.11249132
v -0.10429929 0.04015884 -0.03951197
v -0.10361318 0.04813619 -0.03501604
v -0.10628027 0.00715845 0.01604039
v -0.10388019 0.05271225 -0.03507512
v -0.10462131 0.01776679 0.09730554
v -0.10541739 0.02700871 -0.05477680
v -0.10358333 0.02622873 -0.03572430
v -0.10337104 0.02193722 0.01638108
v -0.10217876 0.02861930 0.02374546
v -0.10320722 0.04938394 -0.03213219
v -0.10230484 0.03204925 0.03623816
v -0.10343625 0.01992167 0.01630885
v -0.10250879 0.03090049 0.00722908
v -0.10483667 0.02219777 0.03356264
v -0.10306434 0.02222778 0.01496055
v -0.10320051 0.02816621 -0.03197638
v -0.10317130 0.04852550 -0.04670181
v -0.10114726 0.03622542 0.09010506
v -0.10304819 0.02033913 0.01494441
v -0.10325229 0.02589251 -0.02761221
v -0.10457130 0.01606362 0.03416965
v -0.10716754 -0.00061558 0.06598464
v -0.10293519 0.01993557 0.10453424
v -0.10330547 0.02946094 -0.01996408
v -0.10291905 0.01804692 0.10453424
v -0.10227884 0.02241931 0.00287123
v -0.10166568 0.03357340 0.06374842
v -0.10305528 0.02538888 -0.03109294
v -0.10313330 0.02661374 0.09153294
v -0.10278992 0.03065407 -0.03508061
v -0.10171549 0.04411045 -0.05864187
v -0.10352027 0.05358228 -0.04484498
v -0.10269306 0.02072654 0.01300734
v -0.10269306 0.02261520 0.01302347
v -0.10269306 0.05268832 -0.03503219
v -0.10256393 0.01522202 -0.06906018
v -0.10267742 0.02729716 0.10094830
v -0.10257470 0.02546460 -0.03273277
v -0.10201299 0.02704819 -0.01521252
v -0.10241974 0.04940436 -0.00360132
v -0.10299211 0.02807776 -0.02572268
v -0.10157756 0.02313220 -0.00249055
v -0.10120188 0.05578998 -0.05615586
v -0.10252308 0.00124526 -0.06965440
v -0.09896585 0.01921958 0.11381997
v -0.10281149 0.02335676 0.01158030
v -0.10220879 0.02600508 -0.03433807
v -0.10219265 0.02608579 -0.03617829
v -0.10214422 0.02781302 -0.03290141
v -0.10286454 0.03647787 0.01919250
v -0.10220879 0.02318018 0.01015014
v -0.10220879 0.02787759 -0.03433807
v -0.10219265 0.02129153 0.01013400
v -0.10219265 0.02795830 -0.03617829
v -0.10261250 0.02653291 -0.04637252
v -0.10214422 0.02594051 -0.03290141
v -0.10268496 0.02823842 -0.03233238
v -0.10207965 0.02616650 -0.03851893
v -0.10204020 0.03802810 -0.06074540
v -0.10104199 0.02265479 0.00184836
v -0.10198500 0.02572434 -0.02776859
v -0.10206351 0.02805515 -0.03850278
v -0.10199452 0.02582074 -0.03091030
v -0.10190209 0.02765160 -0.02636377
v -0.10200200 0.02777030 -0.03094293
v -0.10089576 0.03084854 -0.05813378
v -0.10100756 0.03441130 0.09240902
v -0.10317881 0.02831625 -0.04068777
v -0.10201509 0.05519038 -0.03508061
v -0.10249082 0.02450339 0.00568225
v -0.10198280 0.02581137 -0.02938238
v -0.10198280 0.02766774 -0.02776815
v -0.10199195 0.02771641 -0.02978329
v -0.10197422 0.02529368 -0.00236403
v -0.10116051 0.02693788 -0.00876769
v -0.10387388 0.03154087 0.08949079
v -0.10194712 0.02669536 -0.03546216
v -0.10196897 0.03809561 -0.02066420
v -0.10234055 0.02517384 -0.02222688
v -0.10182138 0.02627950 -0.04139226
v -0.10182138 0.02815201 -0.04139226
v -0.10190209 0.02576295 -0.02636377
v -0.10138352 0.02770749 -0.02022579
v -0.10235900 0.03927400 0.02589413
v -0.10164381 0.02389044 0.00650198
v -0.10172452 0.02573066 -0.02462040
v -0.10250241 0.02580146 -0.04302166
v -0.10172452 0.02761931 -0.02462040
v -0.10164381 0.02198564 0.00648584
v -0.10201621 0.03762676 0.05387130
v -0.10185211 0.02437537 0.00460723
v -0.09828960 0.02397411 0.11355992
v -0.10296103 0.02731137 -0.06705338
v -0.10137838 0.05152660 0.00663403
v -0.10176068 0.02612190 -0.04331037
v -0.10121864 0.02899317 -0.05056369
v -0.10062414 0.03481003 0.05146451
v -0.10148239 0.02566609 -0.02248961
v -0.10148239 0.02755474 -0.02248961
v -0.10131388 0.04525306 -0.01972088
v -0.10038847 0.02138416 0.11144242
v -0.10216843 0.02344504 0.02186288
v -0.10230224 0.03125068 0.09996760
v -0.10148235 0.03662331 -0.01286399
v -0.10143396 0.02639249 -0.04483057
v -0.10141782 0.02826500 -0.04481443
v -0.10182469 0.02473831 -0.01508117
v -0.10139383 0.03944581 -0.03428646
v -0.09988266 0.05795137 -0.00351005
v -0.10124506 0.02525231 -0.02095551
v -0.10149390 0.03960997 0.00097475
v -0.10120797 0.02553695 -0.01995527
v -0.10120797 0.02742560 -0.01995527
v -0.10109085 0.03121221 -0.02086518
v -0.10112726 0.02463298 0.00238569
v -0.10809193 0.01614301 0.09317814
v -0.10069142 0.02502040 -0.01370820
v -0.10126754 0.04106492 -0.01415680
v -0.10112726 0.02274433 0.00236955
v -0.10112726 0.05799914 -0.03529046
v -0.10147355 0.00062748 -0.06880710
v -0.10104655 0.02740946 -0.03519361
v -0.10059986 0.06242366 -0.03596520
v -0.10264611 0.01820516 0.01743892
v -0.10126139 0.03328034 -0.01900666
v -0.10093355 0.02532710 -0.01703351
v -0.10093355 0.02721575 -0.01703351
v -0.10325982 0.03519912 0.07818745
v -0.10093999 0.05096948 0.02385491
v -0.10088512 0.02650549 -0.04883387
v -0.10088512 0.02837800 -0.04883387
v -0.10082945 0.02781356 -0.04184391
v -0.10073984 0.02535939 -0.00189202
v -0.10043331 0.04133943 -0.04804907
v -0.10069142 0.02690905 -0.01369205
v -0.10073984 0.02347074 -0.00189202
v -0.09810195 0.03156118 0.10909229
v -0.10070756 0.02053284 0.10952222
v -0.10069142 0.01864418 0.10950607
v -0.10053255 0.04753262 -0.01384154
v -0.10056228 0.02598894 -0.00605674
v -0.10056228 0.02650549 -0.01001161
v -0.09980544 0.00190278 -0.07685161
v -0.10053087 0.04959735 -0.00941082
v -0.10056228 0.02461684 -0.01002774
v -0.10054614 0.02410029 -0.00607288
v -0.10134223 0.05736935 -0.03667170
v -0.10030400 0.02481055 -0.03648499
v -0.09966714 0.02617774 -0.02388826
v -0.09933546 0.02674763 -0.05840626
v -0.10021583 0.02492862 -0.03562324
v -0.10020715 0.02663463 -0.05341828
v -0.09910291 0.02736520 -0.07795203
v -0.10019100 0.02850714 -0.05340214
v -0.09969329 0.02801043 -0.02061969
v -0.10031423 0.05465941 0.01874941
v -0.09897941 0.02636085 -0.06543161
v -0.10042073 0.03321759 -0.03792736
v -0.09960372 0.05193435 0.00378131
v -0.10063144 0.03485028 0.02340480
v -0.10006186 0.06103389 -0.03575859
v -0.09897964 0.03385434 -0.04976441
v -0.10035833 0.04868938 -0.03159189
v -0.10053130 0.04691616 -0.00763424
v -0.09990044 0.02487512 -0.04042372
v -0.10163051 0.03286861 -0.05104434
v -0.09861066 0.03892585 -0.07049086
v -0.09953540 0.04354424 -0.07203617
v -0.09933296 0.05250856 0.01263350
v -0.09956145 0.02547238 -0.03529046
v -0.09898646 0.02748645 -0.06694808
v -0.09860719 0.05070225 -0.05447380
v -0.09957246 0.03808861 -0.02116979
v -0.09933546 0.02863628 -0.05840626
v -0.10082134 0.02867764 -0.05796763
v -0.09987999 0.05085614 -0.04485304
v -0.09897825 0.04583018 0.05174139
v -0.10040262 0.02526468 -0.00856735
v -0.09927089 0.02503654 -0.04539555
v -0.09895460 0.03853584 0.04183645
v -0.10148641 0.05480880 -0.04854701
v -0.09963459 0.02365863 -0.02151921
v -0.09952701 0.03869979 0.02923244
v -0.09917912 0.04473293 -0.02031367
v -0.09976804 0.03187206 0.00886691
v -0.09888348 0.06408480 -0.03669485
v -0.09933844 0.02634398 -0.06104804
v -0.09948350 0.02506952 0.00810301
v -0.09780148 0.04400527 0.05127308
v -0.09963311 0.05022946 0.00051578
v -0.09676305 0.02773255 -0.07104557
v -0.09841488 0.04212248 0.00487884
v -0.09856768 0.03374153 -0.00984232
v -0.09859291 0.02524639 -0.05044810
v -0.09793374 0.06919068 -0.03966125
v -0.09851220 0.02114625 0.11436491
v -0.09849844 0.02929264 -0.03952902
v -0.09941101 0.04808333 0.02619771
v -0.09960841 0.03643449 0.08988548
v -0.09849606 0.01925759 0.11436491
v -0.09786855 0.02943002 -0.06787006
v -0.09861197 0.03200889 -0.02116887
v -0.09853155 0.02187760 -0.00520646
v -0.09780043 0.02678829 -0.00762079
v -0.09822155 0.02463245 -0.02486840
v -0.09655868 0.04309960 0.06087785
v -0.09774414 0.03271027 -0.07422556
v -0.09828621 0.02687677 -0.06362022
v -0.09828621 0.02874927 -0.06362022
v -0.09812059 0.05004334 0.02685416
v -0.10057407 0.04084420 0.04363419
v -0.09914319 0.05320806 -0.06375789
v -0.09600347 0.06813111 -0.05123864
v -0.09812065 0.04821055 -0.01194430
v -0.09874642 0.05612666 -0.03651379
v -0.09877926 0.05100611 0.01626946
v -0.09753706 0.05107018 -0.07202846
v -0.09927468 0.01648097 -0.07763072
v -0.09903635 0.03263105 0.09207641
v -0.09491966 0.06542874 -0.02145207
v -0.09793108 0.02552081 -0.05550064
v -0.09780255 0.02541535 -0.02133351
v -0.09717209 0.02380662 -0.02349911
v -0.09375577 0.00105863 -0.08836022
v -0.09801501 0.05041482 0.04627438
v -0.09767281 0.06713570 -0.03829294
v -0.09857292 0.02026804 0.01122558
v -0.09931471 0.02121485 0.11593820
v -0.09582955 0.05924478 0.00634228
v -0.09667473 0.02960418 -0.07045577
v -0.09695584 0.04571288 0.04690553
v -0.09731285 0.06123944 0.01550317
v -0.09810445 0.02580529 -0.04647297
v -0.09680205 0.06906547 -0.02029960
v -0.09726924 0.02582752 -0.06055318
v -0.09681273 0.03934381 0.09040995
v -0.09715938 0.06773837 -0.00968600
v -0.09616342 0.04503944 -0.06885886
v -0.09702711 0.02698976 -0.06888261
v -0.09702711 0.02886227 -0.06888261
v -0.09658204 0.04941427 0.02677554
v -0.09592390 0.04950022 0.04046722
v -0.09477090 0.03332604 -0.07020338
v -0.09679122 0.05230215 0.00853974
v -0.09694678 0.02706427 -0.03541187
v -0.09715467 0.02920555 -0.07310878
v -0.09880187 0.05254542 -0.01435024
v -0.09655898 0.02613422 -0.06560573
v -0.09536079 0.04028637 0.05950627
v -0.09858825 0.03609331 0.07356398
v -0.09649441 0.07008974 -0.04074657
v -0.09646213 0.02177579 0.11901389
v -0.09644599 0.01988714 0.11899775
v -0.09670774 0.04552623 0.03269569
v -0.09579244 0.04162080 0.05152070
v -0.09447037 0.05260559 -0.07002328
v -0.09894913 0.00478498 0.12555331
v -0.09701225 0.02694898 -0.02437431
v -0.09439459 0.02975043 -0.07984617
v -0.09675182 0.05193707 0.02970265
v -0.09573902 0.07458818 -0.04618901
v -0.09458502 0.03618499 0.09231376
v -0.09479349 0.03277823 0.11826249
v -0.09585670 0.06952548 0.00647299
v -0.09480370 0.02155245 0.13244742
v -0.09686717 0.04265559 -0.07914551
v -0.09529541 0.03539196 0.11266544
v -0.09605277 0.02372363 -0.00721864
v -0.10520963 0.02427942 -0.00453510
v -0.09761756 0.05754205 -0.06939694
v -0.09502370 0.02729891 -0.07011748
v -0.09153231 0.07433875 -0.06462220
v -0.09578749 0.07142461 -0.03919576
v -0.09534198 0.02557296 -0.02307741
v -0.09552588 0.02708662 -0.07401587
v -0.09568730 0.02647321 -0.07065827
v -0.09405325 0.06776489 -0.03913809
v -0.09552588 0.02897526 -0.07401587
v -0.09531224 0.05575046 0.04407369
v -0.09375466 0.02110738 0.12844482
v -0.09468865 0.03482995 0.11242546
v -0.09590700 0.04175695 -0.07856585
v -0.09568957 0.07723887 -0.00688253
v -0.09860344 0.02734586 0.11393919
v -0.09536445 0.07286621 -0.04399117
v -0.09780747 0.05265150 -0.07384148
v -0.09606345 0.04099031 0.07867355
v -0.09528911 0.09019217 -0.01415360
v -0.09878298 0.00305100 0.11999555
v -0.09360359 0.01543046 -0.08855424
v -0.09538484 0.07386263 -0.02856961
v -0.09452846 0.03053844 -0.08050911
v -0.09575307 0.07111636 -0.05594719
v -0.09621195 0.05236480 0.03028759
v -0.09549048 0.03046706 -0.06163007
v -0.09416372 0.06648744 -0.00270516
v -0.09562195 0.02721272 -0.07793737
v -0.09508552 0.09607871 -0.02378133
v -0.09545571 0.02006021 0.11975957
v -0.09420285 0.03016207 -0.07841319
v -0.09404287 0.08068617 -0.03583762
v -0.09257183 0.02301875 0.12777917
v -0.09450891 0.02050055 0.12345304
v -0.09455734 0.02686062 -0.07569467
v -0.09452505 0.02238920 0.12346917
v -0.09434898 0.06967924 0.01622641
v -0.09428292 0.07531985 -0.04784919
v -0.09404436 0.10994844 -0.03434735
v -0.09388693 0.04012939 0.09026954
v -0.09445909 0.10092102 -0.03647095
v -0.09280315 0.08680245 -0.04412705
v -0.09177070 0.06269799 0.03832879
v -0.09378403 0.10556381 -0.02090652
v -0.09370179 0.02718347 -0.07895542
v -0.09370179 0.02907212 -0.07893927
v -0.09392193 0.02867770 -0.06470771
v -0.09522691 0.03890140 0.09283057
v -0.09290425 0.05431461 0.04248424
v -0.09473785 0.05170426 0.02989697
v -0.09518879 0.00631829 0.13273149
v -0.09177662 0.03726409 0.11267580
v -0.09320676 0.06738939 -0.05089642
v -0.09317136 0.10731470 -0.04740828
v -0.09407428 0.04875343 0.03745152
v -0.09020379 0.02201095 0.13315141
v -0.09214394 0.12651085 -0.03673131
v -0.09334384 0.14848842 -0.04860842
v -0.09321753 0.07749906 -0.05191705
v -0.09441208 0.05252761 -0.07858548
v -0.09242032 0.02060115 0.12968147
v -0.09138377 0.02794560 -0.08167781
v -0.09302637 0.15648255 -0.05344680
v -0.09250252 0.09287525 -0.00071566
v -0.09284625 0.02724804 -0.08061808
v -0.09224303 0.13630859 -0.04045206
v -0.09296964 0.15676647 -0.04310997
v -0.09281977 0.14768801 -0.03873170
v -0.09291418 0.04422717 -0.07751925
v -0.09212236 0.03286136 -0.07746973
v -0.09280848 0.07767351 -0.05334314
v -0.09403831 0.09282180 -0.00681145
v -0.08781443 0.03516656 0.12808274
v -0.09255569 0.02113010 0.12776303
v -0.09245231 0.02689995 0.12617193
v -0.09272114 0.12385361 -0.04508030
v -0.09236826 0.13309822 -0.04893458
v -0.09362182 0.02911755 -0.08255696
v -0.08918821 0.02940042 0.13333611
v -0.09262279 0.06962480 0.00741136
v -0.09295447 0.07437724 -0.00671797
v -0.09238250 0.08123825 -0.01710448
v -0.02607814 0.00979078 0.00917735
v -0.09321431 0.08006862 0.00832410
v -0.09262702 0.14683860 -0.05701529
v -0.09397021 0.02647495 -0.08024230
v -0.09065455 0.06011510 0.03454209
v -0.09221705 0.07426948 -0.03017477
v -0.09182275 0.13112649 -0.05482836
v -0.09201097 0.06750162 0.01534455
v -0.09217391 0.09261210 -0.02153413
v -0.09104508 0.07653651 -0.04515807
v -0.09512581 0.05077316 0.05414421
v -0.08884756 0.08167229 -0.07146477
v -0.09184933 0.05159889 -0.07728238
v -0.09158002 0.10364950 -0.02999260
v -0.09149030 0.02726418 -0.08360440
v -0.09259565 0.06176222 0.02281937
v -0.08998368 0.07061174 -0.06299941
v -0.09213494 0.04152841 -0.08496490
v -0.09348692 0.02768332 -0.08899676
v -0.09046590 0.09751724 -0.05624063
v -0.09163675 0.02320300 0.13319269
v -0.09149030 0.02916897 -0.08358826
v -0.09121908 0.10553577 -0.02551522
v -0.09318296 0.06556906 0.02773910
v -0.09384991 0.05337372 -0.08155295
v -0.09025667 0.08737609 -0.05801992
v -0.09116605 0.09268981 -0.00787144
v -0.09084339 0.15608625 -0.06418978
v -0.09119974 0.08101808 -0.05898738
v -0.09239323 0.08462032 0.00038060
v -0.08825993 0.06379140 0.04549945
v -0.09140094 0.08127115 -0.03050172
v -0.09145255 0.09999147 -0.03616755
v -0.09272004 0.02392080 0.12898342
v -0.10361497 0.01351061 -0.02727014
v -0.09006384 0.04513863 0.07466600
v -0.09076470 0.12739929 -0.05999121
v -0.09089306 0.03024939 -0.08459871
v -0.08708664 0.04987154 0.05371112
v -0.08924781 0.02912611 -0.08058784
v -0.09078412 0.08297674 0.00040403
v -0.09049166 0.15734886 -0.03178991
v -0.08968959 0.00730054 0.14140931
v -0.09005923 0.08730263 0.00238873
v -0.09114790 0.13828036 -0.03286052
v -0.08986331 0.11917732 -0.04708824
v -0.09097106 0.07403757 0.01959199
v -0.09048948 0.02361602 0.13196003
v -0.09047333 0.02174351 0.13196003
v -0.08901325 0.02282738 0.14169009
v -0.09045719 0.02758703 -0.08525092
v -0.09193700 0.08164289 -0.06037352
v -0.09080321 0.05121576 -0.08484933
v -0.09157823 0.15126885 -0.03232347
v -0.09193708 0.05446378 0.04131761
v -0.08931949 0.12588135 -0.03805214
v -0.09114131 0.07814723 0.01831402
v -0.08714399 0.02256598 0.13653116
v -0.09215923 0.04268322 -0.08687953
v -0.09029412 0.15658565 -0.04491062
v -0.09034976 0.14875139 -0.04841649
v -0.09704558 0.04470784 0.05145812
v -0.08973401 0.14774350 -0.05626927
v -0.09061826 0.14621144 -0.06472916
v -0.08674115 0.06313102 0.04097506
v -0.08976409 0.02906674 -0.08897768
v -0.08989430 0.12901746 -0.06310707
v -0.08950928 0.07312840 0.01739001
v -0.09003461 0.14899643 -0.04053964
v -0.09024505 0.10368856 -0.04599747
v -0.08815887 0.08202018 0.01312898
v -0.09101788 0.02709091 -0.08704523
v -0.08735330 0.03001489 -0.09123844
v -0.08948865 0.08347171 -0.06384622
v -0.08979412 0.08826529 -0.04400488
v -0.08961283 0.08260116 -0.04798532
v -0.08959106 0.06618790 0.03297925
v -0.09155591 0.09873334 -0.01761931
v -0.08938549 0.15638651 -0.05882532
v -0.08942694 0.13411134 -0.04857375
v -0.08961107 0.08124861 0.01302801
v -0.08941026 0.09295888 -0.00891122
v -0.08930409 0.10552232 -0.01597182
v -0.08891591 0.03280371 -0.08318251
v -0.08893389 0.00075545 -0.09503340
v -0.08920815 0.04765208 -0.08322709
v -0.08869251 0.14964101 -0.03305460
v -0.09079352 0.07237876 -0.07380714
v -0.08908720 0.02773433 -0.09524512
v -0.09002866 0.06193199 0.03470695
v -0.08845274 0.06834172 0.03243792
v -0.08912404 0.13652127 -0.03902782
v -0.08832325 0.11884711 -0.05655156
v -0.08819400 0.14809811 -0.02188839
v -0.08588486 0.02554528 0.14150843
v -0.08877839 0.02736104 -0.08789826
v -0.08877839 0.02926583 -0.08788212
v -0.08916834 0.04515928 0.06194256
v -0.08664037 0.03954035 0.09253675
v -0.08948520 0.02138045 0.13551552
v -0.08829358 0.08009262 0.02287482
v -0.08783224 0.10481374 -0.06423656
v -0.08797457 0.06526029 0.03101950
v -0.08945229 0.13651858 -0.02571122
v -0.08880346 0.13471589 -0.05609735
v -0.09100486 0.03852302 0.10692138
v -0.08697936 0.03973232 0.10736259
v -0.08543801 0.02612616 0.14066944
v -0.08928633 0.05138958 0.05485791
v -0.08876225 0.09010658 0.00135744
v -0.08834255 0.08545722 -0.06654198
v -0.08796503 0.15692203 -0.03263534
v -0.09042604 0.04758740 0.06348611
v -0.08567765 0.02537947 0.14040037
v -0.08781563 0.08782326 -0.06995355
v -0.08816498 0.02232463 0.13604404
v -0.08818112 0.02421329 0.13606018
v -0.09042050 0.03110012 -0.08753855
v -0.08678292 0.14005720 -0.02727022
v -0.08763623 0.06798205 -0.07347234
v -0.09141030 0.07880517 0.00697712
v -0.08800691 0.13085922 -0.06781196
v -0.08704765 0.12918796 -0.06223930
v -0.08633153 0.15559111 -0.07371351
v -0.08843019 0.03876010 0.12066964
v -0.08742601 0.08397509 -0.05870214
v -0.08758280 0.06906505 0.02906779
v -0.08845785 0.07473755 -0.07408896
v -0.08755384 0.12957009 -0.02886988
v -0.08415291 0.03060054 0.13960451
v -0.08890586 0.06031550 0.03373514
v -0.08740629 0.02784531 -0.08948021
v -0.08822180 0.11185096 -0.00759976
v -0.08734172 0.08684545 -0.06867276
v -0.08865920 0.04171381 0.09711515
v -0.08696167 0.09117744 -0.06721742
v -0.08711394 0.03583205 0.13079321
v -0.08635087 0.11593028 -0.01488467
v -0.09057366 0.12358360 -0.02398687
v -0.08635333 0.15592889 -0.06752633
v -0.08726122 0.07242654 -0.08049964
v -0.08699227 0.09873566 -0.00647352
v -0.08512190 0.06112540 0.05725011
v -0.08711999 0.04420080 -0.09057020
v -0.08549117 0.02843736 -0.09061371
v -0.08789506 0.04292718 0.07446306
v -0.08662994 0.11037970 -0.01873745
v -0.08540922 0.02348549 0.14293839
v -0.08663146 0.08842740 -0.06999643
v -0.08526762 0.12762445 -0.06625159
v -0.08600437 0.15105140 -0.02483633
v -0.08679935 0.05962526 0.04350126
v -0.08730550 0.09276711 -0.00995177
v -0.08611000 0.09761611 -0.05973082
v -0.08640424 0.02771414 -0.09306237
v -0.08667549 0.05442017 0.04516405
v -0.08467177 0.04339043 0.07840145
v -0.08759984 0.09357908 -0.05484230
v -0.09023491 0.04279291 0.09060569
v -0.08616333 0.08960579 -0.07069056
v -0.08611377 0.13323035 -0.02328251
v -0.08747849 0.04271686 0.09030648
v -0.08665147 0.12471895 -0.01248816
v -0.08381549 0.04548253 -0.09477498
v -0.08734148 0.02668054 -0.09040205
v -0.08739230 0.02981013 -0.08990050
v -0.08326705 0.03471752 -0.09516174
v -0.08567907 0.02290576 0.13993433
v -0.08505908 0.13191650 -0.02011250
v -0.08569521 0.02479441 0.13993433
v -0.08563448 0.05303009 -0.08991629
v -0.08574363 0.09071961 -0.07125553
v -0.08561530 0.05042581 0.06490515
v -0.08563484 0.02782630 -0.09891205
v -0.08551764 0.02745789 -0.09175627
v -0.08551764 0.02936268 -0.09174013
v -0.08758178 0.10080638 0.00303099
v -0.08431945 0.12977962 -0.00943648
v -0.08768552 0.12254365 -0.02165664
v -0.08448031 0.13320636 -0.07408924
v -0.08794013 0.04191062 0.09327454
v -0.08763735 0.15514000 -0.02241103
v -0.08753831 0.14579095 -0.06451934
v -0.08536647 0.07371727 0.03604360
v -0.08496869 0.09537434 -0.00471860
v -0.08493652 0.09294725 -0.07232093
v -0.08486474 0.04105331 0.10706669
v -0.08497150 0.15878502 -0.01910321
v -0.08498114 0.04310817 -0.08850779
v -0.08518578 0.08340468 0.01785086
v -0.08420048 0.08511076 -0.07945306
v -0.08549131 0.04567173 0.08094259
v -0.09002321 0.03978575 0.10775102
v -0.08589301 0.05985143 0.03880733
v -0.08265200 0.02399224 0.14955112
v -0.08707859 0.09994565 -0.01460350
v -0.08498285 0.07102527 0.03158747
v -0.08437455 0.04842828 0.06292059
v -0.08369356 0.02800673 -0.09327365
v -0.08152889 0.11708136 -0.00472957
v -0.08543725 0.07134190 -0.08134934
v -0.08405103 0.10425159 -0.06521917
v -0.08195976 0.07130833 0.04455343
v -0.08424240 0.09515875 -0.07317647
v -0.08362864 0.05886759 0.05636140
v -0.08373226 0.02913822 -0.08838766
v -0.08142063 0.07077109 0.04602813
v -0.08424146 0.14838175 -0.02424198
v -0.08264862 0.11614789 -0.00001008
v -0.08445015 0.09699316 -0.07423962
v -0.08550621 0.14494761 -0.01547096
v -0.10599909 0.02618853 -0.02714572
v -0.08459676 0.12531212 -0.02303903
v -0.08369652 0.09223618 0.00796732
v -0.08367526 0.03110889 0.14143438
v -0.08312209 0.08817118 -0.07742488
v -0.10534266 0.02597996 -0.02010861
v -0.07917753 0.02397481 0.14799937
v -0.08147773 0.07206959 -0.08588607
v -0.08389436 0.05196080 -0.08781787
v -0.08299495 0.07079933 -0.07964853
v -0.08364513 0.09740253 -0.07385445
v -0.08218253 0.04133065 0.10119930
v -0.08741888 0.05459658 -0.08940172
v -0.08288585 0.07896854 0.02462680
v -0.08465662 0.02628547 0.14025565
v -0.08045803 0.03612887 0.14119842
v -0.08455119 0.10164054 0.00101310
v -0.09329801 0.00051833 -0.08751873
v -0.08035210 0.02393887 0.14655268
v -0.08314472 0.09974316 -0.07437100
v -0.08308015 0.02532710 0.14348564
v -0.08325510 0.07078289 0.04477325
v -0.08306401 0.02343845 0.14346950
v -0.08327739 0.14927513 -0.07736498
v -0.08390495 0.09669420 -0.07587228
v -0.08083128 0.13457491 -0.07474775
v -0.08257568 0.07192103 0.04331326
v -0.08382144 0.14252635 -0.01890967
v -0.08363496 0.10866423 -0.07241559
v -0.08272502 0.10219679 -0.07480685
v -0.08330520 0.03505466 0.13650394
v -0.08299140 0.07241165 0.04385553
v -0.08093854 0.07259664 0.04408401
v -0.08344924 0.08362029 -0.07215969
v -0.08337554 0.15802362 -0.02187309
v -0.08241433 0.02763492 -0.09641813
v -0.08058726 0.02989368 -0.09747173
v -0.08140198 0.06515870 0.04366458
v -0.08233707 0.07003516 0.04658668
v -0.08232147 0.10482799 -0.07521041
v -0.08136771 0.06547962 0.04746480
v -0.08240483 0.07100418 0.04512302
v -0.08102473 0.06564406 0.05598091
v -0.08222636 0.07084245 0.04729978
v -0.08200635 0.07184532 0.04444770
v -0.08196984 0.08517522 0.01309871
v -0.07956743 0.02676626 -0.09716477
v -0.08176955 0.09336274 0.00490438
v -0.08191791 0.10771747 -0.07564624
v -0.08174609 0.11423827 -0.07717454
v -0.08504218 0.00076547 -0.09913277
v -0.08237095 0.07236407 0.04468041
v -0.08039564 0.07910502 0.03043450
v -0.08172420 0.02945954 -0.09508159
v -0.08183311 0.07042728 0.04493477
v -0.08356140 0.00877035 0.14894641
v -0.08172420 0.02755474 -0.09508159
v -0.08165094 0.07151432 0.04636593
v -0.07806461 0.08157184 0.03604514
v -0.08128989 0.06999224 0.04362421
v -0.08037904 0.11743532 -0.07739859
v -0.08170623 0.07316413 0.04451904
v -0.08154663 0.11081678 -0.07609823
v -0.08141938 0.00193894 -0.10166368
v -0.08154087 0.02788083 -0.10184203
v -0.08121698 0.07403937 0.04382996
v -0.08167683 0.11563836 -0.00670738
v -0.07828127 0.03852723 0.13786693
v -0.08260100 0.15321991 -0.02336106
v -0.08214691 0.15558584 -0.01227243
v -0.08233695 0.07157719 0.04558288
v -0.07730790 0.02408390 0.14858325
v -0.08143274 0.15315156 -0.01615653
v -0.08170066 0.07154426 0.04363015
v -0.08037737 0.07025332 0.04341241
v -0.08225058 0.14719366 -0.02565397
v -0.08237114 0.08574185 0.02614849
v -0.07978996 0.04062823 0.10861024
v -0.08123993 0.11407753 -0.07655022
v -0.08130340 0.13331930 -0.07964913
v -0.08155866 0.05435742 0.06082742
v -0.08102182 0.07154038 0.04399272
v -0.08137471 0.04133259 -0.09533226
v -0.08193947 0.02560416 0.14708206
v -0.08094679 0.07208771 0.04703880
v -0.08154988 0.09668100 -0.07744008
v -0.08019973 0.09062891 -0.08303480
v -0.08035054 0.02839528 -0.09473155
v -0.08106529 0.07027767 0.04506889
v -0.08073922 0.07349035 0.04592945
v -0.08143993 0.09453838 -0.07196608
v -0.08082519 0.07238965 0.04353454
v -0.08101394 0.11745127 -0.07703449
v -0.08235944 0.15540253 -0.07420822
v -0.08144211 0.07253753 0.04679537
v -0.08177011 0.07146850 0.04669650
v -0.08152784 0.12843667 -0.01028450
v -0.08041512 0.06970366 0.04419419
v -0.07899132 0.15855705 -0.00936793
v -0.07855123 0.04453439 0.09047519
v -0.08086866 0.12088959 -0.07753490
v -0.08009857 0.10878963 -0.00455953
v -0.07981011 0.11393933 -0.07357722
v -0.08051718 0.05131904 -0.09477546
v -0.08078795 0.12440862 -0.07800302
v -0.08077435 0.07118793 0.04579929
v -0.08067600 0.07149106 0.04497057
v -0.07978699 0.06864570 0.04431598
v -0.08075566 0.12799222 -0.07842273
v -0.08105085 0.02317339 0.14722804
v -0.08025448 0.06954193 0.04464592
v -0.08072338 0.13160809 -0.07881014
v -0.08161335 0.07053546 0.03180921
v -0.08068241 0.11518461 -0.07893396
v -0.07972537 0.06998392 0.04246709
v -0.08086383 0.02353496 0.14806425
v -0.08064266 0.13517555 -0.07919756
v -0.08010715 0.06923709 0.04393993
v -0.07969086 0.06961277 0.04529556
v -0.07962933 0.07109796 0.04326528
v -0.08005747 0.06918620 0.04316847
v -0.08023084 0.07145580 0.04652596
v -0.07884658 0.07085821 0.04312818
v -0.07989563 0.15302802 -0.02336735
v -0.07982514 0.07027394 0.04276378
v -0.08146775 0.02642626 0.14578287
v -0.08001340 0.06950810 0.04503417
v -0.08049738 0.13867842 -0.07956883
v -0.08046510 0.06994445 0.04375844
v -0.07998179 0.06957296 0.04270820
v -0.08041795 0.07084789 0.04777413
v -0.08101921 0.07026078 0.04631266
v -0.07993226 0.07088054 0.04316156
v -0.07885935 0.09297972 -0.07698287
v -0.08036824 0.02584366 0.14656883
v -0.07853509 0.04748432 0.08251256
v -0.08082437 0.07340409 0.04539926
v -0.07996017 0.07400588 0.04533289
v -0.08015900 0.14921596 -0.00299766
v -0.07918881 0.07352493 -0.08334280
v -0.07832846 0.09925453 -0.08095530
v -0.08031982 0.14218130 -0.07987553
v -0.08014591 0.15200455 -0.08136528
v -0.07983857 0.06024303 0.04647433
v -0.08102367 0.07347723 0.04321823
v -0.08035982 0.15240277 -0.00613378
v -0.08021293 0.14905097 -0.00413091
v -0.08018022 0.15158299 -0.00509867
v -0.08020682 0.07057401 0.04319346
v -0.07782496 0.03217189 0.14733212
v -0.07959255 0.08957923 0.01998352
v -0.07983718 0.14180339 -0.01286085
v -0.08009382 0.14573262 -0.08013381
v -0.07972676 0.15061633 -0.00617155
v -0.09267545 -0.00044158 0.05889927
v -0.08001311 0.06884678 0.04374230
v -0.07944813 0.02807130 -0.09640526
v -0.07906235 0.07115358 0.04392008
v -0.07935908 0.07229994 0.04611645
v -0.07987658 0.15473464 -0.08103580
v -0.08000178 0.14976822 -0.00358571
v -0.07854289 0.15506916 -0.08080699
v -0.07959936 0.14806905 -0.00295289
v -0.11435673 0.01525950 0.05865745
v -0.08010025 0.05292488 0.05878536
v -0.07931479 0.06904884 0.04522594
v -0.07954597 0.15307073 -0.00696074
v -0.07999661 0.07097884 0.04678305
v -0.08001217 0.07243443 0.04770850
v -0.07983555 0.14930006 -0.08032752
v -0.07935259 0.06981643 0.04541815
v -0.07931786 0.07120521 0.04353190
v -0.07887558 0.07098713 0.04438580
v -0.07644469 0.04271867 0.09696644
v -0.07981415 0.07279848 0.04443300
v -0.08039311 0.15039688 -0.00460245
v -0.08010708 0.15208302 -0.00419493
v -0.07948826 0.07347316 0.04508693
v -0.10113168 0.00101864 0.03866451
v -0.08043780 0.07240470 0.04642798
v -0.07945972 0.15189369 -0.00488462
v -0.07964184 0.15204426 -0.08042437
v -0.08804809 0.00587399 0.13789600
v -0.07868837 0.12642036 0.00132347
v -0.08007604 0.13377660 -0.08121312
v -0.08211504 0.07226097 -0.08718370
v -0.07732629 0.03172305 0.14677826
v -0.07974136 0.08214919 0.03480802
v -0.07902367 0.12327037 -0.01070086
v -0.07904453 0.06871991 0.04519143
v -0.07961717 0.12813753 0.00295027
v -0.07860648 0.06900313 0.04532595
v -0.07904505 0.07010585 0.04538829
v -0.07922354 0.07252610 0.04699115
v -0.07944813 0.15461088 -0.08047280
v -0.07943296 0.08213680 0.03375865
v -0.07949977 0.13968418 0.00030485
v -0.07851616 0.05511242 -0.09646573
v -0.07948042 0.06857236 0.04483998
v -0.08082254 0.07034390 0.04273191
v -0.07946172 0.13941699 -0.00051388
v -0.07856311 0.07079472 0.04288076
v -0.07896426 0.07068571 0.04253248
v -0.07899783 0.02898438 -0.09242793
v -0.07936742 0.07038030 0.04238634
v -0.07938050 0.07200111 0.04608622
v -0.07936044 0.15638922 -0.00586004
v -0.07884037 0.07042619 0.04519211
v -0.07916563 0.08362814 0.03382952
v -0.07878940 0.07073311 0.04483924
v -0.07906810 0.07247064 0.04720992
v -0.07753884 0.04141888 0.11143535
v -0.07796531 0.07357917 0.04614802
v -0.07884624 0.14917289 -0.00124630
v -0.07912439 0.14839936 -0.00431388
v -0.07893947 0.13745439 0.00066999
v -0.07903184 0.15147182 -0.00508272
v -0.07827049 0.08281443 0.03420266
v -0.07959175 0.12691032 0.00393221
v -0.07820464 0.06937891 0.04528967
v -0.07822562 0.07074671 0.04338731
v -0.07886069 0.15827179 -0.00706249
v -0.07743357 0.04102131 0.13476251
v -0.07942418 0.04650876 -0.09275540
v -0.07857213 0.12803024 0.00382094
v -0.07973895 0.06985616 0.04356455
v -0.07874834 0.08127578 0.03561730
v -0.07841450 0.04470912 0.08100602
v -0.07888380 0.12606829 0.00447490
v -0.07885573 0.14789131 -0.00383756
v -0.07851406 0.15938257 -0.01412255
v -0.09822814 -0.00051302 0.08542371
v -0.07828794 0.13829020 0.00235312
v -0.07875606 0.08304984 0.03469479
v -0.07811245 0.08132505 0.03757646
v -0.07905163 0.14953522 -0.00326849
v -0.07864891 0.15118955 -0.00516675
v -0.07734304 0.01013494 0.15434351
v -0.07878858 0.15009829 -0.00368330
v -0.07891762 0.08082033 0.03587006
v -0.07789150 0.04362306 0.09352324
v -0.08004917 0.07249611 0.04541793
v -0.07883411 0.15111359 -0.00608949
v -0.07752650 0.12136968 -0.00049682
v -0.07852347 0.13922080 -0.00236375
v -0.07875489 0.14066117 -0.00149256
v -0.07877325 0.15124968 -0.00349069
v -0.07903158 0.14783749 -0.00294714
v -0.07849065 0.14183795 0.00000322
v -0.07881981 0.07354828 0.04784712
v -0.07791739 0.02464401 0.15369055
v -0.07848701 0.15471371 -0.08087061
v -0.07902187 0.08123747 0.03387367
v -0.07712960 0.11633384 -0.08055697
v -0.07822932 0.08292618 0.03666556
v -0.07731571 0.14292754 0.00014561
v -0.07791269 0.06980000 0.04505073
v -0.07842159 0.08209181 0.03637616
v -0.07826023 0.12617933 0.00312696
v -0.07881535 0.15299909 -0.00294347
v -0.07823880 0.14975630 -0.00236599
v -0.07803935 0.13860879 0.00084463
v -0.07864160 0.14820814 -0.00176101
v -0.07785275 0.07020059 0.04459718
v -0.07821744 0.13943045 -0.00084154
v -0.07484772 0.04142926 0.09235798
v -0.07681091 0.02659758 0.15151752
v -0.07850152 0.13068371 0.00348474
v -0.07778144 0.14066511 0.00065547
v -0.07859101 0.15093491 -0.00571953
v -0.09225149 0.00427271 0.01696653
v -0.07886397 0.10562420 -0.07490342
v -0.07874979 0.14938902 -0.00283006
v -0.07869409 0.14905053 -0.00542756
v -0.07692447 0.02489175 0.15158734
v -0.07788952 0.05570866 -0.09144455
v -0.07811885 0.13759383 -0.00013463
v -0.07712612 0.15503065 -0.07828710
v -0.07825220 0.08110024 0.03518255
v -0.07749403 0.13747357 0.00233975
v -0.07852764 0.15125123 -0.00384368
v -0.07788639 0.13754706 -0.00145030
v -0.08006472 0.14884094 -0.00357806
v -0.07731156 0.09518381 0.02251016
v -0.07838439 0.14945534 -0.00339846
v -0.07759429 0.15138360 -0.00266239
v -0.07732558 0.15273935 -0.00334778
v -0.07766825 0.08416892 0.03322357
v -0.07831375 0.11029197 0.01057883
v -0.07881836 0.13020714 0.00407740
v -0.07792233 0.08397748 0.03474382
v -0.07782680 0.13909421 0.00023838
v -0.07805989 0.14971976 -0.00497520
v -0.07803712 0.02812928 -0.09930104
v -0.07838901 0.09440533 0.02214497
v -0.07771365 0.13109436 0.00242010
v -0.07772576 0.14077649 -0.01423739
v -0.07801147 0.15031703 -0.00507206
v -0.07769979 0.12620075 0.00600631
v -0.08083192 0.14198912 -0.00643444
v -0.07816158 0.07025012 0.04482682
v -0.07961012 0.10173306 0.01418846
v -0.07776742 0.12965816 0.00067158
v -0.07755132 0.14126112 -0.00237715
v -0.07797918 0.14921935 -0.00473307
v -0.07796304 0.07054172 0.04400057
v -0.07786646 0.10985799 0.01016603
v -0.07799993 0.12788516 0.00362042
v -0.07822677 0.15301222 -0.00282785
v -0.07729673 0.12643693 0.00496459
v -0.07755402 0.14841626 -0.00225281
v -0.07708028 0.07262932 -0.08974375
v -0.07834984 0.12874245 0.00161884
v -0.07849026 0.12796795 0.00205745
v -0.07790751 0.09369402 0.02455004
v -0.07820435 0.14788673 -0.00434266
v -0.07750652 0.12713584 0.00440915
v -0.07697140 0.08066996 0.03320538
v -0.07803762 0.12727958 0.00471899
v -0.07786619 0.15088201 -0.00503977
v -0.07748582 0.15931737 -0.00621824
v -0.07730669 0.13014170 0.00590456
v -0.07825511 0.15485819 -0.00599329
v -0.07627399 0.02410504 0.15012152
v -0.07637779 0.11121656 0.01081318
v -0.07692783 0.08066485 0.03366960
v -0.07710462 0.10993827 0.01103239
v -0.07830543 0.14189707 0.00122094
v -0.07814584 0.08236847 0.03358425
v -0.07736693 0.13857004 0.00102225
v -0.07594053 0.07115489 0.04081131
v -0.07753516 0.11064986 0.01134357
v -0.07778547 0.14884808 -0.00437794
v -0.07807407 0.15598668 -0.00698104
v -0.07737380 0.08092748 0.03476637
v -0.07794083 0.14220892 -0.00143664
v -0.07760791 0.02629564 0.14908701
v -0.07747884 0.12691399 0.00267008
v -0.07813129 0.13779505 -0.00048242
v -0.07766277 0.14954894 -0.00092708
v -0.07786924 0.15151858 -0.00240953
v -0.07764490 0.09300672 0.01269726
v -0.07784318 0.12958360 0.00416144
v -0.07670121 0.15909827 -0.00642447
v -0.07784914 0.08012944 0.03423340
v -0.07856209 0.09508969 0.02253088
v -0.07724284 0.13823442 0.00065196
v -0.07814736 0.15251030 -0.00152596
v -0.07807381 0.13005715 0.00197154
v -0.07732575 0.14179307 -0.00014285
v -0.07721525 0.15152569 -0.00088233
v -0.07738503 0.13975496 -0.00097065
v -0.08010181 0.03030198 -0.09665590
v -0.07699220 0.08016886 0.03411873
v -0.07699461 0.08130261 0.03280644
v -0.07759177 0.02440699 0.14908701
v -0.07743084 0.08240618 0.02384858
v -0.07807951 0.10893615 0.01188276
v -0.07752040 0.11065637 0.01240468
v -0.07759177 0.15135013 -0.00482992
v -0.07748453 0.08240266 0.03699919
v -0.07731468 0.09610927 0.02284076
v -0.07765162 0.10286554 0.00576495
v -0.07708914 0.08338596 0.03373517
v -0.07717402 0.12837391 0.00114395
v -0.07751105 0.14867051 -0.00395824
v -0.07716952 0.08047951 0.03356560
v -0.07624650 0.08028127 0.03487105
v -0.07740535 0.10973083 0.01208038
v -0.07839194 0.14909618 -0.00421670
v -0.07808429 0.14035704 -0.00100020
v -0.07744649 0.02955639 -0.09776121
v -0.07657157 0.08159216 0.03300324
v -0.07766711 0.12717474 0.00194030
v -0.07748679 0.12895142 0.00175428
v -0.07750608 0.15801531 -0.01186514
v -0.07783986 0.15837328 -0.00770295
v -0.07744649 0.02763545 -0.09776121
v -0.07741420 0.15470773 -0.08144134
v -0.07671585 0.08116295 0.03334006
v -0.07687396 0.12888645 0.00560630
v -0.07768782 0.09527454 0.02316590
v -0.07728817 0.14117921 -0.00127088
v -0.07831857 0.14937747 -0.00290077
v -0.07669153 0.07998815 0.03466057
v -0.07708047 0.08102099 0.03747388
v -0.07698680 0.09402757 0.02239761
v -0.07755071 0.09541015 0.02446390
v -0.07725702 0.10897836 0.01056897
v -0.07731467 0.08426546 0.03586142
v -0.07746381 0.15251694 -0.00479367
v -0.07596247 0.15709632 -0.00473235
v -0.09406922 0.00070853 0.10375274
v -0.07723664 0.15164070 -0.00445865
v -0.07742299 0.12943675 0.00382025
v -0.07666882 0.13742400 0.00157202
v -0.07685681 0.14806417 -0.00269815
v -0.07718821 0.08087280 0.03308837
v -0.07718821 0.14870279 -0.00355468
v -0.08017356 0.03970597 0.13192485
v -0.07717207 0.12695911 0.00264397
v -0.07762322 0.08193018 0.03421706
v -0.07807878 0.12674868 0.00608637
v -0.07715593 0.12812135 0.00225655
v -0.07754119 0.13110581 0.00128345
v -0.07720144 0.13920918 0.00169902
v -0.07627002 0.08182799 0.03306764
v -0.07746752 0.09681710 0.02204840
v -0.07758258 0.13777829 -0.00116197
v -0.07794993 0.08468594 0.03394966
v -0.07743822 0.09458659 0.02416263
v -0.07714196 0.11178861 0.01000376
v -0.07740598 0.13033701 0.00273938
v -0.07709135 0.13892055 -0.00102033
v -0.07714979 0.13969327 -0.00163739
v -0.07599642 0.08227513 0.03264421
v -0.07694385 0.09594217 0.02329772
v -0.07718232 0.12567224 0.00327149
v -0.07645554 0.08314854 0.03574351
v -0.07639692 0.12617796 0.00535394
v -0.07669290 0.12908264 0.00491524
v -0.07656122 0.08027138 0.03454326
v -0.07731262 0.11029921 0.01050610
v -0.07701064 0.13951782 -0.00108491
v -0.07717029 0.08102925 0.03643680
v -0.07699450 0.13840400 -0.00077820
v -0.07749536 0.13894346 -0.00231169
v -0.07685938 0.08257487 0.03661611
v -0.07634780 0.12802954 0.00338977
v -0.07958392 0.03903151 0.13734159
v -0.07638949 0.12833976 0.00689205
v -0.07759758 0.07790546 -0.08927149
v -0.07694608 0.12660397 0.00304753
v -0.07715172 0.15815072 -0.00759766
v -0.07996092 0.10565087 -0.08024053
v -0.07692993 0.12876705 0.00235341
v -0.07778242 0.13904346 -0.00173569
v -0.07714715 0.13107859 0.00502508
v -0.07700553 0.07123565 0.05088602
v -0.07637701 0.08439283 0.03749343
v -0.07697863 0.09303993 0.02454113
v -0.07684509 0.14093546 0.00315425
v -0.07686536 0.14896107 -0.00319955
v -0.07638493 0.10961819 0.01329299
v -0.07648583 0.06729664 0.04406405
v -0.07682883 0.14053944 0.00196394
v -0.07683308 0.15173755 -0.00399052
v -0.07681694 0.14013122 -0.00097191
v -0.07680079 0.08042082 0.03410533
v -0.07731517 0.10831639 0.01166703
v -0.07654724 0.13835839 -0.00045298
v -0.07678465 0.13804888 -0.00039078
v -0.07615083 0.15870087 -0.01556582
v -0.07362934 0.08283902 0.03899511
v -0.07697051 0.08387245 0.03572692
v -0.07719607 0.09408571 0.02240127
v -0.07636423 0.09374570 0.02578960
v -0.07680959 0.15809968 -0.00694786
v -0.07683491 0.08313829 0.03678892
v -0.07645145 0.15195006 -0.00208884
v -0.07662519 0.09676478 0.02154793
v -0.07699219 0.10932410 0.01060835
v -0.07634305 0.08327948 0.03037376
v -0.07625943 0.12699077 0.00540414
v -0.07680361 0.09340756 0.02291310
v -0.07668780 0.08171220 0.03266867
v -0.07713948 0.12973652 0.00234299
v -0.07576407 0.14238083 0.00170436
v -0.07572527 0.07247432 0.04025142
v -0.07636723 0.15017061 -0.00165243
v -0.07905869 0.06398546 0.05498050
v -0.07638671 0.13056128 0.00267747
v -0.07667311 0.13660453 0.00158171
v -0.07709440 0.14084485 0.00075147
v -0.07674797 0.10855850 0.01359759
v -0.07662323 0.12644254 0.00351565
v -0.07570462 0.09318807 0.02178881
v -0.07642062 0.09676877 0.02545829
v -0.07660709 0.12933203 0.00257940
v -0.07441175 0.07368679 0.04705723
v -0.07629582 0.07997005 0.03510290
v -0.07626285 0.14256275 -0.00131640
v -0.07661907 0.11246035 0.01229973
v -0.07656895 0.12966434 0.00164524
v -0.07615146 0.08190313 0.03289391
v -0.07434637 0.09266266 0.01175264
v -0.07728407 0.11223125 0.01077601
v -0.07661584 0.13055101 0.00088752
v -0.07655866 0.14946148 -0.00297356
v -0.07433000 0.08508422 0.01875024
v -0.07550343 0.08162400 0.03337131
v -0.07670655 0.13708278 0.00012203
v -0.07651023 0.14064779 -0.00071363
v -0.07652946 0.14164933 -0.00017682
v -0.07561093 0.08194913 0.03360632
v -0.07630621 0.12968046 0.00645128
v -0.07647795 0.15162455 -0.00352240
v -0.07646180 0.13788745 0.00006120
v -0.07676246 0.14224905 0.00213354
v -0.07568232 0.09320142 0.02123938
v -0.07177745 0.08453532 0.03862950
v -0.07553791 0.11275477 0.01108432
v -0.07651297 0.13687099 -0.00037095
v -0.07763787 0.14540435 -0.00790958
v -0.07554582 0.08064836 0.03513221
v -0.07632154 0.08293865 0.03757332
v -0.07563273 0.09269793 0.02138783
v -0.07582926 0.08220456 0.03303530
v -0.07550215 0.09297466 0.02220631
v -0.07592963 0.08196950 0.03326640
v -0.07649379 0.11886341 -0.00204883
v -0.07409028 0.15494710 -0.08296799
v -0.07589872 0.08039231 0.03508398
v -0.07515521 0.08128740 0.03478815
v -0.07685104 0.11170841 0.01154951
v -0.07633267 0.15009104 -0.00287670
v -0.07606290 0.00126240 -0.10384219
v -0.07534938 0.08071614 0.03276102
v -0.07646582 0.09158649 -0.08040272
v -0.07573499 0.15165773 -0.00253526
v -0.07631652 0.15474003 -0.08195789
v -0.07367086 0.15624942 -0.00597608
v -0.07688896 0.12793277 0.00501862
v -0.07517153 0.13718788 0.00411347
v -0.07626810 0.08203505 0.03276552
v -0.07630410 0.13973852 0.00338140
v -0.07669751 0.14212134 0.00006662
v -0.07495329 0.09444632 0.02080589
v -0.07675287 0.11006630 0.01256682
v -0.07617311 0.12583815 0.00441777
v -0.07625195 0.12652326 0.00395150
v -0.07625195 0.15128556 -0.00315112
v -0.07579690 0.09607274 0.02196879
v -0.07580334 0.09617083 0.02289350
v -0.07577350 0.11274474 0.01204935
v -0.07621967 0.12967101 0.00293453
v -0.07621967 0.15075288 -0.00294127
v -0.07633519 0.09509900 0.02263715
v -0.07688131 0.03638264 0.14284918
v -0.07256808 0.09687481 0.02550140
v -0.07454438 0.07873579 -0.08590739
v -0.07617124 0.14098678 -0.00035850
v -0.07538368 0.09241583 0.02191402
v -0.07557162 0.09369231 0.02146467
v -0.07509943 0.10987242 0.00946666
v -0.07599097 0.04200911 -0.09975869
v -0.07643601 0.07992863 0.03459590
v -0.07527751 0.08095307 0.03503439
v -0.07574651 0.10842158 0.01356318
v -0.07619871 0.11085967 0.01109632
v -0.07530817 0.11251347 -0.07811889
v -0.07523177 0.12521871 0.00519121
v -0.07582643 0.08014964 0.03535635
v -0.07746625 0.10268632 0.01070108
v -0.07612282 0.13796816 0.00048090
v -0.07521140 0.09286495 0.02261796
v -0.07610515 0.10849332 0.01211553
v -0.07421117 0.13297286 0.00602957
v -0.07634114 0.08473814 0.03536821
v -0.07507006 0.09420386 0.02083295
v -0.07515156 0.10866731 0.00904804
v -0.07632446 0.10906026 0.01219393
v -0.07612384 0.13069226 0.00424266
v -0.07668144 0.10111627 0.00441019
v -0.07587384 0.05578554 0.06283081
v -0.07871543 0.07101584 0.04349858
v -0.07635671 0.09333984 0.02401319
v -0.07593483 0.11208403 0.01178598
v -0.07558892 0.09353919 0.02064955
v -0.07545178 0.14110297 0.00212734
v -0.07505413 0.10823004 0.00943162
v -0.07616104 0.08340403 0.03465414
v -0.07596180 0.13978295 -0.00845994
v -0.07661403 0.09983122 -0.08439028
v -0.07546721 0.09416224 0.02113351
v -0.07534612 0.09684602 0.02420581
v -0.07440433 0.14692344 0.00243000
v -0.07550264 0.08301173 0.03724329
v -0.07594084 0.13818146 0.00122743
v -0.07650143 0.14026645 0.00160325
v -0.07467878 0.15751226 -0.00840879
v -0.07610756 0.08181695 0.03651133
v -0.07552125 0.11171989 0.01077489
v -0.07584579 0.09487769 0.02371216
v -0.07533754 0.10907644 0.00966126
v -0.07588068 0.12684611 0.00429048
v -0.07499795 0.02752259 0.15081752
v -0.07584840 0.12971944 0.00337037
v -0.07477672 0.10842824 0.01073595
v -0.07500676 0.12735699 0.00534961
v -0.07549035 0.12845267 0.00576303
v -0.07658314 0.07675427 0.03746916
v -0.07526024 0.10874549 0.00995921
v -0.07532825 0.13032936 0.00395604
v -0.07579997 0.14108363 0.00007734
v -0.07533827 0.08181936 0.03402403
v -0.07649535 0.09459503 0.02502125
v -0.07479649 0.10808878 0.01005013
v -0.07486408 0.09288841 0.02292948
v -0.07582603 0.10992792 0.01127075
v -0.07575154 0.13832330 0.00083603
v -0.07750129 0.04058109 0.11724110
v -0.07573540 0.09307639 0.02093321
v -0.07449532 0.09463269 0.02163564
v -0.07482050 0.10970488 0.00879660
v -0.07736904 0.11071687 0.00507578
v -0.07498696 0.13076621 0.00487340
v -0.07645166 0.08241923 0.03640560
v -0.07517488 0.09503032 0.02589571
v -0.07480134 0.10792180 0.00992212
v -0.07569205 0.08268299 0.03587544
v -0.07686115 0.08367752 0.03483811
v -0.07694703 0.09502336 0.02178935
v -0.07625343 0.09657487 0.02339654
v -0.07593795 0.13729488 0.00103010
v -0.07492283 0.12437109 0.00630526
v -0.07529242 0.11139709 0.01223255
v -0.07421177 0.02485617 0.15609900
v -0.07518581 0.09445600 0.02115049
v -0.07577590 0.14235327 -0.00039524
v -0.07640151 0.09397165 0.02401412
v -0.07518685 0.08156661 0.03445078
v -0.07504884 0.08203217 0.03400678
v -0.07504001 0.09716677 0.02404296
v -0.07507292 0.10850950 0.01034372
v -0.07713389 0.13896602 -0.08200793
v -0.07323642 0.14747847 0.00105229
v -0.07511220 0.10787149 0.00957167
v -0.07564628 0.11089900 0.01324718
v -0.07501223 0.08090328 0.03531583
v -0.07460495 0.09810132 -0.08449348
v -0.07477844 0.09424403 0.02554894
v -0.07662245 0.11073341 0.01008465
v -0.07554169 0.12734652 0.00451647
v -0.07552555 0.12950959 0.00380622
v -0.07556721 0.08412573 0.03547322
v -0.07495917 0.11733593 -0.00328454
v -0.07487324 0.09678481 0.02621069
v -0.07547712 0.14093835 0.00051318
v -0.07548604 0.16197624 -0.01034688
v -0.07619539 0.08073396 0.03192333
v -0.07476400 0.09611899 0.02532620
v -0.07552551 0.09564784 0.02496818
v -0.07524905 0.10954864 0.00876650
v -0.07544484 0.13887212 0.00109430
v -0.07485575 0.11100850 0.01406677
v -0.07499750 0.09228140 0.02243466
v -0.07343410 0.14629643 0.00172435
v -0.07691906 0.15970655 -0.00810609
v -0.07538027 0.08221261 0.03347579
v -0.07483129 0.11021760 0.00955456
v -0.07447146 0.11014793 0.00892529
v -0.07585098 0.14185347 -0.00012957
v -0.07665120 0.04242228 0.10219272
v -0.07536413 0.08048539 0.03546129
v -0.07568251 0.10804922 0.00822062
v -0.07443861 0.10777412 0.01043100
v -0.07517781 0.11277912 0.01395248
v -0.07505701 0.08085148 0.03515539
v -0.07500363 0.09700631 0.02286836
v -0.07531570 0.12794379 0.00458105
v -0.07377667 0.14338336 0.00328335
v -0.07529956 0.09401265 0.02049737
v -0.07391220 0.07289578 0.04632467
v -0.07489603 0.09440036 0.02054553
v -0.07528342 0.10947698 0.00948831
v -0.07485026 0.12514141 0.00776977
v -0.07643174 0.02734831 0.15053919
v -0.07445029 0.09042268 -0.08806917
v -0.07591665 0.11172742 0.01241336
v -0.07378928 0.13669550 0.00396797
v -0.07523499 0.14059936 0.00088446
v -0.07521885 0.13950168 0.00119116
v -0.07456834 0.06360455 0.04552505
v -0.07509875 0.13903458 0.00223447
v -0.07520270 0.15480459 -0.08245830
v -0.07512208 0.10927093 0.00908083
v -0.07670726 0.14324109 -0.00085420
v -0.07443609 0.09462347 0.02078300
v -0.07457115 0.13830179 0.00415870
v -0.07202634 0.03358092 0.14987443
v -0.07521885 0.12855719 0.00448419
v -0.07529956 0.12910603 0.00420977
v -0.07513814 0.14011509 0.00112659
v -0.07652895 0.15002295 -0.00269446
v -0.07471843 0.02807130 -0.09881046
v -0.07390247 0.09400988 0.02274581
v -0.07507357 0.10917028 0.00881033
v -0.07557512 0.15940877 -0.00711253
v -0.07024052 0.07443655 0.04846323
v -0.07418499 0.09453047 0.02201467
v -0.07452588 0.11042960 0.00978212
v -0.07496489 0.05355822 0.06201464
v -0.07474438 0.14113874 0.00150150
v -0.07451205 0.09306458 0.02310386
v -0.07514832 0.09499603 0.02449790
v -0.07390452 0.11036637 0.01045244
v -0.07406145 0.11045256 0.00919044
v -0.07515580 0.13363845 -0.08452335
v -0.07479915 0.02669920 0.15105638
v -0.07402598 0.10784874 0.01084481
v -0.07387130 0.10901128 0.01133476
v -0.07501743 0.09476761 0.02238171
v -0.07418039 0.12564802 0.00612180
v -0.07398237 0.09367158 0.02301055
v -0.07396955 0.09431216 0.02241442
v -0.07424720 0.10805081 0.00781871
v -0.07499457 0.10919445 0.01289409
v -0.07664103 0.09398509 0.02428084
v -0.07483143 0.09464219 0.02132063
v -0.07459230 0.11132603 0.01188188
v -0.07604270 0.12013383 0.00671069
v -0.07481529 0.08174448 0.03455731
v -0.07491844 0.12933745 0.00534100
v -0.07478300 0.08134093 0.03502545
v -0.07587249 0.13227581 0.00527644
v -0.06785641 0.04178274 0.12977133
v -0.07506167 0.11113080 0.01230353
v -0.07470229 0.15157612 -0.00986632
v -0.07454520 0.15656161 -0.00942455
v -0.07415310 0.10866940 0.01128098
v -0.07502882 0.09250301 0.02257543
v -0.07573971 0.13128220 0.00579857
v -0.07420109 0.09333442 0.02312949
v -0.07333027 0.09787512 0.02656818
v -0.07532626 0.10985175 0.01285211
v -0.07466596 0.15204246 -0.00941689
v -0.07483997 0.15181201 -0.00967941
v -0.07547981 0.15806293 -0.00930724
v -0.07464804 0.09572901 0.02330624
v -0.07471433 0.04300963 -0.09906566
v -0.07670224 0.07254282 0.04192802
v -0.07454071 0.10988353 0.01380092
v -0.07455701 0.09230156 0.02285415
v -0.07389906 0.10826571 0.01109855
v -0.07822074 0.08107529 0.03289604
v -0.07360145 0.10813668 0.01110918
v -0.07407878 0.11452753 0.01360293
v -0.07434770 0.15221060 -0.01067280
v -0.07381778 0.15870921 -0.00891783
v -0.07408857 0.09254340 0.02306461
v -0.07415177 0.09605690 0.02464493
v -0.07447630 0.10844387 0.01107026
v -0.07435474 0.15587546 -0.01030798
v -0.07425322 0.11163672 0.01310625
v -0.07447525 0.09490897 0.02425361
v -0.07440038 0.11039480 0.01263232
v -0.07421333 0.02837064 -0.09802532
v -0.07427251 0.15151922 -0.00997173
v -0.07440619 0.15217291 -0.00933241
v -0.07368452 0.11013928 0.01079615
v -0.07366794 0.10939646 0.01128100
v -0.07418574 0.11047780 0.01008558
v -0.07394371 0.08375793 0.03766748
v -0.07393548 0.05415478 -0.09783749
v -0.07353493 0.07323592 -0.09337394
v -0.07482484 0.13194729 0.00433749
v -0.07391317 0.15261633 -0.00073485
v -0.07360446 0.10979997 0.01110264
v -0.07415359 0.11035569 0.00935528
v -0.07402985 0.15231676 -0.00917404
v -0.07323450 0.10857965 0.01119826
v -0.07253353 0.08411187 0.03678356
v -0.07363125 0.11052099 0.00960256
v -0.07707880 0.13448841 -0.00434046
v -0.07434375 0.15820256 -0.01005027
v -0.07516686 0.09389697 0.02458448
v -0.07498627 0.08179955 0.03385603
v -0.07303090 0.13834809 0.00416456
v -0.07396586 0.09316930 0.02305678
v -0.07397589 0.09469062 0.02117534
v -0.07585733 0.13680150 -0.07928662
v -0.07421592 0.13394427 -0.00870451
v -0.07324084 0.09383274 0.02261373
v -0.07394360 0.15120486 -0.01030216
v -0.07283089 0.11416449 0.01243837
v -0.07372495 0.11607365 -0.08308301
v -0.07298205 0.10911562 0.01112751
v -0.07698207 0.14344214 -0.00016897
v -0.07345661 0.15111073 -0.01045285
v -0.07219667 0.04073364 0.13741099
v -0.07325049 0.11039576 0.01006909
v -0.07351790 0.15478447 -0.01096622
v -0.07307923 0.15652398 -0.00911760
v -0.07417092 0.04229998 0.13061544
v -0.07366918 0.09291497 0.02309628
v -0.07456811 0.13747832 0.00209667
v -0.07320835 0.11003412 0.01066475
v -0.07363416 0.15507409 -0.00918133
v -0.07357233 0.09452919 0.02167575
v -0.07305894 0.13727114 0.00355275
v -0.07261593 0.11342999 0.01319091
v -0.07576612 0.11604267 -0.08335967
v -0.07346295 0.04003844 -0.09625605
v -0.07297534 0.11009020 0.01052127
v -0.07316729 0.16160228 -0.01183242
v -0.07243581 0.14361895 0.00199592
v -0.07325352 0.02883434 -0.09539064
v -0.07336248 0.09338309 0.02295099
v -0.07387985 0.14813926 0.00199023
v -0.07474571 0.09321337 0.02250908
v -0.07331406 0.09423864 0.02217616
v -0.07342628 0.10651790 0.01005271
v -0.07346199 0.15225079 -0.00927667
v -0.07439557 0.10632861 0.00965424
v -0.06926103 0.08531523 0.03869548
v -0.07314880 0.02942978 -0.10115945
v -0.07215623 0.10193970 0.01319219
v -0.07329932 0.15151330 -0.01003882
v -0.07300729 0.02742692 -0.10097255
v -0.07647521 0.02759332 0.14897931
v -0.07238997 0.03885496 0.14397823
v -0.07527592 0.02703129 -0.09889248
v -0.07329032 0.03050657 -0.09976681
v -0.07314098 0.15193389 -0.00961928
v -0.07351934 0.09420282 0.02238198
v -0.07291050 0.15494988 -0.08332999
v -0.07304626 0.15716688 -0.01007485
v -0.07286207 0.10963840 0.01090883
v -0.07386295 0.09675205 0.02488910
v -0.07176555 0.15165945 -0.00217287
v -0.07263549 0.15469436 -0.01026835
v -0.07295267 0.12102687 0.00897181
v -0.07268715 0.14375514 0.00330942
v -0.07382371 0.14417080 0.00295668
v -0.07058591 0.09479547 0.01818871
v -0.07271679 0.02770002 -0.09969829
v -0.07271679 0.02962096 -0.09968215
v -0.07380707 0.10848332 0.00886979
v -0.07096975 0.11438193 0.01007311
v -0.07077421 0.11662183 0.01306975
v -0.07212377 0.11617829 -0.08061275
v -0.07073341 0.10761407 0.01462195
v -0.07289321 0.09836478 -0.08195911
v -0.07349568 0.10443406 0.00939319
v -0.07254425 0.10959182 0.01575284
v -0.06928732 0.12321766 0.00989051
v -0.07217498 0.07361423 -0.09260405
v -0.07737023 0.04094184 0.12988773
v -0.07127907 0.14605914 0.00361796
v -0.07250280 0.03278637 0.14906345
v -0.07414477 0.09315067 0.02105774
v -0.07091402 0.02725390 0.15453715
v -0.07231828 0.09501580 0.02091563
v -0.07039827 0.14699236 0.00378492
v -0.07376844 0.15506018 -0.08389071
v -0.07513623 0.02398249 0.15168396
v -0.07206816 0.08159275 0.03684405
v -0.07308076 0.05110475 -0.09573333
v -0.07303612 0.13155348 0.00577212
v -0.07755551 0.04536799 0.09079929
v -0.07242232 0.11439947 0.01431774
v -0.07479915 0.02479441 0.15105638
v -0.07194196 0.02702205 0.15254149
v -0.06922105 0.09639181 -0.08944675
v -0.07192582 0.02513339 0.15252534
v -0.07184526 0.09863156 0.02624519
v -0.07327801 0.10775956 -0.08550540
v -0.07008201 0.14645182 0.00220172
v -0.06816781 0.15480528 -0.08470092
v -0.07173211 0.15488530 -0.08373354
v -0.07026770 0.10018897 0.01434930
v -0.07200600 0.10485713 0.00776528
v -0.06843469 0.09111700 0.02188803
v -0.06873688 0.14368239 0.00520292
v -0.07017175 0.07542811 0.04877670
v -0.07258604 0.13760114 0.00578130
v -0.06370906 0.07989376 0.03072978
v -0.07047814 0.09914561 -0.08680238
v -0.06953678 0.13025806 -0.08679186
v -0.07122644 0.12166868 0.00682998
v -0.06871765 0.14494810 0.00400968
v -0.07123667 0.15527720 -0.08377014
v -0.07127430 0.10370646 0.00606098
v -0.07064524 0.14271635 0.00177352
v -0.07095503 0.09418012 0.02473846
v -0.07093412 0.13389100 -0.08494119
v -0.06874410 0.04344729 -0.10223146
v -0.06768758 0.09571715 0.01826608
v -0.07478504 0.04174309 0.12062401
v -0.07145180 0.06453865 0.04934103
v -0.06868649 0.13717622 0.00522415
v -0.07376826 0.15130181 -0.08456151
v -0.07100724 0.07213294 -0.09020841
v -0.06810204 0.15485328 -0.08547007
v -0.07065946 0.12308548 0.00012939
v -0.07073182 0.05597677 -0.09987892
v -0.07182329 0.10425838 0.01000844
v -0.07019244 0.03843774 0.14385688
v -0.07077955 0.16416717 -0.00799710
v -0.07011467 0.02452444 0.15357016
v -0.07408311 0.07571330 0.02931858
v -0.07069385 0.16038777 -0.00677526
v -0.03214278 0.00417133 0.01766308
v -0.07066370 0.05582815 0.06542996
v -0.06689065 0.14508975 0.00314809
v -0.07053757 0.15482073 -0.08407253
v -0.06996669 0.07385978 0.04011648
v -0.07066681 0.14451214 -0.00560030
v -0.06834915 0.09890534 0.02589207
v -0.06948183 0.04213957 0.13700337
v -0.07010439 0.05453451 0.06217535
v -0.06689000 0.08895621 0.02480139
v -0.06775561 0.09044509 0.02136403
v -0.07576914 0.09753276 0.02467507
v -0.07170845 0.13333121 0.00752930
v -0.07026781 0.04383763 0.09376463
v -0.06044194 0.01343030 -0.02759735
v -0.06995670 0.00199732 -0.10505862
v -0.06995645 0.02802287 -0.10037627
v -0.06995145 0.02799201 -0.10511592
v -0.07013479 0.13447747 -0.08204318
v -0.07637217 0.02802690 -0.10386555
v -0.06971183 0.11576468 -0.08510133
v -0.07015050 0.12207143 -0.00182454
v -0.06499348 0.04566961 0.09050556
v -0.06811921 0.15073335 -0.08620826
v -0.07121661 0.13226927 0.00765415
v -0.06612853 0.04703185 0.08061582
v -0.07871610 0.00922924 0.15249746
v -0.06819791 0.10746429 -0.08775990
v -0.07110883 0.13273325 0.00595338
v -0.07310042 0.14265165 0.00247968
v -0.06938776 0.12186574 0.01147981
v -0.06921817 0.09806501 -0.08425233
v -0.06455362 0.01151278 0.15884455
v -0.06989486 0.13607666 0.00612743
v -0.07094570 0.01133558 0.15758090
v -0.06930959 0.14409700 -0.00743481
v -0.06934305 0.15477230 -0.08436310
v -0.07103910 0.02578072 0.15468564
v -0.06984793 0.16329221 -0.00985477
v -0.07475424 0.07531340 0.04760006
v -0.07005358 0.02463135 0.15430469
v -0.07062433 0.02803364 0.15342131
v -0.06900406 0.02726418 0.15354231
v -0.06898791 0.02537553 0.15354231
v -0.06492520 0.04474847 0.09223131
v -0.06658466 0.09097848 0.02168466
v -0.06439774 0.08706446 0.02745967
v -0.06867769 0.11538284 -0.08231862
v -0.07101692 0.11878906 -0.08607427
v -0.05870397 0.04217978 0.10033362
v -0.06977549 0.08349115 0.02998253
v -0.06536192 0.09799830 0.02744068
v -0.06148546 0.09739146 0.02672335
v -0.06773953 0.11756194 0.01398644
v -0.06546925 0.14572933 0.00555729
v -0.06736770 0.12226034 0.01221830
v -0.06259942 0.11956062 0.01154749
v -0.07409707 0.12364318 0.00777265
v -0.06650161 0.09790375 0.01727512
v -0.06338023 0.08643626 0.02839715
v -0.07085059 0.09958059 0.01306693
v -0.06849345 0.02770732 0.15346418
v -0.06663207 0.09116481 0.02276668
v -0.06572062 0.02453708 0.15379937
v -0.05908292 0.04188051 0.10642978
v -0.06728211 0.02685030 -0.10107778
v -0.06411015 0.03156698 0.15171933
v -0.06541169 0.03057457 -0.10133778
v -0.06761582 0.02774845 -0.10077982
v -0.06761582 0.02965324 -0.10076369
v -0.06872933 0.12241235 0.00991008
v -0.06400114 0.03448608 0.14962900
v -0.06340277 0.13544581 0.00712176
v -0.06492090 0.13517034 0.00727595
v -0.06545043 0.13437811 0.00655748
v -0.06390230 0.03813892 0.14701910
v -0.06381373 0.02337925 0.14532638
v -0.06391651 0.08778204 0.02742329
v -0.06841470 0.13745466 0.00624403
v -0.06874425 0.13648215 0.00506881
v -0.06608476 0.07677030 0.03756835
v -0.07086985 0.04343397 0.09841896
v -0.06581745 0.02828662 -0.10022827
v -0.06688941 0.15470773 -0.08478279
v -0.06374405 0.04254277 0.12829388
v -0.06309354 0.12071387 0.01374650
v -0.06155444 0.07699311 0.03611574
v -0.06378725 0.04038402 0.14327721
v -0.06825048 0.09737852 0.02601609
v -0.06660292 0.05408940 -0.10145181
v -0.06677422 0.05328327 -0.10037644
v -0.06317664 0.14433497 0.00577664
v -0.06668911 0.04414809 -0.09845891
v -0.06483616 0.11407289 -0.08777449
v -0.06820184 0.03225302 -0.10160388
v -0.06001713 0.12104450 0.01124098
v -0.06318315 0.14511661 0.00482139
v -0.06373879 0.11972453 0.01293056
v -0.06624372 0.02795830 -0.10103811
v -0.06805605 0.02564549 0.15823126
v -0.06487602 0.05609377 -0.09692849
v -0.06457551 0.02801973 0.15421923
v -0.06754015 0.02490199 0.15386314
v -0.06596930 0.02552081 0.15412343
v -0.06596930 0.02742560 0.15413958
v -0.06486909 0.07270087 -0.09514252
v -0.06795669 0.09600944 0.01464234
v -0.06473343 0.10661448 0.00892446
v -0.06012267 0.04263608 0.13388612
v -0.06692111 0.11655442 0.01285892
v -0.06761892 0.08733368 0.02205721
v -0.06574830 0.12034287 0.00316487
v -0.06747934 0.07725682 -0.09473996
v -0.06416133 0.09532185 0.01308737
v -0.06564645 0.15469160 -0.08491194
v -0.06298687 0.07169591 0.04082234
v -0.06565606 0.13271903 -0.08630339
v -0.06570414 0.09622695 -0.08916685
v -0.06408716 0.14630193 -0.00342231
v -0.06462467 0.10634346 0.00661463
v -0.06365804 0.07614826 0.03104112
v -0.06151655 0.04072729 0.11763697
v -0.06460553 0.16125692 -0.00507993
v -0.06784192 0.15489688 -0.08172955
v -0.06385853 0.03320338 0.15181949
v -0.06803183 0.02771397 0.15264797
v -0.06308558 0.06496492 0.04585078
v -0.06512995 0.11310288 -0.08643039
v -0.06306723 0.04112963 0.09267431
v -0.06421878 0.12899723 -0.08358086
v -0.06521645 0.14472789 -0.00575462
v -0.06730619 0.14461213 0.00596828
v -0.06714283 0.14432891 0.00412490
v -0.06296182 0.05257459 0.06795142
v -0.06472724 0.10002759 -0.08977428
v -0.06455259 0.16446396 -0.00883083
v -0.06774509 0.05072662 0.07943268
v -0.06424513 0.15927283 -0.00736756
v -0.06488031 0.08504825 0.02687540
v -0.06326194 0.07628053 0.04892096
v -0.06175201 0.07833298 0.03714789
v -0.06742226 0.07605286 0.04758113
v -0.06525378 0.07472830 0.04774217
v -0.06562976 0.08731796 0.02913531
v -0.06507917 0.13488642 0.00808938
v -0.06073570 0.08376876 0.03840888
v -0.07295199 0.08556890 0.03763161
v -0.06526412 0.13391673 0.00834077
v -0.06317779 0.11906799 0.01323557
v -0.06035576 0.13430838 0.00739157
v -0.06336237 0.08714519 0.02893674
v -0.06427436 0.15469160 -0.08499265
v -0.06331710 0.11845197 0.01182589
v -0.06830556 0.09681129 0.01687725
v -0.06058416 0.14471236 0.00318819
v -0.06280862 0.08422019 0.02766028
v -0.06292380 0.14574133 0.00344179
v -0.06245806 0.14587046 0.00438241
v -0.06313717 0.14525219 0.00647750
v -0.06580469 0.12062789 0.01143507
v -0.06151465 0.08187511 0.03151979
v -0.06715387 0.09578142 0.01693704
v -0.06345110 0.02800673 -0.10113496
v -0.06086317 0.13464261 0.00754415
v -0.06124397 0.10025965 0.01506149
v -0.06254390 0.09785184 0.02588700
v -0.06332221 0.04473229 -0.10253819
v -0.06320591 0.03321163 -0.10180893
v -0.06300137 0.02803634 -0.10085493
v -0.06096161 0.13475521 0.00573669
v -0.06255676 0.04188655 0.13941086
v -0.06074768 0.02464299 0.15460004
v -0.06291841 0.02556924 0.15430099
v -0.06430734 0.02576024 0.15591355
v -0.06444706 0.02740766 0.15589433
v -0.06291841 0.02745789 0.15431714
v -0.06388919 0.03749159 0.14643439
v -0.05908869 0.02779565 0.15385052
v -0.06283677 0.00194910 -0.10546105
v -0.06282668 0.02798870 -0.10556446
v -0.06268520 0.02804959 -0.10085479
v -0.06525530 0.04155247 -0.10166537
v -0.06458485 0.02865632 -0.09750547
v -0.06295840 0.04530339 -0.09869714
v -0.06286105 0.05218637 -0.10099650
v -0.06386256 0.05765046 0.06285093
v -0.06455373 0.07319643 -0.09197359
v -0.06103831 0.07676361 -0.09531130
v -0.06406707 0.08554387 0.02113511
v -0.06404128 0.09480181 -0.08677051
v -0.06435403 0.11289581 -0.08355421
v -0.06156323 0.09916799 -0.08879200
v -0.06081305 0.10805618 0.00818218
v -0.06172295 0.11733193 -0.08354269
v -0.06432578 0.12088062 0.00096757
v -0.06410614 0.13501183 -0.08765906
v -0.06356556 0.15161240 -0.08658552
v -0.06288612 0.15470773 -0.08505721
v -0.06156607 0.15529514 -0.00691615
v -0.06452801 0.16549995 -0.00658631
v -0.06283229 0.08671578 0.02716585
v -0.06287806 0.04433522 -0.10195401
v -0.06252564 0.04125270 -0.10263810
v -0.06481957 0.08698681 0.02718703
v -0.05464190 0.07500807 0.04909690
v -0.05970343 0.02691103 -0.10129065
v -0.06516358 0.02791849 -0.10264560
v -0.06238571 0.02776459 -0.10107039
v -0.06538166 0.02965234 -0.10253309
v -0.06238571 0.02966939 -0.10105424
v -0.06285841 0.14500860 0.00461795
v -0.06287484 0.05549010 -0.10119077
v -0.06101264 0.07798183 0.03747199
v -0.06228885 0.02800673 -0.10113496
v -0.05914532 0.10219640 0.01350370
v -0.06286052 0.08530483 0.02784988
v -0.06081778 0.11953352 0.01276595
v -0.06058772 0.10016915 0.01305645
v -0.05792247 0.13651360 0.00689857
v -0.06151722 0.02788671 0.15306436
v -0.05862132 0.02461146 0.15423023
v -0.06149788 0.15469160 -0.08499265
v -0.06617847 0.13521493 0.00612604
v -0.05204847 0.10541735 0.01088522
v -0.05813706 0.11761994 0.01315311
v -0.05544125 0.09818997 0.02734768
v -0.06493851 0.09911254 0.02704750
v -0.06301077 0.04067059 0.14053504
v -0.06289420 0.12067856 0.01263809
v -0.06342962 0.13605228 0.00707734
v -0.06076623 0.11388792 -0.08770744
v -0.06073630 0.10245224 -0.08481653
v -0.05802471 0.05091794 0.07887059
v -0.05949696 0.09946536 -0.08968035
v -0.06045237 0.16431186 -0.00894671
v -0.06159778 0.14155838 -0.00464571
v -0.06343048 0.04348455 0.09408085
v -0.06107844 0.13499393 -0.08339161
v -0.06150166 0.11513431 -0.08651778
v -0.06298502 0.05836885 0.05653777
v -0.06033899 0.11989417 0.00102450
v -0.06099739 0.15465647 -0.08216173
v -0.06016271 0.16122464 -0.00528930
v -0.05838488 0.07578444 0.03094141
v -0.05697138 0.16486614 -0.00727789
v -0.05702346 0.05714710 0.06312495
v -0.06017074 0.14548892 -0.00364934
v -0.06298135 0.06595818 0.04869718
v -0.05746591 0.10603226 0.00603489
v -0.06135224 0.07665823 0.03684449
v -0.05796241 0.09451426 0.01289055
v -0.06118220 0.12025628 0.00350181
v -0.06012578 0.15469160 -0.08491194
v -0.06252424 0.04182830 0.13474069
v -0.06315960 0.15487896 -0.08516686
v -0.06567294 0.07463113 0.04845522
v -0.06122914 0.13100872 -0.08653409
v -0.06170045 0.08683571 0.02322888
v -0.06152253 0.09682285 0.01484309
v -0.06300642 0.11934731 0.01397650
v -0.05986751 0.02550467 0.15409115
v -0.05986751 0.02740946 0.15409115
v -0.05637276 0.02806017 0.15365647
v -0.05997398 0.06948460 -0.09271608
v -0.06326360 0.02829628 0.15521027
v -0.05975083 0.02694901 0.15580394
v -0.05967706 0.09999913 0.01406987
v -0.05694708 0.14643287 0.00383691
v -0.05788239 0.15127185 -0.08619285
v -0.06113463 0.02560795 0.15871868
v -0.05667967 0.02556248 0.15788524
v -0.06376639 0.04102715 0.10629207
v -0.05752756 0.07874284 0.03256049
v -0.05948009 0.02795830 -0.10102196
v -0.05956650 0.01125296 0.15859423
v -0.05745020 0.06004443 -0.09952693
v -0.06084005 0.13076013 -0.08770875
v -0.05766909 0.03283241 -0.10169362
v -0.05933781 0.05050421 -0.09786307
v -0.05958736 0.07487673 -0.09426535
v -0.05914588 0.02868908 -0.09720435
v -0.05916473 0.04196130 -0.09836579
v -0.05486904 0.13615249 0.00689965
v -0.05732555 0.04210841 -0.10225014
v -0.05710038 0.05034966 -0.10163650
v -0.05896991 0.05376039 -0.10018448
v -0.06357227 0.04633600 0.09092023
v -0.05895618 0.02822901 -0.10004012
v -0.05886668 0.15470773 -0.08478279
v -0.05863395 0.04332407 -0.10130851
v -0.05621009 0.12267559 0.00937880
v -0.05487795 0.07477417 0.03582806
v -0.05989375 0.12089369 0.01208991
v -0.05836871 0.11809718 0.01487595
v -0.05220887 0.07460112 0.03800602
v -0.05426248 0.09771891 0.02544152
v -0.05310321 0.04063749 0.13755951
v -0.05763987 0.15474003 -0.08460523
v -0.05642113 0.15484088 -0.08441038
v -0.06415451 0.08392186 0.03769948
v -0.05658689 0.11778616 0.01472231
v -0.06144669 0.08538486 0.03766502
v -0.05824586 0.08030630 0.03273305
v -0.06022929 0.14383404 0.00451167
v -0.06453592 0.07564962 0.04747170
v -0.05378826 0.08543127 0.03759772
v -0.05325944 0.04219968 0.12567857
v -0.05456586 0.09031202 0.02182103
v -0.06124538 0.15488538 -0.08585208
v -0.05914533 0.04337119 0.09904297
v -0.05725245 0.02774845 -0.10061840
v -0.05725245 0.02965324 -0.10061840
v -0.05473254 0.03929498 0.14174660
v -0.05714556 0.03005118 -0.10186448
v -0.05454854 0.04005953 0.14213592
v -0.05713217 0.11542295 -0.08234421
v -0.05697724 0.02784616 -0.10212364
v -0.05399809 0.12284326 0.01017805
v -0.05932929 0.11960343 0.01097983
v -0.05647817 0.13607910 0.00539456
v -0.05689732 0.02534324 0.15347773
v -0.05688118 0.02724804 0.15347773
v -0.05815996 0.14693708 0.00534453
v -0.05919265 0.07846221 0.03532874
v -0.05441898 0.02760257 0.15269624
v -0.05638290 0.07777559 -0.09396025
v -0.05743882 0.02541240 0.15523040
v -0.05530397 0.02751767 0.15441136
v -0.05817948 0.07782543 0.03423647
v -0.05508030 0.03707287 0.14552073
v -0.05590090 0.16328106 -0.00985500
v -0.05365385 0.14295996 -0.00875640
v -0.05145305 0.07956909 0.03499311
v -0.05468850 0.01116532 0.15755962
v -0.05483520 0.03771326 0.14604777
v -0.05674220 0.14583414 0.00397918
v -0.05500126 0.11211750 -0.08615845
v -0.05137456 0.09663151 0.02543845
v -0.05623332 0.13297973 -0.08677679
v -0.06229580 0.08461838 0.03721598
v -0.05657036 0.09815396 -0.08424081
v -0.05332048 0.09855351 0.02639430
v -0.05350870 0.10553416 0.00973760
v -0.05596751 0.11515434 -0.08511727
v -0.05562490 0.12208417 -0.00182765
v -0.05600283 0.14562844 0.00448730
v -0.05128971 0.04147077 0.09233419
v -0.05803034 0.12004554 0.01136793
v -0.05835362 0.00075248 -0.10462644
v -0.05582163 0.00198594 -0.10505553
v -0.05581295 0.02800108 -0.10511186
v -0.05579964 0.02802287 -0.10037627
v -0.05661321 0.14674649 0.00545272
v -0.05936466 0.08461439 0.03872987
v -0.05257176 0.05316309 0.06414351
v -0.05575197 0.12185093 0.00915014
v -0.05614850 0.02952434 0.15166676
v -0.05596641 0.13206181 -0.08219182
v -0.05538952 0.15502285 -0.08103282
v -0.05331666 0.14373210 0.00465411
v -0.05143261 0.05998765 0.05111651
v -0.05795734 0.11304820 -0.08722505
v -0.05925341 0.00464828 0.01670040
v -0.06819185 0.01871377 0.11160323
v -0.05740405 0.10149468 0.01219247
v -0.05530963 0.09887258 -0.08684891
v -0.05528097 0.14486759 -0.00557585
v -0.05190403 0.04059092 0.11091399
v -0.05505818 0.16041860 -0.00678500
v -0.05523466 0.15482073 -0.08407253
v -0.05360984 0.09047450 0.02324314
v -0.05511666 0.12317978 0.00009992
v -0.05838515 0.08589010 0.02016593
v -0.05677590 0.14585520 0.00547822
v -0.05488269 0.09538681 0.02368892
v -0.05489907 0.13292759 -0.08500342
v -0.05562436 0.07608792 0.04812422
v -0.05301536 0.09174642 0.02114933
v -0.05018932 0.06400691 0.04937660
v -0.05236114 0.15524495 -0.08315154
v -0.05846474 0.13498208 0.00603186
v -0.05026903 0.04495040 0.09050698
v -0.05457144 0.11992247 0.00726433
v -0.05475320 0.07189583 -0.09026990
v -0.05361718 0.14774563 0.00360783
v -0.05581487 0.07660486 0.03327607
v -0.05214214 0.10670171 0.01104678
v -0.05044403 0.09812506 0.02549760
v -0.07425286 -0.00091110 0.07957093
v -0.04902456 0.08532202 0.03581112
v -0.05446176 0.04599066 0.09088033
v -0.05050751 0.08661918 0.02038590
v -0.06306269 0.00807655 0.14772370
v -0.05377742 0.10491953 0.00773963
v -0.05685101 0.11829086 0.01375827
v -0.05352438 0.07314050 -0.09272364
v -0.05404013 0.15488530 -0.08373354
v -0.05402399 0.02508497 0.15247691
v -0.05402399 0.02697362 0.15247691
v -0.05538012 0.02467478 0.15299349
v -0.05370115 0.08177104 0.03664572
v -0.04887457 0.02383085 0.15080070
v -0.05287139 0.15506653 -0.08422863
v -0.05407750 0.04160612 0.11785902
v -0.05770655 0.10318659 0.01210167
v -0.05231736 0.13154585 0.00694751
v -0.05544511 0.11556201 0.01425310
v -0.05451852 0.09140436 0.02277701
v -0.05302584 0.09928731 -0.08182963
v -0.05279234 0.05148022 -0.09567241
v -0.05145376 0.04102789 0.12273016
v -0.05106935 0.07808569 0.03407917
v -0.05186797 0.13765499 0.00473923
v -0.05171446 0.02499497 0.15611916
v -0.05327322 0.09536657 0.02667431
v -0.05323734 0.10980656 0.01560021
v -0.05341391 0.14382792 0.00277004
v -0.05238250 0.14632120 0.00177880
v -0.05470008 0.14725889 0.00314753
v -0.05269228 0.13146618 0.00615921
v -0.05514636 0.14316528 0.00162773
v -0.05200087 0.10825053 0.01118171
v -0.05352535 0.14278595 0.00347174
v -0.05129567 0.14708389 0.00284539
v -0.05498046 0.11014951 0.01285974
v -0.05275798 0.14275579 0.00410752
v -0.05482013 0.02440645 0.15217303
v -0.05309503 0.14304082 0.00353569
v -0.04916665 0.11374988 0.00434347
v -0.05224032 0.07370490 -0.09324762
v -0.05224615 0.09706607 0.02684723
v -0.04988502 0.01018358 0.15522001
v -0.05348988 0.15368590 -0.00339483
v -0.05350620 0.11553428 -0.08052799
v -0.05279546 0.12072501 0.00910685
v -0.05251075 0.13202911 0.00558743
v -0.05188035 0.09310073 0.02311517
v -0.05108088 0.02424483 0.15097112
v -0.05629814 0.07461348 0.04751025
v -0.04885546 0.02757342 0.14953218
v -0.05049799 0.14638896 0.00151026
v -0.05250661 0.10929941 0.01142538
v -0.05249047 0.02770002 -0.09952073
v -0.05249047 0.02962096 -0.09950458
v -0.05252359 0.02883592 -0.09539376
v -0.05247490 0.16158539 -0.01190071
v -0.04995165 0.07379977 0.04829281
v -0.05117097 0.07673816 0.04535002
v -0.05226438 0.04138822 -0.09629792
v -0.05265732 0.04147689 0.13714515
v -0.05336112 0.11481655 0.01279504
v -0.05184219 0.15172145 -0.00005445
v -0.04653915 0.04192286 0.09879507
v -0.05196853 0.02687183 -0.09955350
v -0.05441056 0.03044064 -0.10025673
v -0.04277447 0.00803583 0.14854197
v -0.05221605 0.11057465 0.01034385
v -0.05219991 0.09448077 0.02243444
v -0.05257652 0.10982640 0.01117526
v -0.05216762 0.09360908 0.02319314
v -0.04970333 0.02959687 -0.10018805
v -0.05367032 0.09697293 -0.08796715
v -0.04954483 0.02757232 -0.10001913
v -0.05214147 0.09436334 0.02240946
v -0.05198295 0.13201073 0.00724904
v -0.05184189 0.15519814 -0.00912814
v -0.04678007 0.07013328 0.04095097
v -0.05227175 0.09406176 0.02287835
v -0.05194163 0.09477133 0.02191789
v -0.05295432 0.14439820 0.00378744
v -0.05196413 0.15514324 -0.00959184
v -0.05143299 0.10010413 -0.08423455
v -0.05186092 0.10829859 0.01140925
v -0.05496194 0.04680652 0.07988082
v -0.05204947 0.07872991 0.03357971
v -0.05099012 0.08148051 0.03444635
v -0.05247401 0.11024784 0.01080883
v -0.05134750 0.13607276 0.00525661
v -0.05177258 0.15524265 -0.00864404
v -0.05169950 0.15486916 -0.08291028
v -0.05186469 0.11054894 0.00985599
v -0.05282446 0.15503184 -0.08339937
v -0.05199916 0.08448210 0.03582014
v -0.05183647 0.05416272 -0.09783551
v -0.05868596 0.07759842 0.03675574
v -0.05213704 0.10981318 0.01110693
v -0.05097828 0.09585982 0.02344421
v -0.05373067 0.08976487 0.02248521
v -0.05285893 0.09172379 0.02253638
v -0.05208286 0.10941385 0.01129230
v -0.05197925 0.11554147 -0.08307015
v -0.05398374 0.12374963 0.00983679
v -0.05205031 0.11014892 0.01082667
v -0.05162383 0.11423292 0.01423184
v -0.05155721 0.02837091 -0.09802263
v -0.05222273 0.10877800 0.01148537
v -0.05074289 0.10923964 0.01286115
v -0.05252460 0.10968466 0.01096061
v -0.05148946 0.13864407 -0.08006551
v -0.05203547 0.13686758 0.00383584
v -0.05149802 0.15525835 -0.00843910
v -0.05144122 0.10800802 0.01115096
v -0.05182483 0.11069449 0.00988419
v -0.05180443 0.13260090 0.00712793
v -0.05159797 0.15511467 -0.00988453
v -0.05096214 0.13111051 0.00487059
v -0.04898246 0.04379356 0.09351103
v -0.05138055 0.11071356 0.01259526
v -0.05110199 0.09478054 0.02453414
v -0.05187338 0.10901363 0.01135269
v -0.05147147 0.11076840 0.01368140
v -0.05102738 0.11249675 0.01210124
v -0.05121958 0.12240793 -0.00528626
v -0.05029330 0.13046043 0.00519077
v -0.05159095 0.07183316 0.04743604
v -0.04858617 0.04737986 0.08349341
v -0.05176681 0.09412622 0.02288806
v -0.05184802 0.11038674 0.01047217
v -0.05074037 0.11262380 0.01189745
v -0.04984047 0.08485844 0.03705122
v -0.05124751 0.02472984 0.15102410
v -0.05168261 0.09443170 0.02254724
v -0.05105534 0.04300397 -0.09906743
v -0.05167709 0.09378890 0.02312225
v -0.05232985 0.13269259 0.00566516
v -0.05124751 0.02661849 0.15102410
v -0.05075841 0.09452636 0.02085837
v -0.05183613 0.09316826 0.02333352
v -0.05047983 0.10981936 0.01279057
v -0.05113452 0.08155077 0.03439590
v -0.05029571 0.10432645 0.01676663
v -0.05423840 0.03410644 0.14835274
v -0.05142517 0.09278263 0.02332561
v -0.05108609 0.09488433 0.02103007
v -0.05015044 0.14781650 -0.00035712
v -0.04972172 0.10813915 0.00891545
v -0.05160052 0.10868256 0.01128629
v -0.05102152 0.10794346 0.01073126
v -0.05155322 0.11048782 0.01011945
v -0.05143659 0.09345376 0.02324569
v -0.05098923 0.11034866 0.00918160
v -0.05158686 0.15727206 -0.00892610
v -0.05095695 0.08071138 0.03517073
v -0.05095695 0.10841158 0.01076355
v -0.05052385 0.09503360 0.02456961
v -0.04997424 0.09613675 0.02291845
v -0.05140540 0.15765749 -0.00989780
v -0.05059706 0.09259609 0.02266843
v -0.05090853 0.08185748 0.03384706
v -0.05109029 0.14027855 0.00183816
v -0.05153157 0.09489603 0.02144289
v -0.05114382 0.15509176 -0.01014682
v -0.04958308 0.10970363 0.00920866
v -0.05048787 0.10958631 0.01430139
v -0.05014356 0.15971592 -0.00900318
v -0.05163194 0.09131135 0.02084683
v -0.05095751 0.09327231 0.02088577
v -0.04986426 0.12370071 0.00557450
v -0.05196541 0.02491801 0.15319686
v -0.05113973 0.08113511 0.03485574
v -0.05082118 0.15511136 -0.01001543
v -0.05146630 0.09651904 0.02434368
v -0.05390806 0.03461695 0.14897499
v -0.04707143 0.07263868 0.04056287
v -0.04997690 0.09365965 0.02456921
v -0.05085372 0.09233235 0.02240938
v -0.05102116 0.09467149 0.02558676
v -0.04985625 0.09615450 0.02212476
v -0.05128320 0.10846963 0.01109808
v -0.04763615 0.07091241 0.04228688
v -0.05106451 0.15526000 -0.00852257
v -0.05204405 0.02673934 0.15329052
v -0.05074146 0.11111074 0.01231298
v -0.05113500 0.09318529 0.02322852
v -0.05089359 0.13305483 -0.08466570
v -0.05103766 0.02807130 -0.09881046
v -0.05178110 0.10559409 0.00977867
v -0.05141484 0.11063040 0.00949042
v -0.05169724 0.02965713 0.14972114
v -0.05075030 0.09557237 0.02588095
v -0.05063411 0.10989668 0.00905247
v -0.05050497 0.14061550 0.00090060
v -0.05094140 0.12841707 0.00539217
v -0.04958375 0.09239380 0.02170478
v -0.05095686 0.09254354 0.02311249
v -0.05060182 0.14011509 0.00114273
v -0.05058568 0.08029168 0.03528373
v -0.05146746 0.09464998 0.02214618
v -0.05056953 0.08201890 0.03329822
v -0.05056953 0.15480459 -0.08245830
v -0.05078190 0.15522644 -0.00889874
v -0.04862837 0.02884202 0.14792996
v -0.05052111 0.13950168 0.00120730
v -0.05050497 0.09249527 0.02270886
v -0.05084131 0.11160218 0.01367277
v -0.05044040 0.09297953 0.02274115
v -0.05021370 0.14906622 -0.00901931
v -0.04974687 0.07230522 0.03288757
v -0.05042426 0.12858947 0.00458105
v -0.05037019 0.04115041 0.13077683
v -0.05031445 0.15767175 -0.00878727
v -0.04793807 0.08390953 0.03460287
v -0.05039197 0.10908957 0.00968201
v -0.05079809 0.10979866 0.00920776
v -0.05091602 0.11022710 0.00959408
v -0.05056741 0.10843435 0.00974275
v -0.04904154 0.11294744 -0.07686154
v -0.05034354 0.12797606 0.00467790
v -0.05034354 0.12913831 0.00430663
v -0.05060775 0.15514792 -0.00964004
v -0.05076721 0.08378102 0.03632696
v -0.05049055 0.11173990 0.01103274
v -0.05016373 0.15653979 -0.00898426
v -0.04981391 0.05510896 -0.09782461
v -0.05077891 0.09299460 0.02306459
v -0.05031126 0.15519201 -0.00923678
v -0.05001337 0.09557895 0.02511597
v -0.05094318 0.10844686 0.01011031
v -0.05029511 0.13887212 0.00111045
v -0.05116216 0.09476114 0.02176219
v -0.05063094 0.09462650 0.02082770
v -0.05026283 0.14095448 0.00052933
v -0.05040405 0.13618974 -0.08286324
v -0.05037134 0.16201497 -0.01023264
v -0.04924076 0.11077238 0.01013400
v -0.05071328 0.12984334 0.00467340
v -0.05017013 0.08410336 0.03579958
v -0.05016007 0.11132397 0.01312864
v -0.04956241 0.12593198 0.00455624
v -0.05352820 0.03161401 0.15085245
v -0.04988435 0.09645390 0.02428943
v -0.05166455 0.13604053 0.00419125
v -0.05027353 0.14321576 0.00321207
v -0.04966748 0.15914198 -0.00821699
v -0.05123185 0.11043949 0.00979991
v -0.05005073 0.13415729 -0.00680446
v -0.05036495 0.14171394 0.00161693
v -0.04998975 0.03593386 -0.09949468
v -0.04983799 0.05573397 0.06291043
v -0.04755576 0.02451850 0.15344321
v -0.04870314 0.09720559 0.02598303
v -0.05068112 0.10852292 0.01037589
v -0.05011755 0.09264055 0.02217616
v -0.05010754 0.12438924 0.00714677
v -0.05011755 0.12954188 0.00390307
v -0.05054788 0.08164209 0.03450772
v -0.05065173 0.10987993 0.00947512
v -0.05032192 0.12613044 0.00743614
v -0.05010141 0.12737880 0.00461333
v -0.05008027 0.08255111 0.03617450
v -0.04873615 0.10688560 -0.08293279
v -0.05018150 0.11391613 0.01347431
v -0.04952064 0.10906300 0.01225811
v -0.04907996 0.11184686 0.01166701
v -0.05166999 0.08413192 0.03745401
v -0.04973674 0.11021741 0.01074824
v -0.04930147 0.11138005 0.01060045
v -0.04838900 0.07474566 0.04793143
v -0.05045503 0.09457952 0.02126968
v -0.04791918 0.10433695 0.00877259
v -0.04996076 0.14206292 0.00014237
v -0.05029307 0.08114782 0.03482462
v -0.05039704 0.10936791 0.00911860
v -0.04998841 0.13833943 0.00086831
v -0.05044635 0.13936537 0.00252525
v -0.05048948 0.10875127 0.00998931
v -0.05013000 0.12828915 0.00591954
v -0.04993998 0.14109977 0.00009348
v -0.04912983 0.14211376 0.00064439
v -0.05158064 0.07404437 0.03752048
v -0.05020475 0.08277131 0.03704597
v -0.05081206 0.09474829 0.02145569
v -0.05046718 0.10948022 0.00951526
v -0.04979826 0.13065097 0.00455861
v -0.04990770 0.09377051 0.02088478
v -0.04925672 0.10908346 0.01082120
v -0.05084568 0.12552093 0.00645249
v -0.05066389 0.10810668 0.01021833
v -0.05029463 0.10883088 0.00931032
v -0.04942441 0.07750097 -0.09031822
v -0.04955988 0.08342493 0.03466474
v -0.04906852 0.13149802 0.00536333
v -0.04924765 0.14017836 0.00164338
v -0.04987714 0.15195071 -0.00256114
v -0.04951311 0.10975123 0.01337040
v -0.04979470 0.12975172 0.00346722
v -0.05187393 0.13304997 0.00633362
v -0.05013100 0.08201018 0.03288349
v -0.04834523 0.10888698 0.01001600
v -0.04977857 0.12687839 0.00438734
v -0.05012043 0.07996911 0.03520098
v -0.05074112 0.09710312 0.02437411
v -0.04934918 0.11100295 0.01043779
v -0.04907308 0.09468464 0.02516274
v -0.04934774 0.10187804 0.00414357
v -0.04982848 0.15687656 -0.00426983
v -0.05013722 0.15684046 -0.00981221
v -0.04905596 0.09493524 0.02183298
v -0.05016677 0.09428685 0.02122496
v -0.04948487 0.15849167 -0.00999143
v -0.04968171 0.08185748 0.03258796
v -0.05014771 0.09308896 0.02233746
v -0.05061857 0.11207614 0.01295547
v -0.04693109 0.04593349 -0.09803781
v -0.05011774 0.08201931 0.03365313
v -0.04895685 0.12514680 0.00696537
v -0.04985656 0.13753642 0.00157651
v -0.04964942 0.07975898 0.03496088
v -0.05049387 0.12465104 0.00658960
v -0.04901306 0.09669279 0.02324024
v -0.04937523 0.13704714 0.00053256
v -0.04963328 0.13798430 0.00051318
v -0.04963328 0.13967924 0.00191756
v -0.04948815 0.08309068 0.03588580
v -0.04970086 0.09746705 0.02232338
v -0.05040851 0.10840904 0.00972457
v -0.04961714 0.14079306 0.00161086
v -0.05120046 0.07873512 -0.08588823
v -0.04960141 0.09396363 0.02328664
v -0.04959685 0.11257663 0.01061897
v -0.05006248 0.08009319 0.03511740
v -0.04880582 0.10988969 0.01098695
v -0.04903646 0.14011210 0.00107402
v -0.05030430 0.09423786 0.02230453
v -0.04971399 0.14029265 0.00185300
v -0.04970954 0.11280641 0.01178820
v -0.04958486 0.14100291 -0.00032622
v -0.04971678 0.10857659 0.01209033
v -0.04889341 0.10871259 0.01351602
v -0.05038575 0.08186833 0.03407520
v -0.04962249 0.09341305 0.02544059
v -0.04999969 0.09341073 0.02106197
v -0.04958492 0.08319967 0.03758944
v -0.04986043 0.09291581 0.02164391
v -0.05022531 0.09423621 0.02077122
v -0.04762915 0.12925062 0.00315368
v -0.04937501 0.14113205 0.00122344
v -0.04972603 0.14984231 -0.00215959
v -0.04995078 0.09393543 0.02132923
v -0.04948800 0.15075288 -0.00289284
v -0.04947186 0.08030782 0.03494474
v -0.04994496 0.09329058 0.02192077
v -0.05000508 0.10843048 0.01351024
v -0.04947186 0.12821821 0.00538816
v -0.05099346 0.14336683 0.00147893
v -0.04868411 0.10954333 0.01256595
v -0.04844215 0.11080750 0.01213719
v -0.04940729 0.13971153 0.00162701
v -0.04945572 0.15130170 -0.00310270
v -0.04948045 0.00197585 -0.10376084
v -0.05119341 0.11470724 0.01271927
v -0.04450057 0.00120058 -0.10172575
v -0.04937900 0.02793498 -0.10390085
v -0.04904681 0.09357144 0.02373874
v -0.04980240 0.09330920 0.02121116
v -0.04924586 0.12760479 0.00532359
v -0.04942343 0.12970329 0.00303139
v -0.04950048 0.13048305 0.00296073
v -0.04826356 0.12945172 0.00159523
v -0.04798579 0.13662591 -0.00051382
v -0.04986014 0.09359345 0.02156305
v -0.04940729 0.12655554 0.00404835
v -0.04920022 0.11768557 -0.00157652
v -0.04909558 0.13865538 0.00316652
v -0.04982742 0.08045625 0.03513526
v -0.04926201 0.12913831 0.00482318
v -0.04940729 0.13904970 0.00180457
v -0.04888136 0.14186824 -0.00067686
v -0.04937501 0.15010718 -0.00282828
v -0.04956871 0.12883161 0.00529131
v -0.05023490 0.13160051 0.00422491
v -0.04832055 0.08010808 0.03329673
v -0.04911826 0.08138248 0.03658640
v -0.04894707 0.08328189 0.03665997
v -0.04759914 0.12697944 -0.08222712
v -0.04865903 0.08341945 0.03375943
v -0.04977854 0.08201865 0.03331459
v -0.04908863 0.12848538 0.00520641
v -0.04932658 0.12873476 0.00503303
v -0.04815449 0.08097550 0.03602294
v -0.05015765 0.08071587 0.03517102
v -0.04803145 0.09594348 0.02547586
v -0.04940068 0.12968685 0.00655730
v -0.04943419 0.14158495 0.00290031
v -0.05099188 0.15171564 -0.08417444
v -0.04980073 0.15952559 -0.00978305
v -0.04927815 0.13788745 0.00007734
v -0.04981333 0.12655672 0.00564051
v -0.04926201 0.12978401 0.00461333
v -0.04924586 0.07977512 0.03450890
v -0.04819589 0.08410835 0.03498556
v -0.04924586 0.12825048 0.00509760
v -0.04894955 0.08121270 0.03285587
v -0.04922973 0.13922726 0.00153015
v -0.04922973 0.14064779 -0.00069749
v -0.04922973 0.15164070 -0.00347397
v -0.04945261 0.08895334 0.01344364
v -0.04948800 0.12936430 0.00501689
v -0.05083043 0.13720383 0.00515164
v -0.04755083 0.03742451 0.13979686
v -0.04837331 0.09453846 0.02310229
v -0.04878416 0.10935315 0.01065149
v -0.04879705 0.16019481 -0.00776312
v -0.04890688 0.12710438 0.00509760
v -0.04914901 0.14947762 -0.00292513
v -0.04913287 0.08164763 0.03303994
v -0.04775648 0.08301621 0.03587444
v -0.04846942 0.11056330 0.00998846
v -0.04910059 0.12946116 0.00453262
v -0.04850073 0.09639800 0.02159707
v -0.04947595 0.09414147 0.02446893
v -0.04947318 0.13747970 0.00175982
v -0.04906830 0.12778236 0.00504918
v -0.04910059 0.13851700 0.00156243
v -0.04858898 0.07764277 0.02981385
v -0.04905216 0.12934816 0.00267626
v -0.04831144 0.14142656 -0.00153002
v -0.04866844 0.07861810 0.03439498
v -0.04903602 0.12647483 0.00361251
v -0.04952643 0.08445917 0.03614458
v -0.04905216 0.14127733 0.00078760
v -0.04846560 0.08178386 0.03656073
v -0.04943986 0.08188914 0.03310543
v -0.04960254 0.15868791 -0.01558727
v -0.04639571 0.04126313 0.11551170
v -0.04850126 0.12567612 0.00345664
v -0.04823459 0.12943021 0.00386417
v -0.04901677 0.15219723 -0.00217472
v -0.04893916 0.07995269 0.03394391
v -0.04870820 0.09517495 0.02191550
v -0.04790140 0.13007496 0.00145366
v -0.04893916 0.14013122 -0.00095577
v -0.04915342 0.09586375 0.02485007
v -0.04927797 0.08151328 0.03253333
v -0.05003265 0.11380134 -0.08340503
v -0.04892302 0.12997771 0.00417749
v -0.04927815 0.15474002 -0.08187718
v -0.04910670 0.09677971 0.02425284
v -0.04917793 0.14851300 -0.00242756
v -0.04656613 0.03305077 0.14377127
v -0.04885845 0.12960645 0.00419363
v -0.04897144 0.13804888 -0.00037464
v -0.04858922 0.13879238 0.00126388
v -0.04887459 0.15175370 -0.00394209
v -0.05725587 0.00063380 -0.02767007
v -0.04889496 0.09369583 0.02578856
v -0.04889994 0.09550396 0.02242493
v -0.04850237 0.12583904 0.00468925
v -0.04892724 0.14024687 0.00196028
v -0.10232577 0.00070831 -0.02734421
v -0.04934168 0.04192124 0.13074604
v -0.05029153 0.07142047 0.03886828
v -0.04840108 0.09422102 0.02253003
v -0.04714598 0.14721168 -0.00158238
v -0.04884231 0.14897721 -0.00315112
v -0.04856069 0.13059942 0.00317473
v -0.04855924 0.11163905 0.00997758
v -0.04881003 0.12739495 0.00488775
v -0.04840917 0.14048882 -0.00158309
v -0.04930033 0.15818224 -0.00867595
v -0.04861239 0.08164828 0.03794263
v -0.04814486 0.09328317 0.02424693
v -0.04843785 0.10820170 0.01248585
v -0.04820177 0.08299250 0.03506247
v -0.04891540 0.08487109 0.03411858
v -0.04876160 0.08027553 0.03339507
v -0.04876160 0.08067909 0.03291081
v -0.05023290 0.08186791 0.03285961
v -0.04822574 0.13867407 0.00156333
v -0.04872932 0.12879932 0.00245026
v -0.04872932 0.13951782 -0.00106876
v -0.04871317 0.12663626 0.00314438
v -0.04821224 0.13854257 -0.00132063
v -0.04871317 0.14082535 0.00049704
v -0.04915645 0.08033059 0.03458808
v -0.04829544 0.12970768 0.00205261
v -0.04952576 0.12568435 0.00761424
v -0.04775059 0.12714858 0.00620047
v -0.04740639 0.13060585 0.00203892
v -0.04866474 0.13892055 -0.00100420
v -0.04810922 0.15141801 -0.00259019
v -0.04808942 0.07983493 0.03498785
v -0.05183146 0.00050455 -0.10182352
v -0.04794252 0.12754087 0.00190407
v -0.04847532 0.14077106 0.00062734
v -0.04805532 0.08233216 0.03701933
v -0.04815514 0.09601445 0.02301192
v -0.04881614 0.12948476 0.00453128
v -0.04907538 0.14060989 0.00333126
v -0.04747681 0.08136209 0.03481132
v -0.04856789 0.12955802 0.00387079
v -0.04878506 0.12876816 0.00551686
v -0.04871908 0.13797972 0.00106538
v -0.04861632 0.15096272 -0.00218258
v -0.06292548 0.00191556 0.11830904
v -0.04853561 0.12678154 0.00475861
v -0.04832706 0.11206777 0.01067462
v -0.04851946 0.12713667 0.00462947
v -0.04888970 0.14957581 -0.00171817
v -0.04780502 0.14776165 -0.00906821
v -0.04851946 0.02429399 0.14905474
v -0.04850332 0.14871894 -0.00350625
v -0.04856789 0.15151155 -0.00240857
v -0.04835873 0.11178907 0.01152764
v -0.04848718 0.12699138 0.00274082
v -0.04848718 0.12815363 0.00236955
v -0.04864918 0.13677233 -0.07799707
v -0.04850332 0.02618265 0.14907089
v -0.04893094 0.08047711 0.03415564
v -0.04944258 0.12705901 -0.00091213
v -0.04847103 0.15165684 -0.00441022
v -0.04890903 0.08134167 0.03312278
v -0.04785434 0.10222343 0.00596054
v -0.04738145 0.12652018 0.00218168
v -0.04845490 0.14055093 0.00022262
v -0.04814378 0.14245798 0.00107121
v -0.04865532 0.15255026 -0.00426963
v -0.04827708 0.14103085 0.00099771
v -0.04657071 0.02386252 0.14639034
v -0.04874545 0.13816187 0.00120730
v -0.04828027 0.13811508 -0.00124169
v -0.04869702 0.14118048 0.00036790
v -0.04741632 0.03226735 0.14653529
v -0.04840647 0.12750794 0.00245026
v -0.04839032 0.13808115 0.00077146
v -0.04994995 0.02383370 0.15041015
v -0.04890143 0.07403193 -0.08941644
v -0.04894419 0.12730732 0.00683186
v -0.04848718 0.15031703 -0.00213416
v -0.04768201 0.14964859 -0.00250135
v -0.04795619 0.14076045 -0.01439252
v -0.04884536 0.13094407 0.00558388
v -0.04817445 0.13742072 -0.00135113
v -0.04834190 0.14084149 -0.00000337
v -0.04789770 0.15061161 -0.00296410
v -0.04877940 0.08071222 0.03371874
v -0.04878218 0.08101895 0.03336634
v -0.04740167 0.08444295 0.03501769
v -0.04765463 0.12703291 0.00294931
v -0.04792628 0.13728871 -0.00006364
v -0.04878377 0.14187643 0.00012211
v -0.04780880 0.15932548 -0.00643958
v -0.04827733 0.02763545 -0.09780964
v -0.04818964 0.11010089 0.01170056
v -0.04827733 0.12928360 0.00361251
v -0.04827733 0.02955639 -0.09779350
v -0.04546177 0.04032366 0.11450731
v -0.04826119 0.14968747 -0.00223101
v -0.04826119 0.15034931 -0.00242472
v -0.04834190 0.15183440 -0.00277985
v -0.04890799 0.09351489 0.02140460
v -0.04824504 0.12707210 0.00429048
v -0.04895628 0.08111771 0.03263455
v -0.04802179 0.09719651 0.02440784
v -0.04855175 0.12992929 0.00374164
v -0.04822890 0.14014738 0.00002892
v -0.04868839 0.15864384 -0.00818694
v -0.04816433 0.12671696 0.00432277
v -0.04405343 0.02271160 0.14560132
v -0.04705078 0.13832445 -0.00031822
v -0.04819661 0.14868665 -0.00390981
v -0.04740511 0.11366979 -0.07919464
v -0.04818048 0.12959029 0.00338651
v -0.04845379 0.13632481 0.00180160
v -0.04877297 0.13939446 0.00088255
v -0.04815771 0.07475241 0.04683821
v -0.04778351 0.10985652 0.01019987
v -0.04838825 0.14369708 0.00109495
v -0.04812125 0.14767590 -0.00348727
v -0.04795448 0.14918706 -0.00245700
v -0.04853883 0.08079433 0.03428175
v -0.04765612 0.08383925 0.03324698
v -0.04797026 0.09487698 0.02385610
v -0.04828523 0.12744947 0.00479849
v -0.04816736 0.12897392 0.00233161
v -0.04808362 0.13824258 0.00031947
v -0.04775538 0.15063180 -0.00185716
v -0.04811590 0.15136628 -0.00478149
v -0.04809976 0.14986504 -0.00248928
v -0.04800160 0.13737064 0.00208528
v -0.04805133 0.14030879 -0.00024550
v -0.05038195 0.09401292 0.01333125
v -0.04806748 0.13967924 -0.00006794
v -0.04840872 0.15171586 -0.00083092
v -0.04628179 0.02707877 -0.09673589
v -0.04806748 0.13882371 0.00014191
v -0.04721482 0.15124959 -0.00566249
v -0.04800291 0.13921112 -0.00003566
v -0.04803519 0.12886389 0.00341880
v -0.04798677 0.15194740 -0.00324798
v -0.04812115 0.08491420 -0.08716008
v -0.04800181 0.12720065 0.00393547
v -0.04782276 0.13919284 -0.00096868
v -0.04737362 0.13943229 -0.00127533
v -0.04820115 0.14253501 -0.00191228
v -0.04755115 0.09628127 0.02408856
v -0.04815403 0.10860157 0.01132042
v -0.04784148 0.12687839 0.00385464
v -0.04792219 0.14886421 -0.00432951
v -0.04894241 0.08014477 0.03381407
v -0.04750817 0.08245613 0.03364321
v -0.04785763 0.12904147 0.00316052
v -0.04785763 0.13859772 -0.00005180
v -0.04784148 0.13971153 -0.00035850
v -0.04745058 0.14184013 0.00099864
v -0.04025098 -0.00010695 0.09941567
v -0.04706380 0.12747272 0.00316211
v -0.04800820 0.13865876 0.00041603
v -0.04785763 0.14947762 -0.00266685
v -0.04816404 0.09687139 0.02225126
v -0.04733562 0.10995437 0.01084195
v -0.04763669 0.12765553 0.00363984
v -0.04778089 0.14101906 -0.00096076
v -0.04784148 0.15089815 -0.00499135
v -0.04826070 0.11096083 0.01134405
v -0.04737910 0.13081122 0.00371976
v -0.04782534 0.15470773 -0.08115077
v -0.04784148 0.12834734 0.00335423
v -0.04782534 0.12745952 0.00362865
v -0.04777692 0.12786307 0.00341880
v -0.04777692 0.13909813 -0.00031007
v -0.04854301 0.15505585 -0.07827254
v -0.04762022 0.15300094 -0.00211793
v -0.04821689 0.16043613 -0.00854941
v -0.04525288 0.11265196 0.00509595
v -0.04826997 0.14839335 -0.00115129
v -0.04772849 0.14923549 -0.00468464
v -0.04652409 0.09075616 -0.08405682
v -0.04732870 0.12642154 0.00282217
v -0.04763164 0.12837963 0.00306367
v -0.04722914 0.14142850 -0.00257355
v -0.04782584 0.14818155 -0.00254544
v -0.04768007 0.15033317 -0.00502363
v -0.04889487 0.09629514 0.02200267
v -0.04956287 0.07062196 0.04053920
v -0.04753478 0.12775007 0.00316052
v -0.04764777 0.14973590 -0.00492678
v -0.04763164 0.14891264 -0.00281213
v -0.04730879 0.14889651 -0.00321569
v -0.04726724 0.08435985 0.03366013
v -0.04761549 0.12723352 0.00345109
v -0.04761549 0.14926778 -0.00292513
v -0.04761549 0.15152771 -0.00358696
v -0.04688918 0.08970885 0.02086121
v -0.04759935 0.15186669 -0.00369996
v -0.04783016 0.15810170 -0.00685960
v -0.04784747 0.13104307 0.00470860
v -0.04712803 0.14878649 -0.00519214
v -0.04726400 0.14838102 -0.00129914
v -0.04739709 0.14155922 -0.00054801
v -0.04751864 0.07063857 0.04488841
v -0.04713540 0.12794542 0.00219127
v -0.04736448 0.15160859 -0.00271275
v -0.04609692 0.06728085 0.05473728
v -0.04727839 0.08213171 0.03648637
v -0.04832856 0.14373635 -0.00010076
v -0.04705347 0.15110608 -0.00384604
v -0.04817660 0.15972252 -0.00926378
v -0.04769623 0.14877437 -0.00325031
v -0.04718371 0.08124604 0.03719438
v -0.04763724 0.12781997 0.00192305
v -0.04759139 0.12736636 0.00460024
v -0.04698806 0.09485793 0.02293027
v -0.04738950 0.14925163 -0.00321569
v -0.04703437 0.14907407 -0.00363539
v -0.04791628 0.12970078 0.00427882
v -0.04734107 0.15130170 -0.00386138
v -0.04741535 0.13744778 0.00192700
v -0.04783168 0.15126745 -0.00093011
v -0.04722808 0.15157612 -0.00407124
v -0.04715753 0.12588735 0.00510690
v -0.04786018 0.14747816 -0.00297023
v -0.04739733 0.09447893 0.02223587
v -0.04682428 0.13746543 -0.00069594
v -0.04642495 0.06373394 0.05509147
v -0.04726756 0.12799258 0.00394500
v -0.04760342 0.13908671 0.00048587
v -0.04733037 0.14783896 -0.00393976
v -0.04719579 0.14938078 -0.00352240
v -0.04732156 0.15855777 -0.00794232
v -0.04753553 0.07950978 0.03356820
v -0.04685439 0.08342186 0.03598934
v -0.04716351 0.06981532 0.04559866
v -0.04755220 0.07174902 0.04127325
v -0.04714736 0.15093044 -0.00400666
v -0.04691139 0.08312682 0.03477659
v -0.04715309 0.14157882 -0.00007547
v -0.04741865 0.07023419 0.04533373
v -0.04559222 0.10973115 -0.07950433
v -0.04655913 0.14171914 -0.00137732
v -0.04737761 0.15241514 -0.00451466
v -0.04748235 0.08071976 0.03669349
v -0.04777742 0.09726946 -0.08148646
v -0.04654083 0.13819670 -0.00008410
v -0.04718478 0.13890232 -0.00260225
v -0.04578695 0.07185979 0.04625823
v -0.04712678 0.12868136 0.00284558
v -0.04655772 0.13818769 0.00088291
v -0.04664661 0.12242071 -0.01050388
v -0.04645049 0.12879813 0.00124207
v -0.04705051 0.14965520 -0.00378067
v -0.04700208 0.15004261 -0.00395824
v -0.04696231 0.12569380 0.00268581
v -0.04695366 0.15109186 -0.00428108
v -0.04643707 0.15789977 -0.00568153
v -0.04664205 0.08057096 0.03471797
v -0.04678266 0.14954533 -0.00286094
v -0.04710913 0.07105408 0.04358538
v -0.04636510 0.14914675 -0.00488928
v -0.04703437 0.15049460 -0.00403894
v -0.04714858 0.07118410 0.04370259
v -0.04623434 0.12762318 0.00409409
v -0.04684066 0.14942921 -0.00399052
v -0.04724336 0.15936775 -0.01414749
v -0.04600248 0.04542439 0.07768043
v -0.04675995 0.14994576 -0.00423266
v -0.04680838 0.07125199 0.04317732
v -0.04648908 0.12696425 0.00365920
v -0.04680838 0.15052687 -0.00432951
v -0.04738603 0.07095755 0.04430791
v -0.04741451 0.14697228 -0.00261877
v -0.04690954 0.14999332 -0.00360759
v -0.04670433 0.12566293 0.00354308
v -0.04672687 0.15459210 -0.08056722
v -0.04642089 0.12941428 0.00222262
v -0.04620697 0.13960415 -0.00183871
v -0.04672875 0.07323665 0.04612776
v -0.04711663 0.07021826 0.04504893
v -0.04636605 0.08273335 0.03425295
v -0.04811350 0.08341765 0.03421714
v -0.05014585 0.04366196 0.09670066
v -0.04656146 0.05005704 -0.09239605
v -0.04708351 0.07078462 0.04424266
v -0.04612658 0.12704785 0.00336453
v -0.04664890 0.15345842 -0.00560254
v -0.04832386 0.09726929 -0.07780885
v -0.04676999 0.15037031 -0.00498186
v -0.04777171 0.07299676 0.04721303
v -0.04646794 0.08316142 0.03450122
v -0.04633512 0.12945818 0.00306832
v -0.04647527 0.07165324 0.04726693
v -0.04650559 0.07162259 0.04606933
v -0.04675768 0.07296382 0.04599908
v -0.04668057 0.12752816 0.00121596
v -0.04688364 0.06990811 0.04297693
v -0.04675928 0.06945694 0.04562464
v -0.04692149 0.06989601 0.04525983
v -0.04562101 0.14840922 -0.00413149
v -0.04649390 0.15087077 -0.00507467
v -0.04546647 0.15145823 -0.00398827
v -0.04689567 0.07094883 0.04379552
v -0.04563923 0.15352974 -0.01415844
v -0.04640482 0.07110670 0.04283832
v -0.04662309 0.15517320 -0.00686241
v -0.04674961 0.02903798 -0.09254049
v -0.04727052 0.06970118 0.04542093
v -0.04622203 0.15005544 -0.00385371
v -0.04635631 0.08185002 0.03420957
v -0.04627995 0.07250645 0.04478019
v -0.04324611 0.02654603 0.14266670
v -0.04258876 0.05483419 -0.09321959
v -0.04629263 0.14003678 -0.00046205
v -0.04716717 0.07052069 0.04468889
v -0.04624340 0.15370691 -0.08044051
v -0.04630393 0.08279554 0.03361415
v -0.04662725 0.07099819 0.04339621
v -0.04504788 0.12224756 -0.00013664
v -0.04682354 0.15855753 -0.00927014
v -0.04613040 0.15204426 -0.08042437
v -0.04612487 0.08151729 0.03552455
v -0.04513768 0.14981710 -0.00432059
v -0.04609937 0.15032847 -0.00609289
v -0.04572620 0.07055627 0.04663056
v -0.04728664 0.08207943 0.03484950
v -0.04650490 0.15099927 -0.00348166
v -0.04442916 0.07363622 -0.08545583
v -0.04554984 0.14864110 -0.00360342
v -0.04601740 0.07067086 0.04301590
v -0.04484855 0.10191357 0.01223532
v -0.04598512 0.07081614 0.04269305
v -0.03636809 0.00467048 0.13364115
v -0.04529407 0.06934731 0.04358741
v -0.04631585 0.06917370 0.04546703
v -0.04581102 0.12711338 0.00206155
v -0.04597242 0.12664647 0.00320782
v -0.04592055 0.14930006 -0.08032752
v -0.04558958 0.05289229 0.05876995
v -0.04587212 0.06900820 0.04513054
v -0.04605718 0.06901225 0.04490820
v -0.04632561 0.07088729 0.04314333
v -0.04580756 0.02379358 0.14653653
v -0.04579141 0.02568223 0.14653653
v -0.04627875 0.06940505 0.04515562
v -0.04590938 0.15474263 -0.08107366
v -0.04671667 0.15967242 -0.00760088
v -0.04632411 0.02807130 -0.09640526
v -0.04589127 0.14835528 -0.00262298
v -0.04704856 0.02648776 0.14792501
v -0.04502637 0.07115300 0.04301743
v -0.04353624 0.14721560 -0.02560462
v -0.04412398 0.15524431 -0.07492699
v -0.04661581 0.06963652 0.04526349
v -0.04566705 0.07355959 0.04360834
v -0.04602440 0.14172415 -0.01267023
v -0.04543012 0.14962910 -0.08132730
v -0.04566228 0.14573262 -0.08013381
v -0.04562999 0.07042873 0.04274148
v -0.04510473 0.07032407 0.04740464
v -0.04558615 0.07266862 0.04475500
v -0.04604105 0.15256958 -0.00403857
v -0.04554927 0.06905663 0.04463013
v -0.04609618 0.07257644 0.04733586
v -0.04675316 0.07309446 -0.08354214
v -0.04545242 0.14218130 -0.07987553
v -0.04339335 0.07055114 0.04388208
v -0.04723709 0.03812042 0.14020152
v -0.04536507 0.07277733 0.04600615
v -0.04500629 0.15345656 -0.00630503
v -0.04538466 0.07394680 0.04450882
v -0.04462988 0.07180678 0.04339350
v -0.04527486 0.06958932 0.04346788
v -0.04575987 0.07038027 0.04306555
v -0.04527486 0.13867842 -0.07956883
v -0.04527113 0.15027723 -0.00441186
v -0.04488119 0.07081416 0.04640692
v -0.04569979 0.06935125 0.04450076
v -0.04588162 0.15304620 -0.02336255
v -0.04557258 0.15140081 -0.00465155
v -0.04543783 0.06962459 0.04336606
v -0.04425843 0.07199693 0.04393785
v -0.04649684 0.02669793 0.14852666
v -0.04525223 0.15568844 -0.00601034
v -0.04616490 0.07061878 0.04274958
v -0.04555808 0.07245329 0.04369952
v -0.04512957 0.13517555 -0.07919756
v -0.04399326 0.07310512 0.04537968
v -0.04557126 0.07006054 0.04326192
v -0.04522874 0.05121488 -0.09478446
v -0.04539074 0.07000301 0.04302854
v -0.04504886 0.13160809 -0.07881014
v -0.04488847 0.15567257 -0.01039151
v -0.04536310 0.06928451 0.04404022
v -0.04552154 0.06976319 0.04362823
v -0.04597263 0.06932184 0.04489449
v -0.04528552 0.15097620 -0.00630325
v -0.04652346 0.02472263 0.14958208
v -0.04500044 0.12799222 -0.07842273
v -0.04498430 0.12440862 -0.07800302
v -0.03839054 0.03915514 0.11362255
v -0.04329245 0.07083406 0.04564553
v -0.04452217 0.09746269 0.00205254
v -0.04490358 0.12088959 -0.07753490
v -0.04606842 0.06259571 0.04332872
v -0.04531988 0.07324134 0.04746609
v -0.04475830 0.11745127 -0.07703449
v -0.04521960 0.07206588 0.04676856
v -0.04436396 0.05440388 0.06082986
v -0.04494764 0.07113726 0.04449981
v -0.04538986 0.02839539 -0.09471158
v -0.04446485 0.13380267 -0.07979220
v -0.04423070 0.07201436 0.04467291
v -0.04460237 0.07141757 0.04677230
v -0.04458467 0.07153407 0.04554539
v -0.04441501 0.04141240 -0.09534295
v -0.04555535 0.06951320 0.04405092
v -0.04458074 0.02755474 -0.09548515
v -0.04458074 0.02945954 -0.09546901
v -0.04364123 0.09296086 -0.07066021
v -0.04453231 0.11407753 -0.07655022
v -0.04351751 0.08502747 0.02722428
v -0.04459727 0.07317683 0.04449865
v -0.04426056 0.11964885 -0.07805205
v -0.04282335 0.02295717 0.14555485
v -0.04403066 0.07073197 0.04410302
v -0.04538911 0.04168511 0.10554512
v -0.04309199 0.11622687 -0.00633491
v -0.04455377 0.07089171 0.04764892
v -0.04369162 0.12498021 -0.01107675
v -0.04365624 0.15409294 -0.02243022
v -0.04419801 0.02788822 -0.10174785
v -0.04420947 0.11081678 -0.07609823
v -0.04543904 0.13925018 -0.00491842
v -0.04436998 0.14299378 -0.07834088
v -0.04279559 0.02376528 0.14920381
v -0.04454700 0.07006077 0.04577408
v -0.04394968 0.07091870 0.04517415
v -0.04401722 0.02693002 -0.09643610
v -0.03372395 0.02776605 -0.09111312
v -0.04578259 0.03035317 -0.09697905
v -0.04475454 0.09887436 -0.08016544
v -0.04547849 0.00964243 0.15212064
v -0.04435359 0.06218291 0.04773517
v -0.04442584 0.07605038 0.03270514
v -0.04383820 0.10771747 -0.07564624
v -0.04238603 0.02943731 -0.09565167
v -0.04423834 0.09653349 -0.07682027
v -0.04352677 0.08856231 0.00901319
v -0.04330913 0.07038262 0.04664555
v -0.04119852 0.06340608 0.04531156
v -0.04422446 0.07738411 0.02297125
v -0.04169294 0.06211540 0.05729856
v -0.04392558 0.07238630 0.04293828
v -0.04295184 0.07213814 0.04487785
v -0.04283795 0.07107824 0.03509984
v -0.04373933 0.07319852 0.04647955
v -0.04345077 0.10482799 -0.07521041
v -0.03934619 0.06346604 0.05006347
v -0.04360415 0.06977762 0.04609770
v -0.04058848 0.15875734 -0.01949843
v -0.04386852 0.07327873 0.04340762
v -0.04353544 0.07214457 0.04454047
v -0.04144492 0.10256509 0.00059415
v -0.04360689 0.15816348 -0.01944326
v -0.04365380 0.07127101 0.04611313
v -0.04378490 0.10911339 -0.00290574
v -0.04422216 0.03533368 0.13839847
v -0.04296733 0.07110364 0.04371271
v -0.04485652 0.10881524 -0.07115184
v -0.04309565 0.02322860 0.14340493
v -0.04208596 0.11040837 -0.07234447
v -0.04304722 0.10219679 -0.07480685
v -0.04307950 0.02511725 0.14342107
v -0.04258145 0.07112937 0.04455438
v -0.04386447 0.13754008 -0.01342934
v -0.04162744 0.02905737 0.13990031
v -0.04344915 0.10977291 -0.07654256
v -0.04307669 0.12512912 -0.01109290
v -0.04137053 0.12665493 -0.02323478
v -0.04238881 0.09447170 0.00633826
v -0.04186131 0.05144568 -0.08795575
v -0.04473693 0.15507618 -0.07920736
v -0.04261138 0.09974316 -0.07437100
v -0.04514715 0.04035501 0.13190542
v -0.04232295 0.08659837 0.01461440
v -0.04412632 0.02360513 0.14505200
v -0.04212711 0.09740253 -0.07385445
v -0.04211035 0.15063064 -0.02415253
v -0.03811064 0.04092347 0.09678556
v -0.04052010 0.06811665 -0.07797121
v -0.04027445 0.05449966 -0.08956493
v -0.03964044 0.15723546 -0.02783901
v -0.07342148 0.01933094 0.02262663
v -0.04064368 0.04420047 0.07493366
v -0.04278333 0.04671218 0.08018713
v -0.04481336 0.11012727 -0.00676023
v -0.04309015 0.12697743 -0.07075491
v -0.04085041 0.14374443 -0.02397910
v -0.04231479 0.15130461 -0.01941345
v -0.04322721 0.07139985 -0.08703423
v -0.04421069 0.08205365 -0.07659796
v -0.04152984 0.09515875 -0.07317647
v -0.04205504 0.02915448 -0.08840233
v -0.04206254 0.02800673 -0.09327365
v -0.03992671 0.07318298 -0.08214363
v -0.04105798 0.09625149 -0.07416926
v -0.04127157 0.02936268 -0.09254725
v -0.04131706 0.10346177 -0.06430789
v -0.04127157 0.02745789 -0.09254725
v -0.04289574 0.02991630 -0.09419703
v -0.04168640 0.03113075 0.14057286
v -0.04116269 0.05725546 0.04395594
v -0.03926688 0.00815257 0.14563150
v -0.04077784 0.04298394 -0.08850799
v -0.04223038 0.05886014 0.05638128
v -0.03946279 0.08508529 -0.06229742
v -0.04083572 0.09294725 -0.07232093
v -0.03829309 0.06643200 0.04252925
v -0.03964125 0.09489506 -0.06814211
v -0.04460798 0.03936115 0.13072106
v -0.04147161 0.15543984 -0.01578021
v -0.04185487 0.15551377 -0.07198865
v -0.04038545 0.02755216 -0.09373423
v -0.04041602 0.02263134 0.13980520
v -0.04039988 0.02451999 0.13980520
v -0.04046360 0.02596822 0.14053430
v -0.03847412 0.12429431 -0.02222626
v -0.04006870 0.00128542 -0.09864623
v -0.04010001 0.02782605 -0.09889310
v -0.04084957 0.04015925 0.10802204
v -0.04126885 0.06809175 0.03785008
v -0.04163708 0.13131870 -0.00953106
v -0.04002861 0.09071961 -0.07125553
v -0.04086245 0.13732523 -0.02109566
v -0.03864329 0.10216863 -0.01582714
v -0.04049643 0.14707371 -0.01547294
v -0.04150882 0.02567990 0.14223796
v -0.03675347 0.04856674 0.06389745
v -0.03954686 0.12349233 -0.06384797
v -0.04244926 0.03481879 -0.09513179
v -0.04110423 0.04219983 0.09806089
v -0.03952908 0.15003335 -0.02538590
v -0.03796905 0.04576401 -0.09127818
v -0.03721889 0.06779016 0.02690544
v -0.04069265 0.07273295 -0.08111404
v -0.04110530 0.02294893 0.14318169
v -0.03960890 0.08960579 -0.07069056
v -0.04205424 0.08553649 -0.08000108
v -0.04020657 0.09408654 -0.00472794
v -0.03864493 0.04421940 -0.09056665
v -0.04082183 0.02480977 0.14283099
v -0.04234000 0.04453489 0.09067247
v -0.03736532 0.05124020 -0.08297147
v -0.03857417 0.09256743 -0.00975357
v -0.03750317 0.05696861 0.04524173
v -0.03877421 0.09879844 -0.00651543
v -0.03842280 0.03535818 0.12817283
v -0.03853189 0.13774635 -0.07019911
v -0.03907366 0.14683322 -0.06635816
v -0.03914078 0.08842740 -0.06999643
v -0.03739404 0.10782491 -0.01308130
v -0.04052565 0.05031999 0.05630164
v -0.03799300 0.12283418 -0.02452788
v -0.03869924 0.03041985 0.13428677
v -0.04018595 0.02843039 -0.09052695
v -0.03915601 0.08217651 -0.07303015
v -0.03809239 0.13504161 -0.03106939
v -0.03256821 0.03769449 0.11065802
v -0.04007923 0.08189270 0.01847760
v -0.03787526 0.08760060 -0.06979088
v -0.04044257 0.07479362 0.03481304
v -0.03478660 0.05392198 -0.08553907
v -0.03905005 0.06726821 0.03537474
v -0.03796603 0.06426539 0.03200263
v -0.03876696 0.09443162 -0.05720229
v -0.03843052 0.08684545 -0.06867276
v -0.03836595 0.02784531 -0.08948021
v -0.03613512 0.04209033 0.09025354
v -0.03889280 0.08676199 0.01809110
v -0.03792170 0.02236362 0.13497089
v -0.03825295 0.02736104 -0.08899593
v -0.03963689 0.02666885 -0.09133103
v -0.03825295 0.02926583 -0.08899593
v -0.03669058 0.02255346 0.14160972
v -0.03438909 0.07870468 0.00721536
v -0.03556367 0.09214977 -0.05703820
v -0.06518000 0.01574044 0.07994160
v -0.03617978 0.07164800 -0.07695011
v -0.03978592 0.15540352 -0.07386914
v -0.04042248 0.11467448 -0.00393907
v -0.03786553 0.02198564 0.13583419
v -0.03661309 0.02994947 -0.08834490
v -0.03418552 0.04524217 0.07002962
v -0.03784940 0.02387429 0.13583419
v -0.03724530 0.14720057 -0.06154644
v -0.03565108 0.02870222 0.13139326
v -0.03335542 0.02099237 0.12812745
v -0.03638258 0.05350708 0.04087317
v -0.03754848 0.06191524 0.03923109
v -0.03742969 0.08545722 -0.06654198
v -0.03701807 0.09011934 0.00135372
v -0.03637145 0.10352376 -0.01514890
v -0.03618598 0.08141401 0.01285087
v -0.03811587 0.15604308 -0.06443034
v -0.03469463 0.02361692 0.13101247
v -0.04142867 0.03590117 0.13553994
v -0.03684304 0.03285333 -0.08318116
v -0.03600432 0.08561625 0.00457799
v -0.03730841 0.11195118 -0.05538757
v -0.03411799 0.09853584 -0.01792723
v -0.03631900 0.06579146 0.03307575
v -0.03926395 0.03957508 0.09253936
v -0.03635962 0.09318040 -0.00905345
v -0.03586031 0.02194265 0.13528536
v -0.03722424 0.12986891 -0.05656483
v -0.03793554 0.13733952 -0.02055346
v -0.03711583 0.14996965 -0.03282733
v -0.03651546 0.08207739 -0.05001737
v -0.03643023 0.07256378 0.01851152
v -0.03772054 0.08229920 0.01296367
v -0.03664316 0.13621923 -0.03916481
v -0.03606651 0.15680308 -0.03978142
v -0.03664561 0.02774315 -0.09522026
v -0.03637500 0.04391306 -0.08337983
v -0.03509340 0.08319855 0.00008903
v -0.03649253 0.00065256 -0.09464865
v -0.03746341 0.15464923 -0.02386064
v -0.03682125 0.06035222 0.03364266
v -0.03640970 0.13262515 -0.04869592
v -0.03734143 0.11689819 -0.01234377
v -0.03678663 0.12669126 -0.06547997
v -0.03685589 0.07413143 0.02827064
v -0.03628359 0.08347171 -0.06384622
v -0.03547716 0.12030214 -0.02061927
v -0.03557500 0.10956288 -0.04738481
v -0.03603928 0.14812630 -0.05644785
v -0.03572221 0.14900692 -0.04070920
v -0.03472193 0.08746930 -0.05428749
v -0.03391196 0.05160094 -0.07726126
v -0.03761419 0.04185017 0.09326914
v -0.03499804 0.05131652 -0.08485231
v -0.03650374 0.04162078 0.07734025
v -0.03146395 0.02777590 0.12093166
v -0.03634777 0.12248726 -0.03502207
v -0.03742535 0.09688120 0.00543915
v -0.03642854 0.08924889 -0.04638549
v -0.03823221 0.04042290 0.10808858
v -0.03761220 0.10293893 -0.06375369
v -0.03453875 0.02793838 -0.08192929
v -0.03553939 0.15650188 -0.05419298
v -0.03550876 0.02130767 0.13165332
v -0.03595596 0.14872790 -0.02614055
v -0.03541872 0.14848438 -0.04858001
v -0.03549261 0.02319632 0.13165332
v -0.03534661 0.06025956 0.03619313
v -0.03467701 0.07438235 0.01887235
v -0.03541190 0.02726418 -0.08484736
v -0.03536348 0.08222875 -0.06144101
v -0.03531505 0.02758703 -0.08525092
v -0.03542805 0.02916897 -0.08483122
v -0.03881466 0.07334126 -0.07023425
v -0.03282594 0.03913589 0.10171242
v -0.03570333 0.06867182 0.02952176
v -0.03508275 0.11299630 -0.03984862
v -0.03569023 0.06575720 0.02602037
v -0.03546406 0.06453660 0.03880449
v -0.03569316 0.06172670 0.03463139
v -0.03159822 0.04091555 0.09052462
v -0.03674651 0.04505690 0.06271383
v -0.03641803 0.02913084 -0.08039928
v -0.03453794 0.10621260 -0.02714665
v -0.03487724 0.03025358 -0.08460173
v -0.03851015 0.08386545 -0.07398447
v -0.03796716 0.04601934 0.07574126
v -0.03575278 0.15595825 -0.06643451
v -0.03420432 0.07594251 -0.03602885
v -0.03433456 0.09966951 -0.03618490
v -0.03329440 0.08453777 0.00044715
v -0.03607120 0.02703112 -0.08823554
v -0.03494671 0.13170161 -0.06060451
v -0.03192198 0.05795723 0.02592840
v -0.03464279 0.09274616 -0.00778105
v -0.03573372 0.02864493 -0.08819413
v -0.03561213 0.08419183 -0.06493070
v -0.03254681 0.07999476 0.00842347
v -0.03492567 0.13830462 -0.03126116
v -0.03363275 0.04155758 -0.08496785
v -0.03445348 0.11189946 -0.05630249
v -0.03195668 0.05252465 0.04299109
v -0.03232397 0.10916954 -0.02301248
v -0.03367169 0.07488333 0.00393132
v -0.03484087 0.08345714 -0.03564619
v -0.03485545 0.15723034 -0.03262664
v -0.03483129 0.08111658 0.01530646
v -0.03334978 0.05369047 0.05521834
v -0.03394440 0.13096390 -0.05479563
v -0.03383951 0.07113641 -0.05136033
v -0.03542369 0.06908814 -0.06371532
v -0.03315666 0.15087599 -0.03710328
v -0.03338138 0.06554715 0.01612771
v -0.03431933 0.13037628 -0.03285664
v -0.03366853 0.07951685 -0.05604948
v -0.03219516 0.00122673 -0.08866990
v -0.03364079 0.09459771 -0.02279720
v -0.03308336 0.07547555 -0.00567622
v -0.03374688 0.14892143 -0.06065117
v -0.03451406 0.02130436 0.12843072
v -0.03342045 0.13202097 -0.04926730
v -0.03280409 0.15671955 -0.04443871
v -0.03345564 0.13353715 -0.04256071
v -0.03538253 0.03148988 -0.08769954
v -0.03350084 0.07937071 -0.02022681
v -0.03336183 0.02061355 0.12735948
v -0.03334569 0.02248606 0.12735948
v -0.03681858 0.05186964 0.05444363
v -0.03479060 0.04056535 0.09703045
v -0.03216458 0.03675051 0.09239390
v -0.03285099 0.04423595 -0.07750573
v -0.03342272 0.08598418 0.00609673
v -0.03364176 0.03287575 -0.07746127
v -0.03292599 0.02724804 -0.08061808
v -0.03262924 0.11688602 -0.04574062
v -0.03241751 0.14871005 -0.04522118
v -0.03281037 0.15645084 -0.05405900
v -0.03284527 0.02718347 -0.08016609
v -0.03284527 0.02907212 -0.08016609
v -0.03266089 0.14727937 -0.05288327
v -0.03060149 0.02897526 -0.07509740
v -0.03096927 0.02644744 -0.07823347
v -0.03526967 0.02395185 0.13376202
v -0.03294710 0.11969858 -0.03324757
v -0.03261928 0.07751520 -0.05236903
v -0.03139354 0.05229302 -0.07867205
v -0.03543728 0.07207489 -0.07136126
v -0.03187088 0.09303735 -0.00654878
v -0.03238739 0.07920123 -0.05527323
v -0.03262441 0.10442303 -0.04696929
v -0.03097986 0.04652668 -0.08232309
v -0.03232612 0.06989578 -0.02350539
v -0.03386413 0.03991898 -0.08706737
v -0.03028355 0.02104115 0.13127865
v -0.03165243 0.02136410 0.12726904
v -0.03556893 0.03742920 0.11581131
v -0.02988525 0.03652698 0.10105992
v -0.03334010 0.00641864 0.13733519
v -0.03263858 0.06837838 0.02277873
v -0.03224747 0.02866277 -0.06692867
v -0.03070910 0.03898942 0.09282974
v -0.03216595 0.06934401 -0.04005591
v -0.03338757 0.08342313 -0.04811011
v -0.03044427 0.02786766 -0.07866896
v -0.02930091 0.05284485 -0.06188838
v -0.03155389 0.07528756 -0.04834960
v -0.03136019 0.01990329 0.12296876
v -0.02834484 0.05325176 -0.07054245
v -0.03134404 0.02179194 0.12296876
v -0.03516613 0.02077204 0.13156240
v -0.03217006 0.04841100 0.03908070
v -0.03158084 0.05217821 -0.07122448
v -0.03071050 0.09700420 -0.02414081
v -0.02930048 0.02750517 -0.04301779
v -0.03097180 0.07168861 -0.05189891
v -0.03140657 0.10284746 -0.03753031
v -0.03084121 0.06105274 0.00828118
v -0.03010998 0.02717104 -0.06719430
v -0.03157905 0.03012002 -0.07842371
v -0.02444244 0.00481431 0.01634042
v -0.03123343 0.07556057 -0.03943570
v -0.03094459 0.05147996 0.02977354
v -0.03104140 0.09553703 -0.01484721
v -0.02955729 0.05210452 0.03002072
v -0.02960886 0.05834481 -0.07302431
v -0.03068832 0.04233980 0.04998748
v -0.03130853 0.03071157 -0.08074306
v -0.03284164 0.07037009 -0.06986368
v -0.02921287 0.01654027 -0.08325111
v -0.03104002 0.08107596 -0.02774777
v -0.03309217 0.02016890 0.12926603
v -0.03060149 0.02708662 -0.07509740
v -0.02739004 0.04847144 0.02976044
v -0.03101808 0.06449373 -0.00477569
v -0.02875036 0.02639395 -0.07145515
v -0.02984956 0.04183293 -0.07853576
v -0.03010163 0.07535135 -0.01228744
v -0.03047236 0.07281778 -0.04434630
v -0.03059860 0.03335938 0.11357865
v -0.03023754 0.05316754 -0.07864286
v -0.02850132 0.05205988 0.04472948
v -0.02900449 0.06900161 -0.05401293
v -0.03007179 0.06676598 0.01316551
v -0.03008495 0.02647321 -0.07065827
v -0.03385071 0.07355612 -0.06435076
v -0.02720234 0.02944760 -0.06779807
v -0.03091991 0.07978406 -0.00138611
v -0.03034672 0.07444218 -0.02787598
v -0.03049669 0.03536191 0.11216211
v -0.03016760 0.02460980 -0.01354915
v -0.02766005 0.03713730 0.09008908
v -0.02727069 -0.00091614 0.07776951
v -0.02235036 0.00862167 0.01358069
v -0.02953264 0.04963583 0.02733696
v -0.03063505 0.02943635 -0.07829672
v -0.02710900 0.04577820 0.05182612
v -0.03143645 0.06211646 0.02914222
v -0.03218289 0.04241576 0.05577677
v -0.02937468 0.01920917 0.11846507
v -0.02937468 0.02619879 -0.06652584
v -0.02935854 0.02109782 0.11846507
v -0.02934240 0.07005745 -0.04071428
v -0.02811292 0.02674199 -0.00886462
v -0.02929913 0.04458492 0.05138531
v -0.03042716 0.03856927 0.07444076
v -0.02869073 0.04241488 0.06025091
v -0.02972451 0.04533561 -0.06905347
v -0.02901828 0.04098021 0.07607276
v -0.02840099 0.04059042 0.03801458
v -0.02628359 0.05082563 -0.01921123
v -0.02898498 0.05217808 0.00861396
v -0.03099925 0.03326589 -0.07017629
v -0.02884199 0.02598894 -0.06307139
v -0.03121490 0.02686062 -0.07569467
v -0.02857493 0.01947792 0.01622160
v -0.02727840 0.03323339 -0.07226084
v -0.02877741 0.02886227 -0.06975430
v -0.02194053 0.00054589 -0.04686123
v -0.02877741 0.02698976 -0.06977044
v -0.02803492 0.02917854 -0.06783986
v -0.02871846 0.02950046 -0.06896163
v -0.01988644 0.01379438 -0.01733266
v -0.02653869 0.02096234 0.11319342
v -0.02963881 0.02618397 -0.02466521
v -0.02848974 0.02384831 -0.02367335
v -0.02817553 0.02265710 -0.01214362
v -0.02906410 0.04987475 0.02405183
v -0.02818015 0.02566609 -0.05801884
v -0.02816401 0.06711955 -0.03832522
v -0.02584326 0.02941658 -0.06028818
v -0.02127224 0.02719377 -0.06061512
v -0.02730900 0.00116309 -0.07959670
v -0.02924056 0.02742169 -0.08347825
v -0.02817204 0.04540730 0.04267649
v -0.02748978 0.04504378 -0.07188133
v -0.03226116 0.07347034 -0.06333164
v -0.02778418 0.04891311 0.03163365
v -0.02892772 0.04453788 0.05016060
v -0.02747573 0.02739341 -0.07055804
v -0.02697168 0.03691319 0.02787824
v -0.02606190 0.04976211 -0.04944343
v -0.03120534 0.03285821 0.11809726
v -0.02873262 0.03881791 -0.07834397
v -0.02764420 0.04858824 -0.01085781
v -0.02751832 0.02537553 -0.05298244
v -0.02772219 0.05000617 0.02673578
v -0.02721538 0.02434925 0.01752591
v -0.02707637 0.02500871 -0.02488352
v -0.02725388 0.02912556 -0.03853699
v -0.02742146 0.02687677 -0.06428206
v -0.02742146 0.02874927 -0.06426591
v -0.02745201 0.06160829 0.00144477
v -0.02655245 0.01856850 0.01541309
v -0.02843129 0.07037270 -0.04036016
v -0.02744028 0.03016198 -0.02181200
v -0.02730846 0.01856347 0.11381607
v -0.02749000 0.02547465 -0.04271615
v -0.02727618 0.02045212 0.11383222
v -0.02710263 0.03406905 -0.01345908
v -0.02667086 0.02005494 0.12447102
v -0.02716236 0.03953739 -0.00084223
v -0.02622920 0.04996636 0.00102674
v -0.02565753 0.02618306 -0.05769284
v -0.02693719 0.06411708 -0.03682399
v -0.02408973 0.03051303 0.09968800
v -0.02460451 0.03317016 0.07694285
v -0.02684034 0.02514954 -0.04791375
v -0.01900422 0.01801528 0.10667562
v -0.02686710 0.05077884 0.01341314
v -0.02783208 0.02543667 -0.02133396
v -0.02659415 0.04484520 -0.02027767
v -0.02492226 0.05398332 -0.05422789
v -0.02494709 0.03459893 0.09242822
v -0.02833571 0.06735176 -0.02182536
v -0.02410701 0.05343700 -0.01602288
v -0.02794852 0.00491710 0.12780030
v -0.02759417 0.05764139 -0.03650358
v -0.02648390 0.03287049 0.02281350
v -0.02617605 0.03799024 -0.02115545
v -0.02645292 0.02674763 -0.05872910
v -0.02645292 0.02862014 -0.05872910
v -0.02597979 0.02367456 -0.02149413
v -0.02627536 0.02548853 -0.03583930
v -0.02644874 0.05257331 0.01289275
v -0.02616236 0.02495583 -0.04278050
v -0.02615026 0.02862415 -0.06491887
v -0.02829895 0.06060427 0.01560701
v -0.02525472 0.06220383 -0.03598454
v -0.02691861 0.03631229 0.05402044
v -0.02333307 0.05570546 -0.04864055
v -0.03191551 0.00135045 0.03566448
v -0.02396652 0.00715620 0.01598843
v -0.02671453 0.02660919 0.02013045
v -0.02751634 0.03673136 -0.07064989
v -0.02540610 0.04963381 -0.00859809
v -0.02607077 0.02477226 -0.01179182
v -0.02547653 0.03230714 0.03878667
v -0.02567955 0.03236731 -0.04022029
v -0.02610201 0.00058882 -0.07401783
v -0.02576376 0.05321689 0.02576131
v -0.02575880 0.02222778 0.01552553
v -0.02602585 0.04848859 0.03968227
v -0.02575880 0.06108232 -0.03577474
v -0.02572652 0.02072654 0.01331404
v -0.02619702 0.01736708 0.02753954
v -0.02577494 0.02033913 0.01552553
v -0.02574266 0.02660235 -0.05322457
v -0.02575880 0.02849100 -0.05320843
v -0.02572652 0.02261520 0.01333018
v -0.02536710 0.02787561 -0.02259911
v -0.02562966 0.02484283 -0.03772795
v -0.02561352 0.02129153 0.01026314
v -0.02561352 0.02318018 0.01027928
v -0.02561352 0.02493969 -0.03592002
v -0.02576880 0.01993817 0.01720310
v -0.02527193 0.04820642 -0.04280268
v -0.02426489 0.02729244 -0.07185087
v -0.02508606 0.03065251 -0.02031681
v -0.02561450 0.03645236 0.09017869
v -0.02545210 0.02200179 0.00653426
v -0.02545210 0.02389044 0.00655041
v -0.02543595 0.01975801 0.01894771
v -0.02543595 0.02164666 0.01896384
v -0.02534175 0.04722186 -0.00654166
v -0.02573075 0.02738677 0.02832332
v -0.02483772 0.02592547 -0.00303086
v -0.02493353 0.05835164 -0.03654275
v -0.02424181 0.01783945 -0.07200556
v -0.02527453 0.02463298 0.00240184
v -0.02527453 0.02274433 0.00238569
v -0.02520996 0.02645706 -0.04783304
v -0.02520996 0.02834572 -0.04783304
v -0.02511311 0.02347074 -0.00189202
v -0.02509697 0.02535939 -0.00187588
v -0.02525081 0.04210020 -0.04818544
v -0.02669879 0.03260201 0.09207506
v -0.02504854 0.01796621 0.10905409
v -0.02413626 0.03098743 0.04936767
v -0.02503240 0.01985486 0.10905409
v -0.02496783 0.02410029 -0.00605674
v -0.02500418 0.02905241 -0.05273317
v -0.02500011 0.01937059 0.02112691
v -0.02500011 0.02125924 0.02114306
v -0.02493681 0.04607566 -0.06194457
v -0.02496783 0.02598894 -0.00605674
v -0.02652277 0.05669074 -0.06412259
v -0.02302517 0.05636255 -0.03515185
v -0.02477415 0.03610409 -0.04104621
v -0.02214563 0.01377913 -0.02722065
v -0.02487098 0.02461684 -0.01002774
v -0.02487098 0.02650549 -0.01001161
v -0.02524671 0.04738540 -0.01391755
v -0.02641052 0.04835568 -0.07148713
v -0.02431087 0.05148768 0.01559322
v -0.02503031 0.01961670 0.01694826
v -0.02479026 0.02690905 -0.01369205
v -0.02573831 0.02206076 0.01730411
v -0.02508282 0.02244267 0.01660854
v -0.02477412 0.02742560 -0.03562945
v -0.02474184 0.02631179 -0.04269978
v -0.02474184 0.02721575 -0.01703351
v -0.02474184 0.02818429 -0.04268365
v -0.02689084 0.00353390 0.12436211
v -0.02469341 0.02553695 -0.01995527
v -0.02451915 0.04133283 0.01417919
v -0.02469341 0.02742560 -0.01995527
v -0.02467727 0.05807985 -0.03537118
v -0.02464499 0.02566609 -0.02242504
v -0.02464499 0.02755474 -0.02242504
v -0.02486246 0.04364324 -0.01137800
v -0.02474184 0.02532710 -0.01703351
v -0.02412772 0.02644393 -0.00535256
v -0.02478573 0.02738249 -0.03786809
v -0.02466703 0.01982046 0.01683553
v -0.02423406 0.02307404 -0.00239040
v -0.02456427 0.02573066 -0.02442669
v -0.02456427 0.02761931 -0.02442669
v -0.02435032 0.02849478 -0.05299992
v -0.02465899 0.02228982 0.01642187
v -0.02444035 0.02566856 -0.02591197
v -0.02121031 0.03204716 0.08964566
v -0.02426631 0.03977828 -0.03666301
v -0.02436775 0.03595326 -0.01790000
v -0.02848785 0.02764452 0.11632102
v -0.02469448 0.03903259 0.02452737
v -0.02435442 0.02616650 -0.03801852
v -0.02435442 0.02803901 -0.03801852
v -0.02433828 0.01880561 0.02412939
v -0.02447894 0.03184496 -0.02069886
v -0.02432214 0.02069426 0.02414553
v -0.02431383 0.03721277 -0.01286365
v -0.02408000 0.02602122 -0.03404751
v -0.02440828 0.04505637 -0.01978730
v -0.02689630 0.01780796 0.11444038
v -0.02454952 0.02259921 0.03257464
v -0.02415114 0.02580200 -0.02760997
v -0.02443513 0.02765160 -0.02589564
v -0.02409668 0.02777099 -0.02758874
v -0.02361576 0.05078433 0.00207378
v -0.02479026 0.02502040 -0.01370820
v -0.02623580 0.02075254 0.11435314
v -0.02449215 0.02096372 0.01685087
v -0.02189513 0.01682588 0.03399350
v -0.02408000 0.02790987 -0.03403136
v -0.02363038 0.02541003 -0.00442309
v -0.02285838 0.02859916 -0.03548562
v -0.02382766 0.03803017 -0.02067021
v -0.02395086 0.02584366 -0.02904339
v -0.02395086 0.02773231 -0.02902725
v -0.02206444 0.03502872 0.07588738
v -0.02500044 0.01737776 0.02413193
v -0.02393472 0.02592437 -0.03101275
v -0.02393472 0.02779688 -0.03099661
v -0.02180639 0.03498502 -0.04729947
v -0.02201573 0.03181582 0.08939078
v -0.02409284 0.02807842 -0.02250658
v -0.02377330 0.05527109 -0.03504833
v -0.02056724 0.02514685 0.09807805
v -0.02394973 0.03012009 0.02130271
v -0.02329112 0.02810714 -0.02681857
v -0.02330094 0.05123055 -0.04901593
v -0.02360208 0.02744497 -0.01596507
v -0.02352603 0.02541337 -0.02881530
v -0.02361366 0.02497982 -0.01630289
v -0.02391092 0.01875146 0.02636120
v -0.02335045 0.03089030 0.09994936
v -0.02043405 0.02081816 0.09881201
v -0.02346659 0.01811149 0.02789055
v -0.02345045 0.02000014 0.02790669
v -0.02521320 0.02634594 -0.05902419
v -0.02125510 0.01854733 0.03686567
v -0.02295155 0.02910543 -0.02054547
v -0.02501162 0.02254440 0.01649739
v -0.02321553 0.02885491 -0.04272509
v -0.02322482 0.02720314 -0.02532996
v -0.02223594 0.04135346 -0.04791028
v -0.02099937 0.04128372 -0.04728961
v -0.02295310 0.03125036 -0.04054717
v -0.02331285 0.02531272 -0.02637087
v -0.02309532 0.05273675 -0.03511290
v -0.02471933 0.04305428 -0.06647957
v -0.02374091 0.00191453 -0.07138618
v -0.02259140 0.02572837 -0.02965850
v -0.03043624 -0.00049000 0.05888866
v -0.02301461 0.03068635 -0.03527432
v -0.02296768 0.02308283 0.02832698
v -0.02362610 0.03324939 0.02955852
v -0.02196774 0.03570247 -0.04220653
v -0.02278861 0.01743351 0.10417911
v -0.02275273 0.02777304 -0.03498173
v -0.02277248 0.01932216 0.10417911
v -0.01980217 0.01636894 0.09775082
v -0.01989976 0.01917827 0.09809708
v -0.02282336 0.02815833 -0.02907317
v -0.01987837 0.00302744 0.02741511
v -0.02008675 0.02619079 -0.02576575
v -0.02266163 0.04775787 -0.00629374
v -0.02243349 0.01736894 0.03220055
v -0.02241734 0.01925759 0.03220055
v -0.02246486 0.04871645 -0.04351299
v -0.02093928 0.01758026 0.09716527
v -0.02161806 0.00522176 0.01728362
v -0.02324643 0.00082988 -0.02730502
v -0.02111750 0.01778699 0.03208846
v -0.02308595 0.02651897 0.04385537
v -0.02214292 0.04812005 -0.03504833
v -0.02415546 0.03724247 0.05065485
v -0.02193303 0.03751813 -0.01685651
v -0.02177885 0.03413949 -0.02255924
v -0.02142390 0.02547704 0.03632046
v -0.02233684 0.02044358 0.01638852
v -0.02178926 0.00737485 0.01713766
v -0.02188465 0.03478650 -0.03517747
v -0.02169396 0.04222043 -0.02025382
v -0.02119639 0.01646306 -0.06123907
v -0.02259220 0.02653386 0.09153122
v -0.02147800 0.03934871 -0.03587146
v -0.01997945 0.01870832 0.03815211
v -0.02197534 0.00967449 0.01438978
v -0.02157795 0.04358406 -0.03516132
v -0.01722748 0.01692361 0.08867631
v -0.02143266 0.03911264 -0.03499991
v -0.02032064 0.02781436 0.09188733
v -0.02160356 0.02489207 0.09857528
v -0.02091523 0.01916068 0.03327869
v -0.02125510 0.01665868 0.03684953
v -0.02173880 0.04891548 -0.04908417
v -0.02219044 0.01446474 0.01634107
v -0.01960933 0.01531812 0.04956164
v -0.02042386 0.02699029 0.07553781
v -0.02215883 0.02022247 0.01620070
v -0.02072042 0.04511480 -0.03517398
v -0.02105887 0.01206630 -0.00289123
v -0.01999599 0.01793392 0.04169223
v -0.02079315 0.02422820 -0.00414130
v -0.02066369 0.01800900 -0.00464766
v -0.02095978 0.02065004 0.09088875
v -0.02102207 0.00121673 -0.02784335
v -0.02072028 0.01720282 0.08958794
v -0.02069011 0.01883789 0.09927185
v -0.02070626 0.01694924 0.09927185
v -0.01910283 0.01832822 0.02830645
v -0.02060566 0.02569363 -0.01625008
v -0.02062744 0.03622748 -0.03516182
v -0.02093047 0.00127774 -0.06117409
v -0.01980198 0.02589510 -0.02438023
v -0.01991851 0.02600316 0.06693145
v -0.02025406 0.01397029 -0.02777776
v -0.01989696 0.02678788 -0.05080219
v -0.02528508 0.00139069 0.11335803
v -0.02052724 0.02035417 0.04787168
v -0.01999599 0.01604527 0.04167607
v -0.01990485 0.01954899 -0.02079973
v -0.02003116 0.01408763 -0.02606111
v -0.02029730 0.00190504 -0.02893371
v -0.01981160 0.01932159 0.10048506
v -0.01862801 0.02420289 0.08886531
v -0.02234369 0.00305617 0.11570197
v -0.01948613 0.02664418 -0.04084596
v -0.01965884 0.01463302 -0.05046671
v -0.01967974 0.01431916 -0.02881521
v -0.01951530 0.00190095 -0.04010300
v -0.02253810 0.03196642 0.04112599
v -0.02026028 0.01683974 0.10166842
v -0.01945961 0.01532123 -0.01671002
v -0.01960455 0.00125070 -0.04994543
v -0.01934408 0.01434145 -0.04007268
v -0.02095360 0.01644084 0.03439910
v -0.01879049 0.02016705 0.05942701
v -0.01901132 0.01838591 0.09439687
v -0.01902746 0.01649726 0.09439687
v -0.01763644 0.01517260 0.04703863
v -0.01876918 0.01554486 0.04659948
v -0.01862952 0.02097033 0.07356858
v -0.01876918 0.01743351 0.04661563
v -0.01822913 0.01772266 0.09069050
v -0.01726212 0.00138154 0.10223128
v -0.01822579 0.00082261 0.04381044
v -0.01873918 0.01600671 0.07433941
v -0.01839780 0.01558806 0.06115522
v -0.01894479 0.03061497 0.06846955
v -0.01795823 0.02036966 0.08979391
v -0.01778669 0.02414934 0.08914363
v -0.01800906 0.01700960 0.08832277
v -0.01776792 0.02057202 0.04751297
v -0.01774356 0.00304291 0.03201942
v -0.01786521 0.01607756 0.08958647
v -0.01784907 0.01796621 0.08958647
v -0.01732365 0.01627742 0.08508665
v -0.01768765 0.01517359 0.05153903
v -0.01733294 0.01502737 0.04758140
v -0.01768765 0.01706224 0.05155517
v -0.01771641 0.02766943 0.07819207
v -0.01682352 0.01761370 0.05043604
v -0.01715495 0.01570629 0.08484063
v -0.01523480 0.00010299 0.09129042
v -0.01713881 0.01759493 0.08484063
v -0.01597565 0.01807393 0.08398169
v -0.01700416 0.01551815 0.09085686
v -0.01686439 0.01682010 0.05646244
v -0.01676753 0.01538344 0.08012706
v -0.01711031 0.01625223 0.09255250
v -0.01674940 0.02569581 0.06780977
v -0.01710448 0.01819193 0.09250060
v -0.01650926 0.01699767 0.07544580
v -0.01594507 0.02027486 0.05928659
v -0.01688053 0.01493145 0.05646244
v -0.01652540 0.01510902 0.07544580
v -0.01642855 0.01481846 0.06128898
v -0.01702556 0.01540297 0.08644394
v -0.01642855 0.01669097 0.06130514
v -0.01634783 0.01491531 0.07076453
v -0.01573113 0.01421240 0.05914308
v -0.01628327 0.01481846 0.06605098
v -0.01633170 0.01680396 0.07076453
v -0.01642280 0.01718068 0.09974310
v -0.01618801 0.01454581 0.06359299
v -0.01628327 0.01670711 0.06605098
v -0.01675139 0.01727209 0.08014321
v -0.01622115 0.01517912 0.05533777
v -0.01563808 0.01542682 0.06680441
v -0.01548326 0.02033747 0.07326860
v -0.01581826 0.01501228 0.05460497
v -0.01540362 0.01426146 0.07013974
v -0.01554966 0.01513430 0.08140862
v -0.01537612 0.01718929 0.06856657
v -0.01621909 0.01682561 0.03835628
v -0.01434996 0.00138638 0.04545610
v -0.01535447 0.01692206 0.05883564
v -0.01479133 0.01597742 0.06594276
v -0.01480167 0.00133233 0.09457415
v -0.01458410 -0.00029917 0.06363529
v -0.01326823 0.00086134 0.08746159
v -0.01366585 0.01572953 0.04914672
v -0.01304170 0.01612211 0.08537124
v -0.01223193 0.00080764 0.05649209
v -0.01283008 -0.00032833 0.07434299
v -0.01170773 0.01523770 0.06996402
v -0.01214549 0.01522104 0.05855456
v -0.01203082 0.00055960 0.07778585
v -0.01161201 0.00052264 0.06799544
v 0.00692331 0.00052264 0.06799544
v 0.00734212 0.00055960 0.07778585
v 0.00745680 0.01522104 0.05855456
v 0.00701904 0.01523770 0.06996402
v 0.00814138 -0.00032833 0.07434299
v 0.00754323 0.00080764 0.05649209
v 0.00835301 0.01612211 0.08537124
v 0.00897715 0.01572953 0.04914672
v 0.00857953 0.00086134 0.08746159
v 0.00989541 -0.00029917 0.06363529
v 0.01011298 0.00133233 0.09457415
v 0.01010263 0.01597742 0.06594276
v 0.01066577 0.01692206 0.05883564
v 0.00966127 0.00138638 0.04545610
v 0.01153039 0.01682561 0.03835628
v 0.01068742 0.01718929 0.06856657
v 0.01086097 0.01513430 0.08140862
v 0.01112956 0.01501228 0.05460497
v 0.01071492 0.01426146 0.07013974
v 0.01079456 0.02033747 0.07326860
v 0.01104244 0.01421240 0.05914308
v 0.01094939 0.01542682 0.06680441
v 0.01153246 0.01517912 0.05533777
v 0.01149932 0.01454581 0.06359299
v 0.01159457 0.01670711 0.06605098
v 0.01206270 0.01727209 0.08014321
v 0.01173411 0.01718068 0.09974310
v 0.01159457 0.01481846 0.06605098
v 0.01164300 0.01680396 0.07076453
v 0.01165914 0.01491531 0.07076453
v 0.01173985 0.01669097 0.06130514
v 0.01233686 0.01540297 0.08644394
v 0.01173985 0.01481846 0.06128898
v 0.01183671 0.01510902 0.07544580
v 0.01219183 0.01493145 0.05646244
v 0.01182056 0.01699767 0.07544580
v 0.01125637 0.02027486 0.05928659
v 0.01241579 0.01819193 0.09250060
v 0.01206070 0.02569581 0.06780977
v 0.01242161 0.01625223 0.09255250
v 0.01207884 0.01538344 0.08012706
v 0.01217569 0.01682010 0.05646244
v 0.01128695 0.01807393 0.08398169
v 0.01231546 0.01551815 0.09085686
v 0.01054611 0.00010299 0.09129042
v 0.01245011 0.01759493 0.08484063
v 0.01246625 0.01570629 0.08484063
v 0.01213483 0.01761370 0.05043604
v 0.01302772 0.02766943 0.07819207
v 0.01309800 0.02414934 0.08914363
v 0.01299895 0.01706224 0.05155517
v 0.01264425 0.01502737 0.04758140
v 0.01316038 0.01796621 0.08958647
v 0.01299895 0.01517359 0.05153903
v 0.01326953 0.02036966 0.08979391
v 0.01263496 0.01627742 0.08508665
v 0.01317652 0.01607756 0.08958647
v 0.01305486 0.00304291 0.03201942
v 0.01307922 0.02057202 0.04751297
v 0.01332036 0.01700960 0.08832277
v 0.01425610 0.03061497 0.06846955
v 0.01370911 0.01558806 0.06115522
v 0.01405048 0.01600671 0.07433941
v 0.01353710 0.00082261 0.04381044
v 0.01257343 0.00138154 0.10223128
v 0.01354044 0.01772266 0.09069050
v 0.01408049 0.01743351 0.04661563
v 0.01394083 0.02097033 0.07356858
v 0.01408049 0.01554486 0.04659948
v 0.01410179 0.02016705 0.05942701
v 0.01294775 0.01517260 0.04703863
v 0.01433876 0.01649726 0.09439687
v 0.01432262 0.01838591 0.09439687
v 0.01465539 0.01434145 -0.04007268
v 0.01626491 0.01644084 0.03439910
v 0.01441414 0.01832822 0.02830645
v 0.01393931 0.02420289 0.08886531
v 0.01477091 0.01532123 -0.01671002
v 0.01253879 0.01692361 0.08867631
v 0.01557159 0.01683974 0.10166842
v 0.01784940 0.03196642 0.04112599
v 0.01482661 0.00190095 -0.04010300
v 0.01499104 0.01431916 -0.02881521
v 0.01563195 0.02781436 0.09188733
v 0.01512290 0.01932159 0.10048506
v 0.01497014 0.01463302 -0.05046671
v 0.01479744 0.02664418 -0.04084596
v 0.01765500 0.00305617 0.11570197
v 0.01521615 0.01954899 -0.02079973
v 0.01560861 0.00190504 -0.02893371
v 0.01534247 0.01408763 -0.02606111
v 0.01530730 0.01604527 0.04167607
v 0.01583854 0.02035417 0.04787168
v 0.02059638 0.00139069 0.11335803
v 0.01491585 0.00125070 -0.04994543
v 0.01556536 0.01397029 -0.02777776
v 0.01520827 0.02678788 -0.05080219
v 0.01511329 0.02589510 -0.02438023
v 0.01522982 0.02600316 0.06693145
v 0.01603159 0.01720282 0.08958794
v 0.01627109 0.02065004 0.09088875
v 0.01624178 0.00127774 -0.06117409
v 0.01492063 0.01531812 0.04956164
v 0.01593874 0.03622748 -0.03516182
v 0.01591697 0.02569363 -0.01625008
v 0.01601756 0.01694924 0.09927185
v 0.01600142 0.01883789 0.09927185
v 0.01633337 0.00121673 -0.02784335
v 0.01530730 0.01793392 0.04169223
v 0.01597499 0.01800900 -0.00464766
v 0.01610445 0.02422820 -0.00414130
v 0.01637017 0.01206630 -0.00289123
v 0.01603173 0.04511480 -0.03517398
v 0.01750175 0.01446474 0.01634107
v 0.01747013 0.02022247 0.01620070
v 0.01573516 0.02699029 0.07553781
v 0.01705011 0.04891548 -0.04908417
v 0.01656640 0.01665868 0.03684953
v 0.01622653 0.01916068 0.03327869
v 0.01574536 0.02081816 0.09881201
v 0.01691487 0.02489207 0.09857528
v 0.01790351 0.02653386 0.09153122
v 0.01674397 0.03911264 -0.03499991
v 0.01529075 0.01870832 0.03815211
v 0.01688925 0.04358406 -0.03516132
v 0.01728664 0.00967449 0.01438978
v 0.01839725 0.02651897 0.04385537
v 0.01650770 0.01646306 -0.06123907
v 0.01678930 0.03934871 -0.03587146
v 0.01700526 0.04222043 -0.02025382
v 0.01719595 0.03478650 -0.03517747
v 0.01710056 0.00737485 0.01713766
v 0.01764815 0.02044358 0.01638852
v 0.01709015 0.03413949 -0.02255924
v 0.01724433 0.03751813 -0.01685651
v 0.01673520 0.02547704 0.03632046
v 0.01946677 0.03724247 0.05065485
v 0.01745423 0.04812005 -0.03504833
v 0.01642881 0.01778699 0.03208846
v 0.01692936 0.00522176 0.01728362
v 0.01852018 0.00085042 -0.02730347
v 0.01922222 0.01875146 0.02636120
v 0.01625058 0.01758026 0.09716527
v 0.01656640 0.01854733 0.03686567
v 0.01777617 0.04871645 -0.04351299
v 0.01772865 0.01925759 0.03220055
v 0.01774479 0.01736894 0.03220055
v 0.01797293 0.04775787 -0.00629374
v 0.02220215 0.00353390 0.12436211
v 0.01539805 0.02619079 -0.02576575
v 0.01944757 0.03098743 0.04936767
v 0.01826285 0.02910543 -0.02054547
v 0.01518968 0.00302744 0.02741511
v 0.01521106 0.01917827 0.09809708
v 0.02650322 -0.00049136 0.05888867
v 0.01813467 0.02815833 -0.02907317
v 0.01511347 0.01636894 0.09775082
v 0.01808378 0.01932216 0.10417911
v 0.01809992 0.01743351 0.10417911
v 0.01986082 0.02259921 0.03257464
v 0.01806404 0.02777304 -0.03498173
v 0.02258199 -0.00091614 0.07776951
v 0.01727905 0.03570247 -0.04220653
v 0.01893741 0.03324939 0.02955852
v 0.01827898 0.02308283 0.02832698
v 0.01905221 0.00191453 -0.07138618
v 0.01832592 0.03068635 -0.03527432
v 0.01790271 0.02572837 -0.02965850
v 0.02003064 0.04305428 -0.06647957
v 0.01862416 0.02531272 -0.02637087
v 0.01840662 0.05273675 -0.03511290
v 0.01652162 0.03204716 0.08964566
v 0.01826441 0.03125036 -0.04054717
v 0.01631067 0.04128372 -0.04728961
v 0.01853612 0.02720314 -0.02532996
v 0.01754725 0.04135346 -0.04791028
v 0.02032293 0.02254440 0.01649739
v 0.01852683 0.02885491 -0.04272509
v 0.02052451 0.02634594 -0.05902419
v 0.01876175 0.02000014 0.02790669
v 0.01860243 0.02810714 -0.02681857
v 0.01877790 0.01811149 0.02789055
v 0.01732703 0.03181582 0.08939078
v 0.01926103 0.03012009 0.02130271
v 0.01866175 0.03089030 0.09994936
v 0.01891339 0.02744497 -0.01596507
v 0.01892497 0.02497982 -0.01630289
v 0.01883733 0.02541337 -0.02881530
v 0.01940414 0.02807842 -0.02250658
v 0.02025840 0.03459893 0.09242822
v 0.01861225 0.05123055 -0.04901593
v 0.01587855 0.02514685 0.09807805
v 0.01908460 0.05527109 -0.03504833
v 0.01833647 0.05636255 -0.03515185
v 0.01711770 0.03498502 -0.04729947
v 0.01924603 0.02779688 -0.03099661
v 0.02031175 0.01737776 0.02413193
v 0.01924603 0.02592437 -0.03101275
v 0.01926216 0.02584366 -0.02904339
v 0.01926216 0.02773231 -0.02902725
v 0.01737575 0.03502872 0.07588738
v 0.01913896 0.03803017 -0.02067021
v 0.01939131 0.02602122 -0.03404751
v 0.01816969 0.02859916 -0.03548562
v 0.01937799 0.02779156 -0.02758111
v 0.01894168 0.02541003 -0.00442309
v 0.01974644 0.02765160 -0.02589564
v 0.01942427 0.02580759 -0.02760536
v 0.01939131 0.02790987 -0.03403136
v 0.01720644 0.01682588 0.03399350
v 0.02154710 0.02075254 0.11435314
v 0.01980346 0.02096372 0.01685087
v 0.02010157 0.02502040 -0.01370820
v 0.01519774 0.01379438 -0.01733266
v 0.01892707 0.05078433 0.00207378
v 0.02220761 0.01780796 0.11444038
v 0.01971959 0.04505637 -0.01978730
v 0.01963344 0.02069426 0.02414553
v 0.01962513 0.03721277 -0.01286365
v 0.01964958 0.01880561 0.02412939
v 0.01975190 0.02566872 -0.02591207
v 0.01979025 0.03184496 -0.02069886
v 0.01966573 0.02616650 -0.03801852
v 0.01966573 0.02803901 -0.03801852
v 0.02379916 0.02764452 0.11632102
v 0.02000578 0.03903259 0.02452737
v 0.01967906 0.03595326 -0.01790000
v 0.01957761 0.03977828 -0.03666301
v 0.02198216 0.02005494 0.12447102
v 0.01987558 0.02761931 -0.02442669
v 0.01966163 0.02849478 -0.05299992
v 0.01997030 0.02228982 0.01642187
v 0.02104858 0.02206284 0.01729854
v 0.02005314 0.02532710 -0.01703351
v 0.01987558 0.02573066 -0.02442669
v 0.01997833 0.01982046 0.01683553
v 0.01954536 0.02307404 -0.00239040
v 0.01943902 0.02644393 -0.00535256
v 0.02009704 0.02738249 -0.03786809
v 0.02000471 0.02742560 -0.01995527
v 0.01995629 0.02566609 -0.02242504
v 0.01995629 0.02755474 -0.02242504
v 0.02017377 0.04364324 -0.01137800
v 0.01998857 0.05807985 -0.03537118
v 0.01756101 0.00054206 -0.04492170
v 0.02000471 0.02553695 -0.01995527
v 0.01983046 0.04133283 0.01417919
v 0.02008546 0.03610409 -0.04104621
v 0.02005314 0.02631179 -0.04269978
v 0.02005314 0.02721575 -0.01703351
v 0.02005314 0.02818429 -0.04268365
v 0.02039413 0.02244267 0.01660854
v 0.02008542 0.02742560 -0.03562945
v 0.02034161 0.01961670 0.01694826
v 0.02010157 0.02690905 -0.01369205
v 0.02172182 0.04835568 -0.07148713
v 0.01962218 0.05148768 0.01559322
v 0.02055802 0.04738540 -0.01391755
v 0.02018228 0.02461684 -0.01002774
v 0.02018228 0.02650549 -0.01001161
v 0.02056211 0.04210020 -0.04818544
v 0.02027913 0.02598894 -0.00605674
v 0.02183408 0.05669074 -0.06412259
v 0.02024812 0.04607566 -0.06194457
v 0.02031142 0.01937059 0.02112691
v 0.02031142 0.02125924 0.02114306
v 0.02261977 0.01856347 0.11381607
v 0.02031548 0.02905241 -0.05273317
v 0.02034371 0.01985486 0.10905409
v 0.02027913 0.02410029 -0.00605674
v 0.02035984 0.01796621 0.10905409
v 0.02201010 0.03260201 0.09207506
v 0.02040827 0.02535939 -0.00187588
v 0.02042442 0.02347074 -0.00189202
v 0.02052127 0.02645706 -0.04783304
v 0.02052127 0.02834572 -0.04783304
v 0.02014903 0.02592547 -0.00303086
v 0.02058583 0.02274433 0.00238569
v 0.02058583 0.02463298 0.00240184
v 0.01955311 0.01783945 -0.07200556
v 0.02024483 0.05835164 -0.03654275
v 0.02078784 0.03230714 0.03878667
v 0.02108231 0.01994045 0.01719644
v 0.02023357 0.05398332 -0.05422789
v 0.02104205 0.02738677 0.02832332
v 0.02074726 0.01975801 0.01894771
v 0.02074726 0.02164666 0.01896384
v 0.02065306 0.04722186 -0.00654166
v 0.02076340 0.02200179 0.00653426
v 0.02076340 0.02389044 0.00655041
v 0.02067841 0.02787561 -0.02259911
v 0.02092580 0.03645236 0.09017869
v 0.01957619 0.02729244 -0.07185087
v 0.02039736 0.03065251 -0.02031681
v 0.02058324 0.04820642 -0.04280268
v 0.02138207 0.02477226 -0.01179182
v 0.02092483 0.02129153 0.01026314
v 0.02092483 0.02318018 0.01027928
v 0.02092483 0.02493969 -0.03592002
v 0.02094097 0.02484283 -0.03772795
v 0.02176004 0.05257331 0.01289275
v 0.02071741 0.04963381 -0.00859809
v 0.02103782 0.02261520 0.01333018
v 0.02099085 0.03236731 -0.04022029
v 0.02150832 0.01736708 0.02753954
v 0.02108625 0.02033913 0.01552553
v 0.02105396 0.02660235 -0.05322457
v 0.02107011 0.02849100 -0.05320843
v 0.02103782 0.02072654 0.01331404
v 0.02107011 0.02222778 0.01552553
v 0.02133715 0.04848859 0.03968227
v 0.02107011 0.06108232 -0.03577474
v 0.02107506 0.05321689 0.02576131
v 0.01926200 0.00060754 -0.06861597
v 0.02282764 0.03673136 -0.07064989
v 0.02202584 0.02660919 0.02013045
v 0.02364702 0.06735176 -0.02182536
v 0.02722681 0.00135045 0.03566448
v 0.01927783 0.00715620 0.01598843
v 0.01864438 0.05570546 -0.04864055
v 0.02222991 0.03631229 0.05402044
v 0.02374259 0.07037270 -0.04036016
v 0.02361026 0.06060427 0.01560701
v 0.02056603 0.06220383 -0.03598454
v 0.02146157 0.02862415 -0.06491887
v 0.02147367 0.02495583 -0.04278050
v 0.01941832 0.05343700 -0.01602288
v 0.02158666 0.02548853 -0.03583930
v 0.02129109 0.02367456 -0.02149413
v 0.02176423 0.02674763 -0.05872910
v 0.02176423 0.02862014 -0.05872910
v 0.02148736 0.03799024 -0.02115545
v 0.02179521 0.03287049 0.02281350
v 0.02325982 0.00491710 0.12780030
v 0.02290548 0.05764139 -0.03650358
v 0.02314339 0.02543667 -0.02133396
v 0.02190546 0.04484520 -0.02027767
v 0.01431553 0.01801528 0.10667562
v 0.02217840 0.05077884 0.01341314
v 0.02096884 0.02618306 -0.05769284
v 0.02757246 0.07347034 -0.06333164
v 0.02215164 0.02514954 -0.04791375
v 0.01991581 0.03317016 0.07694285
v 0.01940103 0.03051303 0.09968800
v 0.02224850 0.06411708 -0.03682399
v 0.02252668 0.02434925 0.01752591
v 0.02137320 0.04976211 -0.04944343
v 0.02247367 0.03953739 -0.00084223
v 0.02154050 0.04996636 0.00102674
v 0.02256519 0.02912556 -0.03853699
v 0.02241393 0.03406905 -0.01345908
v 0.02258749 0.02045212 0.11383222
v 0.02273276 0.02687677 -0.06428206
v 0.02303349 0.05000617 0.02673578
v 0.02280130 0.02547465 -0.04271615
v 0.02275159 0.03016198 -0.02181200
v 0.02186376 0.01856850 0.01541309
v 0.02276331 0.06160829 0.00144477
v 0.02273276 0.02874927 -0.06426591
v 0.02295550 0.04858824 -0.01085781
v 0.02238768 0.02500871 -0.02488352
v 0.02258970 0.03323339 -0.07226084
v 0.02432958 0.04098021 0.07607276
v 0.02115456 0.02941658 -0.06028818
v 0.02282962 0.02537553 -0.05298244
v 0.02228299 0.03691319 0.02787824
v 0.02651664 0.03285821 0.11809726
v 0.02404392 0.03881791 -0.07834397
v 0.02309549 0.04891311 0.03163365
v 0.02278704 0.02739341 -0.07055804
v 0.02423903 0.04453788 0.05016060
v 0.02280109 0.04504378 -0.07188133
v 0.02348334 0.04540730 0.04267649
v 0.02348684 0.02265710 -0.01214362
v 0.02455186 0.02742169 -0.08347825
v 0.02262030 0.00116309 -0.07959670
v 0.01658355 0.02719377 -0.06061512
v 0.02347531 0.06711955 -0.03832522
v 0.02349146 0.02566609 -0.05801884
v 0.02437541 0.04987475 0.02405183
v 0.02554884 0.05316754 -0.07864286
v 0.02342423 0.02674199 -0.00886462
v 0.02380105 0.02384831 -0.02367335
v 0.02495011 0.02618397 -0.02466521
v 0.02408872 0.02698976 -0.06977044
v 0.02334622 0.02917854 -0.06783986
v 0.02185000 0.02096234 0.11319342
v 0.02159490 0.05082563 -0.01921123
v 0.02402976 0.02950046 -0.06896163
v 0.02408872 0.02886227 -0.06975430
v 0.02388623 0.01947792 0.01622160
v 0.02415329 0.02598894 -0.06307139
v 0.02652621 0.02686062 -0.07569467
v 0.02631056 0.03326589 -0.07017629
v 0.02429628 0.05217808 0.00861396
v 0.02503582 0.04533561 -0.06905347
v 0.02431580 0.06900161 -0.05401293
v 0.02461043 0.04458492 0.05138531
v 0.02371230 0.04059042 0.03801458
v 0.02573846 0.03856927 0.07444076
v 0.02400204 0.04241488 0.06025091
v 0.02565803 0.07444218 -0.02787598
v 0.02465370 0.07005745 -0.04071428
v 0.02466984 0.02109782 0.11846507
v 0.02468599 0.01920917 0.11846507
v 0.02468599 0.02619879 -0.06652584
v 0.02749419 0.04241576 0.05577677
v 0.02594635 0.02943635 -0.07829672
v 0.02674775 0.06211646 0.02914222
v 0.02242031 0.04577820 0.05182612
v 0.02484394 0.04963583 0.02733696
v 0.01766166 0.00862167 0.01358069
v 0.02297135 0.03713730 0.09008908
v 0.02625590 0.05147996 0.02977354
v 0.02629116 0.04652668 -0.08232309
v 0.02547891 0.02460980 -0.01354915
v 0.02654473 0.07556057 -0.03943570
v 0.02580800 0.03536191 0.11216211
v 0.02599962 0.04233980 0.04998748
v 0.02542129 0.02717104 -0.06719430
v 0.02623121 0.07978406 -0.00138611
v 0.02251365 0.02944760 -0.06779807
v 0.02539625 0.02647321 -0.07065827
v 0.02916202 0.07355612 -0.06435076
v 0.02538310 0.06676598 0.01316551
v 0.02602041 0.03898942 0.09282974
v 0.02365615 0.05325176 -0.07054245
v 0.02461222 0.05284485 -0.06188838
v 0.06049130 0.01574044 0.07994160
v 0.02381263 0.05205988 0.04472948
v 0.02406166 0.02639395 -0.07145515
v 0.02461179 0.02750517 -0.04301779
v 0.02541294 0.07535135 -0.01228744
v 0.02590991 0.03335938 0.11357865
v 0.02578367 0.07281778 -0.04434630
v 0.02516086 0.04183293 -0.07853576
v 0.02632938 0.06449373 -0.00477569
v 0.02591280 0.02708662 -0.07509740
v 0.02270134 0.04847144 0.02976044
v 0.02615251 0.06105274 0.00828118
v 0.02840348 0.02016890 0.12926603
v 0.02635132 0.08107596 -0.02774777
v 0.02452418 0.01654027 -0.08325111
v 0.02661984 0.03071157 -0.08074306
v 0.02815294 0.07037009 -0.06986368
v 0.02486860 0.05210452 0.03002072
v 0.02492017 0.05834481 -0.07302431
v 0.02635270 0.09553703 -0.01484721
v 0.01975374 0.00481431 0.01634042
v 0.02689214 0.05217821 -0.07122448
v 0.02689035 0.03012002 -0.07842371
v 0.02628310 0.07168861 -0.05189891
v 0.02671788 0.10284746 -0.03753031
v 0.02748136 0.04841100 0.03908070
v 0.02602181 0.09700420 -0.02414081
v 0.03047743 0.02077204 0.13156240
v 0.02865700 0.02248606 0.12735948
v 0.02665535 0.02179194 0.12296876
v 0.02667149 0.01990329 0.12296876
v 0.02794988 0.06837838 0.02277873
v 0.02686520 0.07528756 -0.04834960
v 0.02575557 0.02786766 -0.07866896
v 0.02869888 0.08342313 -0.04811011
v 0.02747726 0.06934401 -0.04005591
v 0.02763743 0.06989578 -0.02350539
v 0.02865141 0.00641864 0.13733519
v 0.02755877 0.02866277 -0.06692867
v 0.02696373 0.02136410 0.12726904
v 0.02519656 0.03652698 0.10105992
v 0.03088024 0.03742920 0.11581131
v 0.02559486 0.02104115 0.13127865
v 0.02917543 0.03991898 -0.08706737
v 0.02793571 0.10442303 -0.04696929
v 0.02628057 0.02644744 -0.07823347
v 0.02769870 0.07920123 -0.05527323
v 0.02718219 0.09303735 -0.00654878
v 0.02670484 0.05229302 -0.07867205
v 0.03074859 0.07207489 -0.07136126
v 0.02793059 0.07751520 -0.05236903
v 0.03058098 0.02395185 0.13376202
v 0.02825841 0.11969858 -0.03324757
v 0.03073500 0.06908814 -0.06371532
v 0.02591280 0.02897526 -0.07509740
v 0.02772882 0.14871005 -0.04522118
v 0.02797220 0.14727937 -0.05288327
v 0.02985006 0.02793838 -0.08192929
v 0.02815658 0.02718347 -0.08016609
v 0.02815658 0.02907212 -0.08016609
v 0.02812167 0.15645084 -0.05405900
v 0.02794054 0.11688602 -0.04574062
v 0.02823729 0.02724804 -0.08061808
v 0.02816229 0.04423595 -0.07750573
v 0.02895307 0.03287575 -0.07746127
v 0.02873403 0.08598418 0.00609673
v 0.02747588 0.03675051 0.09239390
v 0.03010191 0.04056535 0.09703045
v 0.03212988 0.05186964 0.05444363
v 0.02867313 0.02061355 0.12735948
v 0.03069383 0.03148988 -0.08769954
v 0.02881215 0.07937071 -0.02022681
v 0.02982537 0.02130436 0.12843072
v 0.02876694 0.13353715 -0.04256071
v 0.02873176 0.13202097 -0.04926730
v 0.02811539 0.15671955 -0.04443871
v 0.02839466 0.07547555 -0.00567622
v 0.02905819 0.14892143 -0.06065117
v 0.02763528 0.10916954 -0.02301248
v 0.02750647 0.00122673 -0.08866990
v 0.02895210 0.09459771 -0.02279720
v 0.02897984 0.07951685 -0.05604948
v 0.02677525 0.02777590 0.12093166
v 0.02963063 0.13037628 -0.03285664
v 0.02846797 0.15087599 -0.03710328
v 0.02869269 0.06554715 0.01612771
v 0.02925571 0.13096390 -0.05479563
v 0.02915082 0.07113641 -0.05136033
v 0.02866108 0.05369047 0.05521834
v 0.03014260 0.08111658 0.01530646
v 0.02976479 0.11189946 -0.05630249
v 0.03016676 0.15723034 -0.03262664
v 0.03015218 0.08345714 -0.03564619
v 0.02898299 0.07488333 0.00393132
v 0.02726798 0.05252465 0.04299109
v 0.02894405 0.04155758 -0.08496785
v 0.03023697 0.13830462 -0.03126116
v 0.02785812 0.07999476 0.00842347
v 0.03092343 0.08419183 -0.06493070
v 0.03104503 0.02864493 -0.08819413
v 0.02995409 0.09274616 -0.00778105
v 0.02723328 0.05795723 0.02592840
v 0.02984924 0.10621260 -0.02714665
v 0.03025801 0.13170161 -0.06060451
v 0.03138251 0.02703112 -0.08823554
v 0.02860571 0.08453777 0.00044715
v 0.03100154 0.06575720 0.02602037
v 0.02964587 0.09966951 -0.03618490
v 0.02951563 0.07594251 -0.03602885
v 0.01745693 0.01377913 -0.02722065
v 0.03327847 0.04601934 0.07574126
v 0.03106409 0.15595825 -0.06643451
v 0.03382145 0.08386545 -0.07398447
v 0.03018855 0.03025358 -0.08460173
v 0.03172934 0.02913084 -0.08039928
v 0.03040470 0.08319855 0.00008903
v 0.03000594 0.02361692 0.13101247
v 0.03205782 0.04505690 0.06271383
v 0.02690953 0.04091555 0.09052462
v 0.03686563 0.00065967 -0.02752901
v 0.03100446 0.06172670 0.03463139
v 0.02922327 0.05160094 -0.07726126
v 0.03077537 0.06453660 0.03880449
v 0.03039405 0.11299630 -0.03984862
v 0.03101464 0.06867182 0.02952176
v 0.02813724 0.03913589 0.10171242
v 0.03412596 0.07334126 -0.07023425
v 0.03073935 0.02916897 -0.08483122
v 0.03062636 0.02758703 -0.08525092
v 0.03072321 0.02726418 -0.08484736
v 0.03030934 0.05131652 -0.08485231
v 0.03067479 0.08222875 -0.06144101
v 0.02998831 0.07438235 0.01887235
v 0.03080392 0.02319632 0.13165332
v 0.03065791 0.06025956 0.03619313
v 0.03082006 0.02130767 0.13165332
v 0.03126727 0.14872790 -0.02614055
v 0.03073002 0.14848438 -0.04858001
v 0.03216719 0.07413143 0.02827064
v 0.03085069 0.15650188 -0.05419298
v 0.02949682 0.04524217 0.07002962
v 0.03292350 0.10293893 -0.06375369
v 0.03078846 0.12030214 -0.02061927
v 0.03088631 0.10956288 -0.04738481
v 0.03354352 0.04042290 0.10808858
v 0.03173984 0.08924889 -0.04638549
v 0.03273666 0.09688120 0.00543915
v 0.03165908 0.12248726 -0.03502207
v 0.03181505 0.04162078 0.07734025
v 0.03103352 0.14900692 -0.04070920
v 0.03232937 0.09011934 0.00135372
v 0.03292549 0.04185017 0.09326914
v 0.03003324 0.08746930 -0.05428749
v 0.03135058 0.14812630 -0.05644785
v 0.03159489 0.08347171 -0.06384622
v 0.03209793 0.12669126 -0.06547997
v 0.02942930 0.09853584 -0.01792723
v 0.03265273 0.11689819 -0.01234377
v 0.03149728 0.08141401 0.01285087
v 0.03167092 0.09318040 -0.00905345
v 0.03172101 0.13262515 -0.04869592
v 0.03213256 0.06035222 0.03364266
v 0.03277472 0.15464923 -0.02386064
v 0.03180383 0.00065256 -0.09464865
v 0.03168630 0.04391306 -0.08337983
v 0.03195692 0.02774315 -0.09522026
v 0.03324685 0.13733952 -0.02055346
v 0.03137782 0.15680308 -0.03978142
v 0.03303184 0.08229920 0.01296367
v 0.03195446 0.13621923 -0.03916481
v 0.03457526 0.03957508 0.09253936
v 0.03673998 0.03590117 0.13553994
v 0.03163030 0.06579146 0.03307575
v 0.03174154 0.07256378 0.01851152
v 0.03182676 0.08207739 -0.05001737
v 0.03242713 0.14996965 -0.03282733
v 0.03253554 0.12986891 -0.05656483
v 0.03117162 0.02194265 0.13528536
v 0.03149109 0.07164800 -0.07695011
v 0.03261971 0.11195118 -0.05538757
v 0.03074357 0.03989468 0.09701026
v 0.03215434 0.03285333 -0.08318116
v 0.03131562 0.08561625 0.00457799
v 0.03342717 0.15604308 -0.06443034
v 0.03168276 0.10352376 -0.01514890
v 0.03274100 0.08545722 -0.06654198
v 0.03169389 0.05350708 0.04087317
v 0.03285978 0.06191524 0.03923109
v 0.02866672 0.02099237 0.12812745
v 0.03192440 0.02994947 -0.08834490
v 0.03327733 0.06426539 0.03200263
v 0.03096239 0.02870222 0.13139326
v 0.03316070 0.02387429 0.13583419
v 0.03255661 0.14720057 -0.06154644
v 0.03317684 0.02198564 0.13583419
v 0.03573378 0.11467448 -0.00393907
v 0.03509722 0.15540352 -0.07386914
v 0.03446732 0.08217651 -0.07303015
v 0.03009791 0.05392198 -0.08553907
v 0.03087497 0.09214977 -0.05703820
v 0.03494819 0.02666885 -0.09133103
v 0.03200188 0.02255346 0.14160972
v 0.02970039 0.07870468 0.00721536
v 0.03356425 0.02926583 -0.08899593
v 0.03356425 0.02736104 -0.08899593
v 0.03323301 0.02236362 0.13497089
v 0.03420410 0.08676199 0.01809110
v 0.03144642 0.04209033 0.09025354
v 0.03367725 0.02784531 -0.08948021
v 0.03699770 0.03113075 0.14057286
v 0.03374182 0.08684545 -0.06867276
v 0.03267662 0.05124020 -0.08297147
v 0.03330431 0.12283418 -0.02452788
v 0.03407826 0.09443162 -0.05720229
v 0.03641553 0.04219983 0.09806089
v 0.03388548 0.09256743 -0.00975357
v 0.03436135 0.06726821 0.03537474
v 0.03575388 0.07479362 0.03481304
v 0.03318657 0.08760060 -0.06979088
v 0.03600395 0.07273295 -0.08111404
v 0.03340370 0.13504161 -0.03106939
v 0.03539053 0.08189270 0.01847760
v 0.02787952 0.03769449 0.11065802
v 0.03408551 0.09879844 -0.00651543
v 0.03549725 0.02843039 -0.09052695
v 0.03401055 0.03041985 0.13428677
v 0.03583696 0.05031999 0.05630164
v 0.03360440 0.06643200 0.04252925
v 0.03270534 0.10782491 -0.01308130
v 0.03445208 0.08842740 -0.06999643
v 0.03384319 0.13774635 -0.07019911
v 0.03438496 0.14683322 -0.06635816
v 0.03373411 0.03535818 0.12817283
v 0.03281448 0.05696861 0.04524173
v 0.03765130 0.04453489 0.09067247
v 0.03613313 0.02480977 0.14283099
v 0.03395624 0.04421940 -0.09056665
v 0.03551788 0.09408654 -0.00472794
v 0.03477409 0.08508529 -0.06229742
v 0.03736555 0.08553649 -0.08000108
v 0.03395813 0.03912835 0.11440224
v 0.03492021 0.08960579 -0.07069056
v 0.03641660 0.02294893 0.14318169
v 0.03378542 0.12429431 -0.02222626
v 0.03484039 0.15003335 -0.02538590
v 0.02903525 0.02776605 -0.09111312
v 0.03253019 0.06779016 0.02690544
v 0.03328035 0.04576401 -0.09127818
v 0.03776057 0.03481879 -0.09513179
v 0.03485817 0.12349233 -0.06384797
v 0.03682012 0.02567990 0.14223796
v 0.03206477 0.04856674 0.06389745
v 0.03395459 0.10216863 -0.01582714
v 0.03580774 0.14707371 -0.01547294
v 0.03617375 0.13732523 -0.02109566
v 0.03533991 0.09071961 -0.07125553
v 0.03694838 0.13131870 -0.00953106
v 0.03658016 0.06809175 0.03785008
v 0.03541131 0.02782605 -0.09889310
v 0.03538001 0.00128542 -0.09864623
v 0.03716618 0.15551377 -0.07198865
v 0.03572733 0.02263134 0.13980520
v 0.03571118 0.02451999 0.13980520
v 0.03577491 0.02596822 0.14053430
v 0.03569675 0.02755216 -0.09373423
v 0.03943762 0.02360513 0.14505200
v 0.03678291 0.15543984 -0.01578021
v 0.03523802 0.07318298 -0.08214363
v 0.03991928 0.03936115 0.13072106
v 0.03495174 0.15723546 -0.02783901
v 0.03636928 0.09625149 -0.07416926
v 0.03495255 0.09489506 -0.06814211
v 0.03614703 0.09294725 -0.07232093
v 0.03754168 0.05886014 0.05638128
v 0.03608915 0.04298394 -0.08850799
v 0.03662837 0.10346177 -0.06430789
v 0.03457818 0.00815257 0.14563150
v 0.03809464 0.04671218 0.08018713
v 0.03647399 0.05725546 0.04395594
v 0.03820704 0.02991630 -0.09419703
v 0.03658287 0.02745789 -0.09254725
v 0.03658287 0.02936268 -0.09254725
v 0.04012466 0.11012727 -0.00676023
v 0.03616172 0.14374443 -0.02397910
v 0.03737384 0.02800673 -0.09327365
v 0.03736634 0.02915448 -0.08840233
v 0.03595498 0.04420047 0.07493366
v 0.03952200 0.08205365 -0.07659796
v 0.03684115 0.09515875 -0.07317647
v 0.03853852 0.07139985 -0.08703423
v 0.03465749 0.06346604 0.05006347
v 0.03840146 0.12697743 -0.07075491
v 0.03762609 0.15130461 -0.01941345
v 0.04714449 0.00050325 -0.10181622
v 0.06873278 0.01933094 0.02262663
v 0.03668184 0.12665493 -0.02323478
v 0.03650982 0.06340608 0.04531156
v 0.03558575 0.05449966 -0.08956493
v 0.03583141 0.06811665 -0.07797121
v 0.03742165 0.15063064 -0.02415253
v 0.03770011 0.09447170 0.00633826
v 0.03743841 0.09740253 -0.07385445
v 0.03763425 0.08659837 0.01461440
v 0.04045846 0.04035501 0.13190542
v 0.03792268 0.09974316 -0.07437100
v 0.03953347 0.03533368 0.13839847
v 0.03717262 0.05144568 -0.08795575
v 0.04004823 0.15507618 -0.07920736
v 0.03876045 0.10977291 -0.07654256
v 0.03838799 0.12512912 -0.01109290
v 0.04016782 0.10881524 -0.07115184
v 0.03693874 0.02905737 0.13990031
v 0.03789275 0.07112937 0.04455438
v 0.03917577 0.13754008 -0.01342934
v 0.03739726 0.11040837 -0.07234447
v 0.03839081 0.02511725 0.14342107
v 0.03835852 0.10219679 -0.07480685
v 0.03840695 0.02322860 0.14340493
v 0.03884674 0.07214457 0.04454047
v 0.03827864 0.07110364 0.04371271
v 0.03909621 0.10911339 -0.00290574
v 0.03896510 0.07127101 0.04611313
v 0.03891820 0.15816348 -0.01944326
v 0.03891546 0.06977762 0.04609770
v 0.03675623 0.10256509 0.00059415
v 0.03917983 0.07327873 0.04340762
v 0.03589979 0.15875734 -0.01949843
v 0.03905064 0.07319852 0.04647955
v 0.03876208 0.10482799 -0.07521041
v 0.03814925 0.07107824 0.03509984
v 0.03826314 0.07213814 0.04487785
v 0.03700424 0.06211540 0.05729856
v 0.03923688 0.07238630 0.04293828
v 0.03953577 0.07738411 0.02297125
v 0.03862043 0.07038262 0.04664555
v 0.03883808 0.08856231 0.00901319
v 0.03954964 0.09653349 -0.07682027
v 0.03769733 0.02943731 -0.09565167
v 0.04254839 0.03812042 0.14020152
v 0.03914950 0.10771747 -0.07564624
v 0.03973714 0.07605038 0.03270514
v 0.03966490 0.06218291 0.04773517
v 0.04078980 0.00964243 0.15212064
v 0.04075035 0.13925018 -0.00491842
v 0.04006584 0.09887436 -0.08016544
v 0.03932852 0.02693002 -0.09643610
v 0.04109390 0.03035317 -0.09697905
v 0.03926098 0.07091870 0.04517415
v 0.03810689 0.02376528 0.14920381
v 0.03985831 0.07006077 0.04577408
v 0.03934196 0.07073197 0.04410302
v 0.03968129 0.14299378 -0.07834088
v 0.03981188 0.00120058 -0.10172575
v 0.03952077 0.11081678 -0.07609823
v 0.03950931 0.02788822 -0.10174785
v 0.03986507 0.07089171 0.04764892
v 0.03900292 0.12498021 -0.01107675
v 0.03896754 0.15409294 -0.02243022
v 0.03870466 0.07055114 0.04388208
v 0.03983347 0.09746269 0.00205254
v 0.03840330 0.11622687 -0.00633491
v 0.03957187 0.11964885 -0.07805205
v 0.04070041 0.04168511 0.10554512
v 0.03813466 0.02295717 0.14555485
v 0.03990857 0.07317683 0.04449865
v 0.03884754 0.14721560 -0.02560462
v 0.03882881 0.08502747 0.02722428
v 0.03984362 0.11407753 -0.07655022
v 0.04083287 0.06976801 0.04362106
v 0.03989204 0.02755474 -0.09548515
v 0.03989204 0.02945954 -0.09546901
v 0.03895253 0.09296086 -0.07066021
v 0.03972632 0.04141240 -0.09534295
v 0.04086626 0.06951398 0.04404915
v 0.04127435 0.06932097 0.04488369
v 0.03989598 0.07153407 0.04554539
v 0.03991367 0.07141757 0.04677230
v 0.03954201 0.07201436 0.04467291
v 0.04067267 0.06928807 0.04403258
v 0.04070116 0.02839539 -0.09471158
v 0.03977615 0.13380267 -0.07979220
v 0.03967527 0.05440388 0.06082986
v 0.04069866 0.06999583 0.04303429
v 0.04025894 0.07113726 0.04449981
v 0.04053090 0.07206588 0.04676856
v 0.04063118 0.07324134 0.04746609
v 0.04006961 0.11745127 -0.07703449
v 0.04137972 0.06259571 0.04332872
v 0.04213485 0.15855753 -0.00927014
v 0.04021489 0.12088959 -0.07753490
v 0.03860376 0.07083406 0.04564553
v 0.04054005 0.05121488 -0.09478446
v 0.04029560 0.12440862 -0.07800302
v 0.04183476 0.02472263 0.14958208
v 0.04031175 0.12799222 -0.07842273
v 0.04059682 0.15097620 -0.00630325
v 0.04019978 0.15567257 -0.01039151
v 0.04036017 0.13160809 -0.07881014
v 0.04088164 0.07005809 0.04326418
v 0.04180815 0.02669793 0.14852666
v 0.03930457 0.07310512 0.04537968
v 0.04147621 0.07061878 0.04274958
v 0.04086939 0.07245329 0.04369952
v 0.04044088 0.13517555 -0.07919756
v 0.04056353 0.15568844 -0.00601034
v 0.04074913 0.06962459 0.04336606
v 0.03956974 0.07199693 0.04393785
v 0.04101017 0.06935173 0.04449880
v 0.04058243 0.15027723 -0.00441186
v 0.04119292 0.15304620 -0.02336255
v 0.04088389 0.15140081 -0.00465155
v 0.04019250 0.07081416 0.04640692
v 0.04095054 0.15352974 -0.01415844
v 0.04058617 0.06958932 0.04346788
v 0.04107098 0.07037978 0.04306600
v 0.04058617 0.13867842 -0.07956883
v 0.03994118 0.07180678 0.04339350
v 0.04158594 0.06940294 0.04515331
v 0.04069597 0.07394680 0.04450882
v 0.04173626 0.06373394 0.05509147
v 0.04067638 0.07277733 0.04600615
v 0.04031759 0.15345656 -0.00630503
v 0.04163091 0.07088389 0.04313979
v 0.04219495 0.06990811 0.04297693
v 0.04206447 0.07309446 -0.08354214
v 0.04076373 0.14218130 -0.07987553
v 0.04074142 0.14962910 -0.08132730
v 0.03974046 0.07363622 -0.08545583
v 0.04140748 0.07257644 0.04733586
v 0.04041604 0.07032407 0.04740464
v 0.04140822 0.06728085 0.05473728
v 0.04086058 0.06905663 0.04463013
v 0.04089745 0.07266862 0.04475500
v 0.04135235 0.15256958 -0.00403857
v 0.04094129 0.07042873 0.04274148
v 0.04097358 0.14573262 -0.08013381
v 0.04133571 0.14172415 -0.01267023
v 0.04191709 0.06962867 0.04526226
v 0.04097835 0.07355959 0.04360834
v 0.04193392 0.07099747 0.04339116
v 0.03943529 0.15524431 -0.07492699
v 0.04120257 0.14835528 -0.00262298
v 0.04111886 0.02379358 0.14653653
v 0.04235986 0.02648776 0.14792501
v 0.04033767 0.07115300 0.04301743
v 0.04044898 0.14981710 -0.00432059
v 0.04060537 0.06934731 0.04358741
v 0.04163542 0.02807130 -0.09640526
v 0.04110271 0.02568223 0.14653653
v 0.04122069 0.15474263 -0.08107366
v 0.04202797 0.15967242 -0.00760088
v 0.04136849 0.06901225 0.04490820
v 0.04118343 0.06900820 0.04513054
v 0.06956417 -0.00091110 0.07957093
v 0.04090088 0.05289229 0.05876995
v 0.03790006 0.05483419 -0.09321959
v 0.04086115 0.14864110 -0.00360342
v 0.04128372 0.12664647 0.00320782
v 0.04123186 0.14930006 -0.08032752
v 0.04112233 0.12711338 0.00206155
v 0.03167939 0.00467048 0.13364115
v 0.04161758 0.06916921 0.04546115
v 0.04129642 0.07081614 0.04269305
v 0.04132871 0.07067086 0.04301590
v 0.04015985 0.10191357 0.01223532
v 0.03686334 0.04141135 0.09797275
v 0.04143617 0.08151729 0.03552455
v 0.04141068 0.15032847 -0.00609289
v 0.04103751 0.07055627 0.04663056
v 0.04259795 0.08207943 0.03484950
v 0.04181620 0.15099927 -0.00348166
v 0.04206215 0.06945056 0.04562328
v 0.04144171 0.15204426 -0.08042437
v 0.04035919 0.12224756 -0.00013664
v 0.04161523 0.08279554 0.03361415
v 0.04195792 0.12242071 -0.01050388
v 0.04247868 0.07051798 0.04469281
v 0.04155470 0.15370691 -0.08044051
v 0.03855742 0.02654603 0.14266670
v 0.04160393 0.14003678 -0.00046205
v 0.04159126 0.07250645 0.04478019
v 0.04166761 0.08185002 0.03420957
v 0.04153334 0.15005544 -0.00385371
v 0.04206092 0.02903798 -0.09254049
v 0.04258183 0.06970118 0.04542093
v 0.04193439 0.15517320 -0.00686241
v 0.04171612 0.07110670 0.04283832
v 0.04188201 0.02386252 0.14639034
v 0.04220440 0.07094996 0.04379086
v 0.04223301 0.06989607 0.04525996
v 0.04093232 0.14840922 -0.00413149
v 0.04180520 0.15087077 -0.00507467
v 0.04077778 0.15145823 -0.00398827
v 0.04173220 0.12941428 0.00222262
v 0.04178658 0.07165324 0.04726693
v 0.04206898 0.07296382 0.04599908
v 0.04196020 0.15345842 -0.00560254
v 0.04245603 0.07118598 0.04369516
v 0.04181689 0.07162259 0.04606933
v 0.04199188 0.12752816 0.00121596
v 0.04151828 0.13960415 -0.00183871
v 0.04177924 0.08316142 0.03450122
v 0.04164642 0.12945818 0.00306832
v 0.04308301 0.07299676 0.04721303
v 0.04363517 0.09726929 -0.07780885
v 0.04180039 0.12696425 0.00365920
v 0.04208130 0.15037031 -0.00498186
v 0.04545715 0.04366196 0.09670066
v 0.04187276 0.05005704 -0.09239605
v 0.04239485 0.07078450 0.04424285
v 0.04143788 0.12704785 0.00336453
v 0.04167736 0.08273335 0.03425295
v 0.04342481 0.08341765 0.03421714
v 0.04242472 0.07021025 0.04505620
v 0.04222085 0.14999332 -0.00360759
v 0.04236097 0.04050381 0.11285401
v 0.04204005 0.07323665 0.04612776
v 0.04195336 0.08057096 0.03471797
v 0.04162707 0.15473949 -0.08047379
v 0.04174837 0.15789977 -0.00568153
v 0.04201563 0.12566293 0.00354308
v 0.04272581 0.14697228 -0.00261877
v 0.04208740 0.15464317 -0.08058579
v 0.04269555 0.07096049 0.04430181
v 0.04249609 0.13890232 -0.00260225
v 0.04211968 0.07125199 0.04317732
v 0.04211968 0.15052687 -0.00432951
v 0.04131379 0.04542439 0.07768043
v 0.04272527 0.07022365 0.04534263
v 0.04207125 0.14994576 -0.00423266
v 0.04154565 0.12762318 0.00409409
v 0.04215197 0.14942921 -0.00399052
v 0.04255466 0.15936775 -0.01414749
v 0.04167641 0.14914675 -0.00488928
v 0.04234567 0.15049460 -0.00403894
v 0.04242043 0.07105408 0.04358538
v 0.04209396 0.14954533 -0.00286094
v 0.04317149 0.14747816 -0.00297023
v 0.04226496 0.15109186 -0.00428108
v 0.04279365 0.08071976 0.03669349
v 0.04246439 0.14157882 -0.00007547
v 0.04227362 0.12569380 0.00268581
v 0.04183540 0.09075616 -0.08405682
v 0.04176179 0.12879813 0.00124207
v 0.04186903 0.13818769 0.00088291
v 0.04216570 0.08342186 0.03598934
v 0.04243809 0.12868136 0.00284558
v 0.04109825 0.07185979 0.04625823
v 0.04308873 0.09726946 -0.08148646
v 0.04185213 0.13819670 -0.00008410
v 0.04253938 0.15157612 -0.00407124
v 0.04090353 0.10973115 -0.07950433
v 0.04187044 0.14171914 -0.00137732
v 0.04300753 0.14877437 -0.00325031
v 0.04268891 0.15241514 -0.00451466
v 0.04222270 0.08312682 0.03477659
v 0.04234567 0.14907407 -0.00363539
v 0.04245867 0.15093044 -0.00400666
v 0.04247481 0.06981532 0.04559866
v 0.04286351 0.07174902 0.04127325
v 0.04284684 0.07950978 0.03356820
v 0.04263286 0.15855777 -0.00794232
v 0.04170701 0.04126313 0.11551170
v 0.04264167 0.14783896 -0.00393976
v 0.04291473 0.13908671 0.00048587
v 0.04257531 0.14838102 -0.00129914
v 0.04257886 0.12799258 0.00394500
v 0.04270864 0.09447893 0.02223587
v 0.04213559 0.13746543 -0.00069594
v 0.04246883 0.12588735 0.00510690
v 0.04294854 0.12781997 0.00192305
v 0.04272666 0.13744778 0.00192700
v 0.04314299 0.15126745 -0.00093011
v 0.04322759 0.12970078 0.00427882
v 0.04265238 0.15130170 -0.00386138
v 0.04254044 0.14142850 -0.00257355
v 0.04229936 0.09485793 0.02293027
v 0.04267579 0.15160859 -0.00271275
v 0.04290269 0.12736636 0.00460024
v 0.04249501 0.08124604 0.03719438
v 0.04286214 0.03742451 0.13979686
v 0.04487417 0.07062196 0.04053920
v 0.04258969 0.08213171 0.03648637
v 0.04363986 0.14373635 -0.00010076
v 0.04243934 0.14878649 -0.00519214
v 0.04236477 0.15110608 -0.00384604
v 0.04348791 0.15972252 -0.00926378
v 0.04282995 0.07063857 0.04488841
v 0.04244671 0.12794542 0.00219127
v 0.04343245 0.08491420 -0.08716008
v 0.04315878 0.13104307 0.00470860
v 0.04270839 0.14155922 -0.00054801
v 0.04352820 0.16043613 -0.00854941
v 0.04220049 0.08970885 0.02086121
v 0.04291066 0.15186669 -0.00369996
v 0.04314146 0.15810170 -0.00685960
v 0.04257855 0.08435985 0.03366013
v 0.04292680 0.12723352 0.00345109
v 0.04313714 0.14818155 -0.00254544
v 0.04275363 0.15012021 -0.00339783
v 0.04292680 0.15152771 -0.00358696
v 0.04294294 0.14891264 -0.00281213
v 0.04262009 0.14889651 -0.00321569
v 0.04284608 0.12775007 0.00316052
v 0.04295908 0.14973590 -0.00492678
v 0.04420618 0.09629514 0.02200267
v 0.04264000 0.12642154 0.00282217
v 0.04294294 0.12837963 0.00306367
v 0.04299137 0.15033317 -0.00502363
v 0.04252612 0.15124959 -0.00566249
v 0.04264693 0.10995437 0.01084195
v 0.04303979 0.14923549 -0.00468464
v 0.04056418 0.11265196 0.00509595
v 0.04326749 0.14076045 -0.01439252
v 0.04358128 0.14839335 -0.00115129
v 0.04308822 0.13909813 -0.00031007
v 0.04385432 0.15505585 -0.07827254
v 0.04293152 0.15300094 -0.00211793
v 0.04355633 0.12813699 0.00391286
v 0.04269040 0.13081122 0.00371976
v 0.04343255 0.14767590 -0.00348727
v 0.04357201 0.11096083 0.01134405
v 0.04534395 0.11380134 -0.08340503
v 0.04313665 0.15470773 -0.08115077
v 0.04347535 0.09687139 0.02225126
v 0.04294799 0.12765553 0.00363984
v 0.04309219 0.14101906 -0.00096076
v 0.04315279 0.15089815 -0.00499135
v 0.04421273 0.07403193 -0.08941644
v 0.04316893 0.14947762 -0.00266685
v 0.04315279 0.12687839 0.00385464
v 0.04331950 0.13865876 0.00041603
v 0.04268492 0.13943229 -0.00127533
v 0.04312011 0.15932548 -0.00643958
v 0.03556229 -0.00010695 0.09941567
v 0.04237511 0.12747272 0.00316211
v 0.04326579 0.14918706 -0.00245700
v 0.04425372 0.08014477 0.03381407
v 0.04281947 0.08245613 0.03364321
v 0.04316893 0.12904147 0.00316052
v 0.04316893 0.13859772 -0.00005180
v 0.04315279 0.13971153 -0.00035850
v 0.04276189 0.14184013 0.00099864
v 0.04323350 0.14886421 -0.00432951
v 0.04372002 0.15171586 -0.00083092
v 0.04286245 0.09628127 0.02408856
v 0.04346533 0.10860157 0.01132042
v 0.04328156 0.09487698 0.02385610
v 0.04331411 0.12720302 0.00393604
v 0.04313406 0.13919284 -0.00096868
v 0.04351246 0.14253501 -0.00191228
v 0.04325742 0.15176991 -0.00324799
v 0.04309482 0.10985652 0.01019987
v 0.04306669 0.15063180 -0.00185716
v 0.04385013 0.08079433 0.03428175
v 0.04334649 0.12886389 0.00341880
v 0.04373501 0.13947002 0.00047341
v 0.04159309 0.02707877 -0.09673589
v 0.04424123 0.08047812 0.03415330
v 0.04296742 0.08383925 0.03324698
v 0.04271770 0.13060585 0.00203892
v 0.06350316 0.01871377 0.11160323
v 0.04569325 0.09401292 0.01333125
v 0.04331290 0.13737064 0.00208528
v 0.04336264 0.14030879 -0.00024550
v 0.04348575 0.13742072 -0.00135113
v 0.04341107 0.14986504 -0.00248928
v 0.04359653 0.12744947 0.00479849
v 0.04347866 0.12897392 0.00233161
v 0.04339492 0.13824258 0.00031947
v 0.04342721 0.15136628 -0.00478149
v 0.04369955 0.14369708 0.00109495
v 0.04271298 0.08444295 0.03501769
v 0.04269276 0.12652018 0.00218168
v 0.04354020 0.13856543 0.00043247
v 0.04346902 0.07475241 0.04683821
v 0.04323759 0.13728871 -0.00006364
v 0.04347564 0.15151155 -0.00290899
v 0.04271642 0.11366979 -0.07919464
v 0.04349178 0.12959029 0.00338651
v 0.04376509 0.13632481 0.00180160
v 0.03936473 0.02271160 0.14560132
v 0.04377691 0.08178386 0.03656073
v 0.04236208 0.13832445 -0.00031822
v 0.04350792 0.14868665 -0.00390981
v 0.04278812 0.08136209 0.03481132
v 0.04347564 0.12671696 0.00432277
v 0.04386305 0.12992929 0.00374164
v 0.04365321 0.15183440 -0.00277985
v 0.04426292 0.08111030 0.03263789
v 0.04333310 0.09719651 0.02440784
v 0.04403039 0.13797972 0.00106538
v 0.04354020 0.14014738 0.00002892
v 0.04399969 0.15864384 -0.00818694
v 0.04421930 0.09351489 0.02140460
v 0.04355635 0.12707210 0.00429048
v 0.04358863 0.02955639 -0.09779350
v 0.04409508 0.14187643 0.00012211
v 0.04357249 0.14968747 -0.00223101
v 0.04357249 0.15034931 -0.00242472
v 0.04358863 0.02763545 -0.09780964
v 0.04446568 0.08033109 0.03458525
v 0.04350094 0.11010089 0.01170056
v 0.04358863 0.12928360 0.00361251
v 0.04415667 0.13094407 0.00558388
v 0.04409070 0.08071222 0.03371874
v 0.04409349 0.08101895 0.03336634
v 0.04296593 0.12703291 0.00294931
v 0.04396049 0.13677233 -0.07799707
v 0.04420100 0.14957581 -0.00171817
v 0.04379848 0.15031703 -0.00213416
v 0.04325383 0.12754087 0.00190407
v 0.04365321 0.14084149 -0.00000337
v 0.04365321 0.15125329 -0.00263457
v 0.04366934 0.15083358 -0.00247315
v 0.04526126 0.02383370 0.15041015
v 0.04425549 0.12730732 0.00683186
v 0.04299331 0.14964859 -0.00250135
v 0.04272763 0.03226735 0.14653529
v 0.04371777 0.12750794 0.00245026
v 0.04370163 0.13808115 0.00077146
v 0.04405676 0.13816187 0.00120730
v 0.04353589 0.13819740 -0.00129664
v 0.04400833 0.14118048 0.00036790
v 0.04376620 0.13843629 0.00075532
v 0.04358838 0.14103085 0.00099771
v 0.04438669 0.14060989 0.00333126
v 0.04383077 0.02429399 0.14905474
v 0.04421966 0.08134056 0.03312328
v 0.04316565 0.10222343 0.00596054
v 0.04412745 0.12948476 0.00453128
v 0.04376620 0.14055093 0.00022262
v 0.04345509 0.14245798 0.00107121
v 0.04342052 0.15141801 -0.00259019
v 0.04396663 0.15255026 -0.00426963
v 0.04381462 0.02618265 0.14907089
v 0.04475389 0.12705901 -0.00091213
v 0.04378234 0.15165684 -0.00441022
v 0.04367004 0.11178907 0.01152764
v 0.04379848 0.12699138 0.00274082
v 0.04379848 0.12815363 0.00236955
v 0.04392762 0.15096272 -0.00218258
v 0.04448924 0.14851300 -0.00242756
v 0.04381462 0.14871894 -0.00350625
v 0.04387920 0.15151155 -0.00240857
v 0.04363837 0.11206777 0.01067462
v 0.04383077 0.12713667 0.00462947
v 0.04311633 0.14776165 -0.00906821
v 0.04513978 0.15687656 -0.00426983
v 0.05823678 0.00191556 0.11830904
v 0.04384691 0.12678154 0.00475861
v 0.04458014 0.08150435 0.03253346
v 0.04334275 0.09594348 0.02547586
v 0.04409636 0.12876816 0.00551686
v 0.04387920 0.12955802 0.00387079
v 0.04336662 0.08233216 0.03701933
v 0.04346645 0.09601445 0.02301192
v 0.04378663 0.14077106 0.00062734
v 0.04340073 0.07983493 0.03498785
v 0.04387054 0.11163905 0.00997758
v 0.04397605 0.13892055 -0.00100420
v 0.04351308 0.08299250 0.03506247
v 0.04483706 0.12568435 0.00761424
v 0.04306190 0.12714858 0.00620047
v 0.04614173 0.13720383 0.00515164
v 0.04353704 0.13867407 0.00156333
v 0.04360675 0.12970768 0.00205261
v 0.04402447 0.12663626 0.00314438
v 0.04352355 0.13854257 -0.00132063
v 0.04402447 0.13851700 0.00107817
v 0.04402447 0.14082535 0.00049704
v 0.04404062 0.12879932 0.00245026
v 0.04404062 0.13951782 -0.00106876
v 0.04422670 0.08487109 0.03411858
v 0.04405676 0.13842014 -0.00076206
v 0.04407290 0.08027553 0.03339507
v 0.04407290 0.08067909 0.03291081
v 0.04554421 0.08186791 0.03285961
v 0.04392370 0.08164828 0.03794263
v 0.04345617 0.09328317 0.02424693
v 0.04374915 0.10820170 0.01248585
v 0.04412133 0.12739495 0.00488775
v 0.04372048 0.14048882 -0.00158309
v 0.04461163 0.15818224 -0.00867595
v 0.04387200 0.13059942 0.00317473
v 0.07780002 0.00063118 -0.02753994
v 0.04465298 0.04192124 0.13074604
v 0.04560284 0.07142047 0.03886828
v 0.04371239 0.09422102 0.02253003
v 0.04378073 0.11056330 0.00998846
v 0.04245728 0.14721168 -0.00158238
v 0.04415362 0.14897721 -0.00315112
v 0.04420626 0.09369583 0.02578856
v 0.04421125 0.09550396 0.02242493
v 0.04381367 0.12583904 0.00468925
v 0.04423855 0.14024687 0.00196028
v 0.04187743 0.03305077 0.14377127
v 0.04441801 0.09677971 0.02425284
v 0.04416975 0.12960645 0.00419363
v 0.04428275 0.13804888 -0.00037464
v 0.04390053 0.13879238 0.00126388
v 0.04418590 0.15175370 -0.00394209
v 0.04446472 0.09586375 0.02485007
v 0.04423433 0.12997771 0.00417749
v 0.04294045 0.12925062 0.00315368
v 0.04458946 0.15474002 -0.08187718
v 0.04381256 0.12567612 0.00345664
v 0.04425047 0.07995269 0.03394391
v 0.04545665 0.08070422 0.03517207
v 0.04401950 0.09517495 0.02191550
v 0.04321271 0.13007496 0.00145366
v 0.04425047 0.14013122 -0.00095577
v 0.04432807 0.15219723 -0.00217472
v 0.04354590 0.12943021 0.00386417
v 0.04426086 0.08121270 0.03285587
v 0.04475074 0.08188887 0.03310527
v 0.04481178 0.13048305 0.00296073
v 0.04429889 0.13879142 0.00135259
v 0.04429889 0.14090606 0.00080375
v 0.04491384 0.15868791 -0.01558727
v 0.04381204 0.09639800 0.02159707
v 0.04698129 0.08413192 0.03745401
v 0.04483774 0.08445917 0.03614458
v 0.04436346 0.14127733 0.00078760
v 0.04397975 0.07861810 0.03439498
v 0.04525552 0.09329167 0.02191891
v 0.04434732 0.12647483 0.00361251
v 0.04503065 0.07686096 0.03136608
v 0.04536887 0.09380948 0.02155527
v 0.04436346 0.12934816 0.00267626
v 0.04362274 0.14142656 -0.00153002
v 0.04437961 0.12778236 0.00504918
v 0.04441189 0.13851700 0.00156243
v 0.04425837 0.08328189 0.03665997
v 0.04478725 0.09414147 0.02446893
v 0.04420472 0.10871259 0.01351602
v 0.04478448 0.13747970 0.00175982
v 0.04512463 0.12655672 0.00564051
v 0.04401444 0.09720559 0.02598303
v 0.04399541 0.10954333 0.01256595
v 0.04411712 0.10988969 0.01098695
v 0.04421818 0.12710438 0.00509760
v 0.04444417 0.08164763 0.03303994
v 0.04306778 0.08301621 0.03587444
v 0.04441189 0.12946116 0.00453262
v 0.04446032 0.14947762 -0.00292513
v 0.04409547 0.10935315 0.01065149
v 0.04410836 0.16019481 -0.00776312
v 0.04368461 0.09453846 0.02310229
v 0.04365653 0.10888698 0.01001600
v 0.04479931 0.12936430 0.00501689
v 0.04474549 0.14158495 0.00290031
v 0.04476392 0.08895334 0.01344364
v 0.04291044 0.12697944 -0.08222712
v 0.04454103 0.13922726 0.00153015
v 0.04454103 0.14064779 -0.00069749
v 0.04454103 0.14080921 0.00112659
v 0.04419266 0.14186824 -0.00067686
v 0.04454103 0.15164070 -0.00347397
v 0.04455717 0.07977512 0.03450890
v 0.04350719 0.08410835 0.03498556
v 0.04545615 0.09309077 0.02233268
v 0.04455717 0.12825048 0.00509760
v 0.04503734 0.14984231 -0.00215959
v 0.04457331 0.12978401 0.00461333
v 0.04458945 0.13788745 0.00007734
v 0.04346579 0.08097550 0.03602294
v 0.04471199 0.12968685 0.00655730
v 0.04630319 0.15171564 -0.08417444
v 0.04511203 0.15952559 -0.00978305
v 0.04537379 0.08009319 0.03511740
v 0.04488002 0.12883161 0.00529131
v 0.04397034 0.08341945 0.03375943
v 0.04508976 0.08201866 0.03331450
v 0.04491271 0.09396363 0.02328664
v 0.04439993 0.12848538 0.00520641
v 0.04463788 0.12873476 0.00503303
v 0.04363186 0.08010808 0.03329673
v 0.04442957 0.08138248 0.03658640
v 0.04426816 0.12514680 0.00696537
v 0.04324937 0.08390953 0.03460287
v 0.04554621 0.13160051 0.00422491
v 0.04440688 0.13865538 0.00316652
v 0.04513730 0.08045549 0.03513469
v 0.04457331 0.12913831 0.00482318
v 0.04471859 0.13904970 0.00180457
v 0.04468631 0.15010718 -0.00282828
v 0.04451152 0.11768557 -0.00157652
v 0.04577632 0.10947403 0.00951672
v 0.04471859 0.12655554 0.00404835
v 0.04471859 0.14055093 0.00140101
v 0.04469031 0.02793498 -0.10390085
v 0.04542316 0.07996435 0.03519785
v 0.04435812 0.09357144 0.02373874
v 0.04511471 0.09332008 0.02120193
v 0.04455717 0.12760479 0.00532359
v 0.04473474 0.12970329 0.00303139
v 0.04357486 0.12945172 0.00159523
v 0.04329709 0.13662591 -0.00051382
v 0.04479175 0.00197585 -0.10376084
v 0.04543194 0.08200845 0.03287509
v 0.04493380 0.09341305 0.02544059
v 0.04650471 0.11470724 0.01271927
v 0.04375346 0.11080750 0.01213719
v 0.04490815 0.11257663 0.01061897
v 0.04471859 0.13971153 0.00162701
v 0.04468631 0.14113205 0.00122344
v 0.04476702 0.15130170 -0.00310270
v 0.04544853 0.15684046 -0.00981221
v 0.04478316 0.08030782 0.03494474
v 0.04531639 0.10843048 0.01351024
v 0.04478316 0.12821821 0.00538816
v 0.04630476 0.14336683 0.00147893
v 0.04479931 0.15075288 -0.00289284
v 0.04489622 0.08319967 0.03758944
v 0.04517167 0.09291618 0.02164350
v 0.04553209 0.09423098 0.02077140
v 0.04502085 0.11280641 0.01178820
v 0.04569607 0.08186913 0.03407333
v 0.04531099 0.09341073 0.02106197
v 0.04473571 0.07750097 -0.09031822
v 0.04502808 0.10857659 0.01209033
v 0.04478316 0.14017965 0.00157858
v 0.04489616 0.14100291 -0.00032622
v 0.04561561 0.09423786 0.02230453
v 0.04502530 0.14029265 0.00185300
v 0.04596243 0.10987882 0.00947511
v 0.04651176 0.07873512 -0.08588823
v 0.04455896 0.14017836 0.00164338
v 0.04479945 0.08309068 0.03588580
v 0.04501217 0.09746705 0.02232338
v 0.04571749 0.10841439 0.00971831
v 0.04615698 0.12552093 0.00645249
v 0.04492845 0.14079306 0.00161086
v 0.04224240 0.04593349 -0.09803781
v 0.04432437 0.09669279 0.02324024
v 0.04468654 0.13704714 0.00053256
v 0.04494458 0.13798430 0.00051318
v 0.04494458 0.13967924 0.00191756
v 0.04496073 0.07975898 0.03496088
v 0.04580517 0.12465104 0.00658960
v 0.04542913 0.08201926 0.03365327
v 0.04516786 0.13753642 0.00157651
v 0.04499301 0.08185748 0.03258796
v 0.04592987 0.11207614 0.01295547
v 0.04585850 0.08164341 0.03450546
v 0.04436727 0.09493524 0.02183298
v 0.04547773 0.09428636 0.02122506
v 0.04479617 0.15849167 -0.00999143
v 0.04438439 0.09468464 0.02516274
v 0.04465905 0.10187804 0.00414357
v 0.04466048 0.11100295 0.01043779
v 0.04439126 0.11184686 0.01166701
v 0.04563323 0.12613044 0.00743614
v 0.04605242 0.09710312 0.02437411
v 0.04489505 0.09239380 0.02170478
v 0.04508987 0.12687839 0.00438734
v 0.04482442 0.10975123 0.01337040
v 0.04510601 0.12975172 0.00346722
v 0.04718523 0.13304997 0.00633362
v 0.04530106 0.03593386 -0.09949468
v 0.04518844 0.15195071 -0.00256114
v 0.04487372 0.12593198 0.00455624
v 0.04602458 0.12984334 0.00467340
v 0.04437982 0.13149802 0.00536333
v 0.04622342 0.11022304 0.00959196
v 0.04487119 0.08342493 0.03466474
v 0.04597184 0.10810920 0.01021282
v 0.04560576 0.10883113 0.00930991
v 0.04521900 0.09377051 0.02088478
v 0.04456802 0.10908346 0.01082120
v 0.04689195 0.07404437 0.03752048
v 0.04551606 0.08277131 0.03704597
v 0.04593181 0.09461892 0.02082433
v 0.04612008 0.09474735 0.02145348
v 0.04510956 0.13065097 0.00455861
v 0.04580065 0.10875148 0.00998901
v 0.04544131 0.12828915 0.00591954
v 0.04525129 0.14109977 0.00009348
v 0.04444113 0.14211376 0.00064439
v 0.04575766 0.13936537 0.00252525
v 0.04527206 0.14206292 0.00014237
v 0.04370030 0.07474566 0.04793143
v 0.04575194 0.08101814 0.03510634
v 0.04570493 0.10935750 0.00912104
v 0.04529972 0.13833943 0.00086831
v 0.04567625 0.14171394 0.00161693
v 0.04576750 0.09458027 0.02127015
v 0.04323048 0.10433695 0.00877259
v 0.04504805 0.11021741 0.01074824
v 0.04461278 0.11138005 0.01060045
v 0.05837400 0.00807655 0.14772370
v 0.04483194 0.10906300 0.01225811
v 0.04539158 0.08255111 0.03617450
v 0.04404745 0.10688560 -0.08293279
v 0.04580185 0.11173990 0.01103274
v 0.04549281 0.11391613 0.01347431
v 0.04541271 0.12737880 0.00461333
v 0.04542886 0.09264055 0.02217616
v 0.04541885 0.12438924 0.00714677
v 0.04542886 0.12954188 0.00390307
v 0.04548143 0.08410336 0.03579958
v 0.04599271 0.10852268 0.01037639
v 0.04286707 0.02451850 0.15344321
v 0.04547503 0.15653979 -0.00898426
v 0.04514929 0.05573397 0.06291043
v 0.04639218 0.02424483 0.15097112
v 0.04532468 0.09557895 0.02511597
v 0.04654060 0.11043823 0.00979797
v 0.04536203 0.13415729 -0.00680446
v 0.04883950 0.03161401 0.15085245
v 0.04519565 0.09645390 0.02428943
v 0.04489439 0.10970363 0.00920866
v 0.04697585 0.13604053 0.00419125
v 0.04558484 0.14321576 0.00321207
v 0.04497879 0.15914198 -0.00821699
v 0.04547137 0.11132397 0.01312864
v 0.04659068 0.10846787 0.01109514
v 0.04455207 0.11077238 0.01013400
v 0.04643988 0.09318090 0.02322666
v 0.04571535 0.13618974 -0.08286324
v 0.04568265 0.16201497 -0.01023264
v 0.04557414 0.14095448 0.00052933
v 0.04587602 0.15516010 -0.00955852
v 0.04647070 0.09476149 0.02175935
v 0.04625448 0.10844686 0.01011031
v 0.04560642 0.13887212 0.00111045
v 0.04512522 0.05510896 -0.09782461
v 0.04609071 0.09299466 0.02306503
v 0.04592853 0.15520646 -0.00913608
v 0.04607851 0.08378102 0.03632696
v 0.04615261 0.11160218 0.01367277
v 0.04435284 0.11294744 -0.07686154
v 0.04565485 0.12797606 0.00467790
v 0.04565485 0.12913831 0.00430663
v 0.04587871 0.10843435 0.00974275
v 0.04516755 0.09615450 0.02212476
v 0.04570328 0.10908957 0.00968201
v 0.04610939 0.10979866 0.00920776
v 0.04568150 0.04115041 0.13077683
v 0.04115837 0.04078930 0.10639357
v 0.04562575 0.15767175 -0.00878727
v 0.04505817 0.07230522 0.03288757
v 0.04573556 0.12858947 0.00458105
v 0.04552500 0.14906622 -0.00901931
v 0.04575171 0.09297953 0.02274115
v 0.04546174 0.14781650 -0.00035712
v 0.04731046 0.08448210 0.03582014
v 0.04528821 0.09365965 0.02456921
v 0.04645376 0.08114584 0.03484619
v 0.04625270 0.12841707 0.00539217
v 0.04581627 0.09249527 0.02270886
v 0.04686291 0.11048775 0.01011775
v 0.04528555 0.09613675 0.02291845
v 0.04583241 0.13950168 0.00120730
v 0.04393968 0.02884202 0.14792996
v 0.04690702 0.10867800 0.01128430
v 0.04588084 0.08201890 0.03329822
v 0.04674426 0.09344960 0.02324656
v 0.04588084 0.15480459 -0.08245830
v 0.04589698 0.08029168 0.03528373
v 0.04589698 0.08134093 0.03486402
v 0.04677717 0.09465101 0.02214374
v 0.04626823 0.09254362 0.02311247
v 0.04590837 0.09259609 0.02266843
v 0.04591312 0.14011509 0.00114273
v 0.04796862 0.04147689 0.13714515
v 0.04700855 0.02965713 0.14972114
v 0.04606160 0.09557237 0.02588095
v 0.04594541 0.10989668 0.00905247
v 0.04581627 0.14061550 0.00090060
v 0.04634897 0.02807130 -0.09881046
v 0.04694325 0.09131135 0.02084683
v 0.04709240 0.10559409 0.00977867
v 0.04671596 0.11062631 0.00948184
v 0.04620489 0.13305483 -0.08466570
v 0.04626881 0.09327231 0.02088577
v 0.04735535 0.02673934 0.15329052
v 0.04633247 0.09467149 0.02558676
v 0.04605277 0.11111074 0.01231298
v 0.04612637 0.15511170 -0.01001398
v 0.04294746 0.07091241 0.04228688
v 0.04646979 0.15527064 -0.00846920
v 0.04616503 0.09233235 0.02240938
v 0.04727671 0.02491801 0.15319686
v 0.04921936 0.03461695 0.14897499
v 0.04238273 0.07263868 0.04056287
v 0.04640159 0.14027855 0.00183816
v 0.04677760 0.09651904 0.02434368
v 0.04698700 0.09378558 0.02312419
v 0.04699369 0.09443179 0.02254693
v 0.04517556 0.12370071 0.00557450
v 0.04607664 0.15523872 -0.00871215
v 0.04579918 0.10958631 0.01430139
v 0.04545487 0.15971592 -0.00900318
v 0.04718288 0.10901069 0.01135283
v 0.04683788 0.09489678 0.02143765
v 0.04647678 0.15509064 -0.01014995
v 0.04621983 0.08185748 0.03384706
v 0.04583515 0.09503360 0.02456961
v 0.04671670 0.15765749 -0.00989780
v 0.04626825 0.08071138 0.03517073
v 0.04626825 0.10841158 0.01076355
v 0.04627345 0.13111051 0.00487059
v 0.04630054 0.11034866 0.00918160
v 0.04689816 0.15727206 -0.00892610
v 0.04633283 0.10794346 0.01073126
v 0.04736064 0.11015062 0.01082467
v 0.04503302 0.10813915 0.00891545
v 0.04673788 0.09278373 0.02332585
v 0.04639740 0.09488433 0.02103007
v 0.04712966 0.11069536 0.00987713
v 0.04954970 0.03410644 0.14835274
v 0.04605419 0.10923964 0.01286115
v 0.04644582 0.08155077 0.03439590
v 0.04560701 0.10432645 0.01676663
v 0.04636665 0.04300397 -0.09906743
v 0.04717600 0.11054894 0.00985599
v 0.04714061 0.09316080 0.02333459
v 0.04579113 0.10981936 0.01279057
v 0.04605167 0.11262380 0.01189745
v 0.04655882 0.02661849 0.15102410
v 0.04606972 0.09452636 0.02085837
v 0.04764115 0.13269259 0.00566516
v 0.04655882 0.02472984 0.15102410
v 0.04515178 0.08485844 0.03705122
v 0.04628958 0.09585982 0.02344421
v 0.04641330 0.09478054 0.02453414
v 0.04389747 0.04737986 0.08349341
v 0.04707811 0.09412622 0.02288806
v 0.04716034 0.11038598 0.01047365
v 0.04633868 0.11249675 0.01210124
v 0.04690225 0.07183316 0.04743604
v 0.04686753 0.15511383 -0.00990280
v 0.04678277 0.11076840 0.01368140
v 0.04653089 0.12240793 -0.00528626
v 0.04560460 0.13046043 0.00519077
v 0.04693514 0.11423292 0.01423184
v 0.04669185 0.11071356 0.01259526
v 0.04729055 0.11554147 -0.08307015
v 0.04429376 0.04379356 0.09351103
v 0.04675253 0.10800802 0.01115096
v 0.04711573 0.13260090 0.00712793
v 0.04734677 0.13686758 0.00383584
v 0.04682036 0.15525756 -0.00844052
v 0.04817023 0.09172379 0.02253638
v 0.04783591 0.10968466 0.01096061
v 0.04680077 0.13864407 -0.08006551
v 0.04686851 0.02837091 -0.09802263
v 0.04752912 0.10877060 0.01148505
v 0.04739336 0.10941170 0.01129290
v 0.04929505 0.12374963 0.00983679
v 0.05027324 0.04680652 0.07988082
v 0.04904197 0.08976487 0.02248521
v 0.05399726 0.07759842 0.03675574
v 0.04744871 0.10980602 0.01111149
v 0.04714777 0.05416272 -0.09783551
v 0.04758394 0.09407231 0.02286962
v 0.04814605 0.15503142 -0.08340277
v 0.04745277 0.09436334 0.02240946
v 0.04701080 0.15486916 -0.08291028
v 0.04580929 0.14638896 0.00151026
v 0.04638066 0.07808569 0.03407917
v 0.04665880 0.13607276 0.00525661
v 0.04699957 0.15521984 -0.00884451
v 0.04778259 0.11025387 0.01080232
v 0.04630142 0.08148051 0.03444635
v 0.04736078 0.07872991 0.03357971
v 0.04788788 0.10981164 0.01118439
v 0.04717223 0.10829859 0.01140925
v 0.04674430 0.10010413 -0.08423455
v 0.04727959 0.15514436 -0.00958145
v 0.04209138 0.07013328 0.04095097
v 0.04725294 0.09477133 0.02191789
v 0.04826563 0.14439820 0.00378744
v 0.04739111 0.15517632 -0.00926845
v 0.04729425 0.13201073 0.00724904
v 0.04485614 0.02757232 -0.10001913
v 0.04501464 0.02959687 -0.10018805
v 0.04676506 0.04102789 0.12273016
v 0.04898163 0.09697293 -0.08796715
v 0.04747893 0.09360908 0.02319314
v 0.04727983 0.02687183 -0.09955350
v 0.04972186 0.03044064 -0.10025673
v 0.04648227 0.07673816 0.04535002
v 0.04751122 0.09448077 0.02243444
v 0.03808578 0.00803583 0.14854197
v 0.04752736 0.11057465 0.01034385
v 0.04883666 0.14278595 0.00347174
v 0.04757569 0.04138822 -0.09629792
v 0.04867243 0.11481655 0.01279504
v 0.04715349 0.15172145 -0.00005445
v 0.04778620 0.16158539 -0.01190071
v 0.04938880 0.04160612 0.11785902
v 0.04526296 0.07379977 0.04829281
v 0.04783489 0.02883592 -0.09539376
v 0.04780178 0.02770002 -0.09952073
v 0.04780178 0.02962096 -0.09950458
v 0.04782206 0.13202911 0.00558743
v 0.04781792 0.10929941 0.01142538
v 0.04416677 0.02757342 0.14953218
v 0.04573082 0.04254677 0.09751595
v 0.05160945 0.07461348 0.04751025
v 0.04719165 0.09310073 0.02311517
v 0.04881750 0.11553428 -0.08052799
v 0.04810677 0.12072501 0.00910685
v 0.04519633 0.01018358 0.15522001
v 0.04880119 0.15368590 -0.00339483
v 0.04840634 0.14304082 0.00353569
v 0.04755745 0.09706607 0.02684723
v 0.04800358 0.13146618 0.00615921
v 0.04433586 0.08532202 0.03581112
v 0.04755163 0.07370490 -0.09324762
v 0.05045766 0.14316528 0.00162773
v 0.04447795 0.11374988 0.00434347
v 0.05013143 0.02440645 0.15217303
v 0.04806929 0.14275579 0.00410752
v 0.05029176 0.11014951 0.01285974
v 0.04810364 0.05148022 -0.09567241
v 0.04731217 0.10825053 0.01118171
v 0.04660697 0.14708389 0.00284539
v 0.04769381 0.14632120 0.00177880
v 0.05001139 0.14725889 0.00314753
v 0.04858453 0.09536657 0.02667431
v 0.04854864 0.10980656 0.01560021
v 0.04872522 0.14382792 0.00277004
v 0.04702577 0.02499497 0.15611916
v 0.04717928 0.13765499 0.00473923
v 0.04745345 0.10670171 0.01104678
v 0.04762866 0.13154585 0.00694751
v 0.04833715 0.09928731 -0.08182963
v 0.04982982 0.09140436 0.02277701
v 0.05075642 0.11556201 0.01425310
v 0.04832666 0.09174642 0.02114933
v 0.05301786 0.10318659 0.01210167
v 0.04892849 0.14774563 0.00360783
v 0.04818269 0.15506653 -0.08422863
v 0.04418588 0.02383085 0.15080070
v 0.04901246 0.08177104 0.03664572
v 0.04892114 0.09047450 0.02324314
v 0.05069143 0.02467478 0.15299349
v 0.04933530 0.02508497 0.15247691
v 0.04933530 0.02697362 0.15247691
v 0.04935144 0.15488530 -0.08373354
v 0.04883568 0.07314050 -0.09272364
v 0.05208721 0.14585520 0.00547822
v 0.04908872 0.10491953 0.00773963
v 0.05216231 0.11829086 0.01375827
v 0.05006450 0.07189583 -0.09026990
v 0.04581882 0.08661918 0.02038590
v 0.04977307 0.04599066 0.09088033
v 0.04575533 0.09812506 0.02549760
v 0.04882000 0.10553416 0.00973760
v 0.04988275 0.11992247 0.00726433
v 0.04558034 0.04495040 0.09050698
v 0.04676435 0.07956909 0.03499311
v 0.05377605 0.13498208 0.00603186
v 0.05106327 0.12185093 0.00915014
v 0.05021037 0.13292759 -0.08500342
v 0.04767245 0.15524495 -0.08315154
v 0.04550062 0.06400691 0.04937660
v 0.05093567 0.07608792 0.04812422
v 0.05019400 0.09538681 0.02368892
v 0.05369646 0.08589010 0.02016593
v 0.05062093 0.09887258 -0.08684891
v 0.05042796 0.12317978 0.00009992
v 0.05131414 0.14562844 0.00448730
v 0.05036948 0.16041860 -0.00678500
v 0.05059228 0.14486759 -0.00557585
v 0.05054597 0.15482073 -0.08407253
v 0.05271536 0.10149468 0.01219247
v 0.05456471 0.00464828 0.01670040
v 0.04674392 0.05998765 0.05111651
v 0.05326864 0.11304820 -0.08722505
v 0.04862797 0.14373210 0.00465411
v 0.05127771 0.13206181 -0.08219182
v 0.05070082 0.15502285 -0.08103282
v 0.05145981 0.02952434 0.15166676
v 0.04788307 0.05316309 0.06414351
v 0.05467597 0.08461439 0.03872987
v 0.05192452 0.14674649 0.00545272
v 0.05111095 0.02802287 -0.10037627
v 0.04909956 0.08543127 0.03759772
v 0.05366492 0.00075248 -0.10462644
v 0.05113293 0.00198594 -0.10505553
v 0.05112426 0.02800108 -0.10511186
v 0.04660101 0.04147077 0.09233419
v 0.05334164 0.12004554 0.01136793
v 0.04863178 0.09855351 0.02639430
v 0.05127881 0.11515434 -0.08511727
v 0.05093620 0.12208417 -0.00182765
v 0.05760711 0.08461838 0.03721598
v 0.05188166 0.09815396 -0.08424081
v 0.04857074 0.04219968 0.12567857
v 0.05154462 0.13297973 -0.08677679
v 0.05464059 0.11960343 0.01097983
v 0.04668586 0.09663151 0.02543845
v 0.05031256 0.11211750 -0.08615845
v 0.05205350 0.14583414 0.00397918
v 0.05014651 0.03771326 0.14604777
v 0.04999981 0.01116532 0.15755962
v 0.04896516 0.14295996 -0.00875640
v 0.05039161 0.03707287 0.14552073
v 0.05121220 0.16328106 -0.00985500
v 0.05018926 0.07477417 0.03582806
v 0.05061527 0.02751767 0.15441136
v 0.05349078 0.07782543 0.03423647
v 0.05275012 0.02541240 0.15523040
v 0.05169420 0.07777559 -0.09396025
v 0.04973029 0.02760257 0.15269624
v 0.05450395 0.07846221 0.03532874
v 0.05219249 0.02724804 0.15347773
v 0.05347126 0.14693708 0.00534453
v 0.05220863 0.02534324 0.15347773
v 0.05178947 0.13607910 0.00539456
v 0.04930939 0.12284326 0.01017805
v 0.05228855 0.02784616 -0.10212364
v 0.05245687 0.03005118 -0.10186448
v 0.05244347 0.11542295 -0.08234421
v 0.04985985 0.04005953 0.14213592
v 0.05004385 0.03929498 0.14174660
v 0.05256376 0.02774845 -0.10061840
v 0.05256376 0.02965324 -0.10061840
v 0.05445664 0.04337119 0.09904297
v 0.05655669 0.15488538 -0.08585208
v 0.04987717 0.09031202 0.02182103
v 0.05984723 0.07564962 0.04747170
v 0.05189819 0.11778616 0.01472231
v 0.05355717 0.08030630 0.03273305
v 0.05554059 0.14383404 0.00451167
v 0.05675800 0.08538486 0.03766502
v 0.05946581 0.08392186 0.03769948
v 0.05173347 0.15484084 -0.08441062
v 0.05295117 0.15474003 -0.08460523
v 0.04841452 0.04063749 0.13755951
v 0.04957379 0.09771891 0.02544152
v 0.04752018 0.07460112 0.03800602
v 0.05368002 0.11809718 0.01487595
v 0.05907769 0.04102715 0.10629207
v 0.05831772 0.11934731 0.01397650
v 0.05520505 0.12089369 0.01208991
v 0.05152140 0.12267559 0.00937880
v 0.05394525 0.04332407 -0.10130851
v 0.05417799 0.15470773 -0.08478279
v 0.05426749 0.02822901 -0.10004012
v 0.05428121 0.05376039 -0.10018448
v 0.05888358 0.04633600 0.09092023
v 0.05241169 0.05034966 -0.10163650
v 0.05263686 0.04210841 -0.10225014
v 0.05018035 0.13615249 0.00689965
v 0.05447604 0.04196130 -0.09836579
v 0.05298040 0.03283241 -0.10169362
v 0.05445718 0.02868908 -0.09720435
v 0.05464911 0.05050421 -0.09786307
v 0.05489867 0.07487673 -0.09426535
v 0.05323378 0.13651360 0.00689857
v 0.05276151 0.06004443 -0.09952693
v 0.05615136 0.13076013 -0.08770875
v 0.05487780 0.01125296 0.15859423
v 0.05479140 0.02795830 -0.10102196
v 0.05283887 0.07874284 0.03256049
v 0.05644593 0.02560795 0.15871868
v 0.05199097 0.02556248 0.15788524
v 0.05319370 0.15127185 -0.08619285
v 0.05498837 0.09999913 0.01406987
v 0.05225839 0.14643287 0.00383691
v 0.05506213 0.02694901 0.15580394
v 0.05857491 0.02829628 0.15521027
v 0.05528529 0.06948460 -0.09271608
v 0.04735978 0.10541735 0.01088522
v 0.05168406 0.02806017 0.15365647
v 0.05517881 0.02550467 0.15409115
v 0.05517881 0.02740946 0.15409115
v 0.05683384 0.09682285 0.01484309
v 0.05612435 0.10805618 0.00818218
v 0.05701176 0.08683571 0.02322888
v 0.05654044 0.13100872 -0.08653409
v 0.06098424 0.07463113 0.04845522
v 0.05847090 0.15487896 -0.08516686
v 0.05783555 0.04182830 0.13474069
v 0.05649351 0.12025628 0.00350181
v 0.05543709 0.15469160 -0.08491194
v 0.05327371 0.09451426 0.01289055
v 0.05277721 0.10603226 0.00603489
v 0.05666354 0.07665823 0.03684449
v 0.05548204 0.14548892 -0.00364934
v 0.05829266 0.06595818 0.04869718
v 0.05632394 0.07798183 0.03747199
v 0.05369619 0.07578444 0.03094141
v 0.05233477 0.05714710 0.06312495
v 0.05565029 0.11989417 0.00102450
v 0.05228268 0.16486614 -0.00727789
v 0.05547401 0.16122464 -0.00528930
v 0.05630870 0.15465647 -0.08216173
v 0.05829633 0.05836885 0.05653777
v 0.05681297 0.11513431 -0.08651778
v 0.05638974 0.13499393 -0.08339161
v 0.05690908 0.14155838 -0.00464571
v 0.05874178 0.04348455 0.09408085
v 0.05445662 0.10219640 0.01350370
v 0.05604760 0.10245224 -0.08481653
v 0.05817183 0.08530483 0.02784988
v 0.05814359 0.08671578 0.02716585
v 0.05480827 0.09946536 -0.08968035
v 0.05576368 0.16431186 -0.00894671
v 0.05333602 0.05091794 0.07887059
v 0.05607753 0.11388792 -0.08770744
v 0.06013087 0.08698681 0.02718703
v 0.05874093 0.13605228 0.00707734
v 0.05820551 0.12067856 0.01263809
v 0.05344836 0.11761994 0.01315311
v 0.05832208 0.04067059 0.14053504
v 0.05075255 0.09818997 0.02734768
v 0.06024981 0.09911254 0.02704750
v 0.05887686 0.15161240 -0.08658552
v 0.06148977 0.13521493 0.00612604
v 0.05816972 0.14500860 0.00461795
v 0.05680919 0.15469160 -0.08499265
v 0.05655527 0.10025965 0.01506149
v 0.05393263 0.02461146 0.15423023
v 0.05440000 0.02779565 0.15385052
v 0.05566707 0.13430838 0.00739157
v 0.05682852 0.02788671 0.15306436
v 0.05589547 0.14471236 0.00318819
v 0.05589902 0.10016915 0.01305645
v 0.05612908 0.11953352 0.01276595
v 0.05760016 0.02800673 -0.10113496
v 0.05815590 0.05583434 -0.10117944
v 0.06361687 0.09681129 0.01687725
v 0.05867368 0.08714519 0.02893674
v 0.05501473 0.02691103 -0.10129065
v 0.06047489 0.02791849 -0.10264560
v 0.05769701 0.02776459 -0.10107039
v 0.06069297 0.02965234 -0.10253309
v 0.05769701 0.02966939 -0.10105424
v 0.06056509 0.07472830 0.04774217
v 0.05857325 0.07628053 0.04892096
v 0.04995320 0.07500807 0.04909690
v 0.05799624 0.02804856 -0.10086275
v 0.05783441 0.04479540 -0.10246318
v 0.05786499 0.03576591 -0.10204538
v 0.05820689 0.05311635 -0.10114873
v 0.06094106 0.08731796 0.02913531
v 0.05809352 0.02804971 -0.10063101
v 0.05813799 0.02798870 -0.10556446
v 0.05848100 0.02803421 -0.10079986
v 0.05814808 0.00194910 -0.10546105
v 0.06056661 0.04155247 -0.10166537
v 0.05989615 0.02865632 -0.09750547
v 0.05818270 0.04303222 -0.10195159
v 0.05837853 0.04112963 0.09267431
v 0.05826971 0.04530339 -0.09869714
v 0.05817235 0.05218637 -0.10099650
v 0.05917386 0.05765046 0.06285093
v 0.05986504 0.07319643 -0.09197359
v 0.05634962 0.07676361 -0.09531130
v 0.05937837 0.08554387 0.02113511
v 0.05935258 0.09480181 -0.08677051
v 0.05947264 0.09532185 0.01308737
v 0.05966533 0.11289581 -0.08355421
v 0.06004473 0.10661448 0.00892446
v 0.05687454 0.09916799 -0.08879200
v 0.05703426 0.11733193 -0.08354269
v 0.05963708 0.12088062 0.00096757
v 0.05941744 0.13501183 -0.08765906
v 0.05819742 0.15470773 -0.08505721
v 0.05687737 0.15529514 -0.00691615
v 0.05983932 0.16549995 -0.00658631
v 0.05605899 0.02464299 0.15460004
v 0.05822971 0.02556924 0.15430099
v 0.05961864 0.02576024 0.15591355
v 0.05975837 0.02740766 0.15589433
v 0.05822971 0.02745789 0.15431714
v 0.05920049 0.03749159 0.14643439
v 0.05786806 0.04188655 0.13941086
v 0.05627291 0.13475521 0.00573669
v 0.05863351 0.04473229 -0.10253819
v 0.05785520 0.09785184 0.02588700
v 0.05617448 0.13464261 0.00754415
v 0.05876241 0.02800673 -0.10113496
v 0.06246517 0.09578142 0.01693704
v 0.05682596 0.08187511 0.03151979
v 0.06111599 0.12062789 0.01143507
v 0.05844848 0.14525219 0.00647750
v 0.05776936 0.14587046 0.00438241
v 0.05823511 0.14574133 0.00344179
v 0.05811993 0.08422019 0.02766028
v 0.05862840 0.11845197 0.01182589
v 0.05682785 0.04072729 0.11763697
v 0.05958566 0.15469160 -0.08499265
v 0.05905010 0.11972453 0.01293056
v 0.05848910 0.11906799 0.01323557
v 0.05532843 0.12104450 0.01124098
v 0.06057543 0.13391673 0.00834077
v 0.06826330 0.08556890 0.03763161
v 0.05686574 0.07699311 0.03611574
v 0.05604700 0.08376876 0.03840888
v 0.06039047 0.13488642 0.00808938
v 0.06273356 0.07605286 0.04758113
v 0.05706331 0.07833298 0.03714789
v 0.06618115 0.04343397 0.09841896
v 0.06139607 0.07677030 0.03756835
v 0.06019162 0.08504825 0.02687540
v 0.06305640 0.05072662 0.07943268
v 0.05955643 0.15927283 -0.00736756
v 0.05986389 0.16446396 -0.00883083
v 0.06003854 0.10002759 -0.08977428
v 0.05827312 0.05257459 0.06795142
v 0.05848794 0.14433497 0.00577664
v 0.06052775 0.14472789 -0.00575462
v 0.06245413 0.14432891 0.00412490
v 0.05953009 0.12899723 -0.08358086
v 0.06261749 0.14461213 0.00596828
v 0.06044126 0.11310288 -0.08643039
v 0.05839688 0.06496492 0.04585078
v 0.06103192 0.02453708 0.15379937
v 0.06334314 0.02771397 0.15264797
v 0.05916983 0.03320338 0.15181949
v 0.06315323 0.15489688 -0.08172955
v 0.05991684 0.16125692 -0.00507993
v 0.05896934 0.07614826 0.03104112
v 0.05939847 0.14630193 -0.00342231
v 0.05905535 0.04254277 0.12829388
v 0.06096736 0.13271903 -0.08630339
v 0.05993598 0.10634346 0.00661463
v 0.06101544 0.09622695 -0.08916685
v 0.05829817 0.07169591 0.04082234
v 0.06095776 0.15469160 -0.08491194
v 0.06279064 0.07725682 -0.09473996
v 0.06105960 0.12034287 0.00316487
v 0.06293022 0.08733368 0.02205721
v 0.05840484 0.12071387 0.01374650
v 0.06223242 0.11655442 0.01285892
v 0.05543397 0.04263608 0.13388612
v 0.06326799 0.09600944 0.01464234
v 0.06018040 0.07270087 -0.09514252
v 0.06285146 0.02490199 0.15386314
v 0.06128061 0.02552081 0.15412343
v 0.06128061 0.02742560 0.15413958
v 0.05988682 0.02801973 0.15421923
v 0.06018733 0.05609377 -0.09692849
v 0.06336736 0.02564549 0.15823126
v 0.05869153 0.08643626 0.02839715
v 0.06155503 0.02795830 -0.10103811
v 0.06351314 0.03225302 -0.10160388
v 0.05849445 0.14511661 0.00482139
v 0.06014746 0.11407289 -0.08777449
v 0.06200042 0.04414809 -0.09845891
v 0.06208552 0.05328327 -0.10037644
v 0.06181291 0.09790375 0.01727512
v 0.06191423 0.05408940 -0.10145181
v 0.06508679 0.08349115 0.02998253
v 0.05401527 0.04217978 0.10033362
v 0.05909855 0.04038402 0.14327721
v 0.06356178 0.09737852 0.02601609
v 0.06112876 0.02828662 -0.10022827
v 0.06220072 0.15470773 -0.08478279
v 0.06078055 0.14572933 0.00555729
v 0.06405555 0.13648215 0.00506881
v 0.05922781 0.08778204 0.02742329
v 0.06372601 0.13745466 0.00624403
v 0.05912503 0.02337925 0.14532638
v 0.06652792 0.13226927 0.00765415
v 0.06940837 0.12364318 0.00777265
v 0.05921361 0.03813892 0.14701910
v 0.06076174 0.13437811 0.00655748
v 0.06023221 0.13517034 0.00727595
v 0.05871408 0.13544581 0.00712176
v 0.05931245 0.03448608 0.14962900
v 0.06404064 0.12241235 0.00991008
v 0.06292712 0.02774845 -0.10077982
v 0.06292712 0.02965324 -0.10076369
v 0.06072299 0.03057457 -0.10133778
v 0.06259341 0.02685030 -0.10107778
v 0.05942145 0.03156698 0.15171933
v 0.06189597 0.09097848 0.02168466
v 0.05424000 0.04188056 0.10642547
v 0.06194338 0.09116481 0.02276668
v 0.06380475 0.02770732 0.15346418
v 0.06841172 0.14265165 0.00247968
v 0.06616189 0.09958059 0.01306693
v 0.05791072 0.11956062 0.01154749
v 0.06267901 0.12226034 0.01221830
v 0.06305084 0.11756194 0.01398644
v 0.06343052 0.15073335 -0.08620826
v 0.05679676 0.09739146 0.02672335
v 0.06220196 0.14508975 0.00314809
v 0.06067322 0.09799830 0.02744068
v 0.06398900 0.11538284 -0.08231862
v 0.06632822 0.11878906 -0.08607427
v 0.05970905 0.08706446 0.02745967
v 0.06023651 0.04474847 0.09223131
v 0.06429922 0.02537553 0.15354231
v 0.06431536 0.02726418 0.15354231
v 0.06593564 0.02803364 0.15342131
v 0.06220131 0.08895621 0.02480139
v 0.06536489 0.02463135 0.15430469
v 0.07006554 0.07531340 0.04760006
v 0.06515923 0.16329221 -0.00985477
v 0.06635040 0.02578072 0.15468564
v 0.06462089 0.14409700 -0.00743481
v 0.06465435 0.15477230 -0.08436310
v 0.06625700 0.01133558 0.15758090
v 0.06143983 0.04703185 0.08061582
v 0.06299889 0.09571715 0.01826608
v 0.06520616 0.13607666 0.00612743
v 0.05986492 0.01151278 0.15884455
v 0.06452947 0.09806501 -0.08425233
v 0.06469907 0.12186574 0.01147981
v 0.06341334 0.15485328 -0.08547007
v 0.06350921 0.10746429 -0.08775990
v 0.06642014 0.13273325 0.00595338
v 0.07402741 0.00922924 0.15249746
v 0.06030478 0.04566961 0.09050556
v 0.06502314 0.11576468 -0.08510133
v 0.06546180 0.12207143 -0.00182454
v 0.07167611 0.02802693 -0.10385961
v 0.06544610 0.13447747 -0.08204318
v 0.06526362 0.00200849 -0.10506450
v 0.06526590 0.02798783 -0.10512868
v 0.06526776 0.02802287 -0.10037627
v 0.06557911 0.04383763 0.09376463
v 0.05575324 0.01343030 -0.02759735
v 0.06773363 0.11439947 0.01431774
v 0.06701975 0.13333121 0.00752930
v 0.06306691 0.09044509 0.02136403
v 0.07108045 0.09753276 0.02467507
v 0.06541570 0.05453451 0.06217535
v 0.06479313 0.04213957 0.13700337
v 0.06366045 0.09890534 0.02589207
v 0.06597501 0.05582815 0.06542996
v 0.06527799 0.07385978 0.04011648
v 0.06597812 0.14451214 -0.00560030
v 0.06374599 0.09111700 0.02188803
v 0.06600516 0.16038777 -0.00677526
v 0.06584888 0.15482073 -0.08407253
v 0.06604312 0.05597677 -0.09987892
v 0.06347911 0.15480528 -0.08470092
v 0.02745409 0.00417133 0.01766308
v 0.06939442 0.07571330 0.02931858
v 0.06542597 0.02452444 0.15357016
v 0.06609086 0.16416717 -0.00799710
v 0.06550374 0.03843774 0.14385688
v 0.06713459 0.10425838 0.01000844
v 0.06595654 0.14271635 0.00177352
v 0.06658561 0.10370646 0.00606098
v 0.06597077 0.12308548 0.00012939
v 0.06631855 0.07213294 -0.09020841
v 0.07009634 0.04174309 0.12062401
v 0.06676311 0.06453865 0.04934103
v 0.06399779 0.13717622 0.00522415
v 0.06907956 0.15130181 -0.08456151
v 0.06405540 0.04344729 -0.10223146
v 0.06626633 0.09418012 0.02473846
v 0.06624543 0.13389100 -0.08494119
v 0.06654798 0.15527720 -0.08377014
v 0.06402896 0.14494810 0.00400968
v 0.06653775 0.12166868 0.00682998
v 0.06484808 0.13025806 -0.08679186
v 0.05902037 0.07989376 0.03072978
v 0.06578945 0.09914561 -0.08680238
v 0.09644299 0.00101864 0.03866451
v 0.06789735 0.13760114 0.00578130
v 0.06548306 0.07542811 0.04877670
v 0.06404818 0.14368239 0.00520292
v 0.06858931 0.10775956 -0.08550540
v 0.06731730 0.10485713 0.00776528
v 0.06459862 0.12321766 0.00989051
v 0.06457234 0.08531523 0.03869548
v 0.06557901 0.10018897 0.01434930
v 0.06704341 0.15488530 -0.08373354
v 0.06539332 0.14645182 0.00220172
v 0.06723712 0.02513339 0.15252534
v 0.06715657 0.09863156 0.02624519
v 0.07011045 0.02479441 0.15105638
v 0.06725326 0.02702205 0.15254149
v 0.06750798 0.04073364 0.13741099
v 0.06453235 0.09639181 -0.08944675
v 0.07286682 0.04536799 0.09079929
v 0.06839206 0.05110475 -0.09573333
v 0.06834742 0.13155348 0.00577212
v 0.06737946 0.08159275 0.03684405
v 0.06907974 0.15506018 -0.08389071
v 0.07044753 0.02398249 0.15168396
v 0.06880698 0.10443406 0.00939319
v 0.06570957 0.14699236 0.00378492
v 0.06762958 0.09501580 0.02091563
v 0.06820451 0.09836478 -0.08195911
v 0.06622532 0.02725390 0.15453715
v 0.06781411 0.03278637 0.14906345
v 0.06945608 0.09315067 0.02105774
v 0.07268154 0.04094184 0.12988773
v 0.06659037 0.14605914 0.00361796
v 0.06748628 0.07361423 -0.09260405
v 0.06785555 0.10959182 0.01575284
v 0.06604472 0.10761407 0.01462195
v 0.07229338 0.14344214 -0.00016897
v 0.06743508 0.11617829 -0.08061275
v 0.06608552 0.11662183 0.01306975
v 0.06628105 0.11438193 0.01007311
v 0.06911838 0.10848332 0.00886979
v 0.06802809 0.02770002 -0.09969829
v 0.06802809 0.02962096 -0.09968215
v 0.07201355 0.07254282 0.04192802
v 0.06589721 0.09479547 0.01818871
v 0.06913502 0.14417080 0.00295668
v 0.06784484 0.08411187 0.03678356
v 0.06826397 0.12102687 0.00897181
v 0.06799845 0.14375514 0.00330942
v 0.06794680 0.15469436 -0.01026835
v 0.06917426 0.09675205 0.02488910
v 0.06707686 0.15165945 -0.00217287
v 0.06835757 0.15716688 -0.01007485
v 0.06817337 0.10963840 0.01090883
v 0.06860162 0.03050657 -0.09976681
v 0.06883064 0.09420282 0.02238198
v 0.06822180 0.15494988 -0.08332999
v 0.06853532 0.15208451 -0.00946538
v 0.07058722 0.02703129 -0.09889248
v 0.06770127 0.03885496 0.14397823
v 0.06831860 0.02742692 -0.10097255
v 0.07178652 0.02759332 0.14897931
v 0.06873759 0.10651790 0.01005271
v 0.06851687 0.15171225 -0.00984110
v 0.06746754 0.10193970 0.01319219
v 0.06837024 0.13727114 0.00355275
v 0.06846011 0.02942978 -0.10115945
v 0.06970688 0.10632861 0.00965424
v 0.06555182 0.07443655 0.04846323
v 0.06851966 0.11003412 0.01066475
v 0.06862884 0.15136850 -0.01017148
v 0.06856482 0.02883434 -0.09539064
v 0.06862536 0.09423864 0.02217616
v 0.07005702 0.09321337 0.02250908
v 0.06919116 0.14813926 0.00199023
v 0.06867379 0.09338309 0.02295099
v 0.06774711 0.14361895 0.00199592
v 0.06834221 0.13834809 0.00416456
v 0.06847859 0.16160228 -0.01183242
v 0.06828950 0.10912796 0.01112362
v 0.06828659 0.11009013 0.01052137
v 0.06877426 0.04003844 -0.09625605
v 0.07107743 0.11604267 -0.08335967
v 0.06792724 0.11342999 0.01319091
v 0.06888364 0.09452919 0.02167575
v 0.06894547 0.15507409 -0.00918133
v 0.06907205 0.04057327 0.11184539
v 0.06855226 0.09382355 0.02262233
v 0.06905792 0.15147004 -0.01003258
v 0.06882920 0.15478447 -0.01096622
v 0.06316772 0.04178274 0.12977133
v 0.06987941 0.13747832 0.00209667
v 0.06898049 0.09291497 0.02309628
v 0.06948223 0.04229998 0.13061544
v 0.06854135 0.10858715 0.01119817
v 0.06856150 0.11039561 0.01006948
v 0.06839054 0.15652398 -0.00911760
v 0.06814220 0.11416449 0.01243837
v 0.06902511 0.15231927 -0.00919374
v 0.07116864 0.13680150 -0.07928662
v 0.06920262 0.15231329 -0.01096886
v 0.06924679 0.05415478 -0.09783749
v 0.06903626 0.11607365 -0.08308301
v 0.06927716 0.09316930 0.02305678
v 0.06928719 0.09469062 0.02117534
v 0.06952723 0.13394427 -0.00870451
v 0.07013615 0.13194729 0.00433749
v 0.06898217 0.15624942 -0.00597608
v 0.07029757 0.08179955 0.03385603
v 0.07047817 0.09389697 0.02458448
v 0.06948546 0.15235497 -0.00913790
v 0.06890277 0.10814606 0.01111341
v 0.07239011 0.13448841 -0.00434046
v 0.06965505 0.15820256 -0.01005027
v 0.06893669 0.11052077 0.00960882
v 0.06891580 0.10979987 0.01110265
v 0.06946489 0.11035569 0.00935528
v 0.06884623 0.07323592 -0.09337394
v 0.06922447 0.15261633 -0.00073485
v 0.06925501 0.08375793 0.03766748
v 0.06949705 0.11047780 0.01008558
v 0.06969153 0.15220435 -0.00930478
v 0.06897941 0.10939591 0.01128117
v 0.06899595 0.11013948 0.01079590
v 0.06908798 0.14338336 0.00328335
v 0.06947650 0.15147235 -0.01002290
v 0.06966604 0.15587546 -0.01030798
v 0.06952464 0.02837064 -0.09802532
v 0.06971169 0.11039480 0.01263232
v 0.07402674 0.07101584 0.04349858
v 0.06946307 0.09605690 0.02464493
v 0.06874540 0.14629643 0.00172435
v 0.06978655 0.09490897 0.02425361
v 0.06943184 0.09380038 0.02276791
v 0.06985202 0.10988353 0.01380092
v 0.06956452 0.11163672 0.01310625
v 0.06940011 0.09254338 0.02306440
v 0.06932958 0.10785258 0.01085064
v 0.06978761 0.10844387 0.01107026
v 0.06939008 0.11452753 0.01360293
v 0.06912909 0.15870921 -0.00891783
v 0.06936348 0.11045673 0.00919791
v 0.07353204 0.08107529 0.03289604
v 0.06921036 0.10826571 0.01109855
v 0.07002563 0.04300963 -0.09906566
v 0.06986832 0.09230156 0.02285415
v 0.07014396 0.15183582 -0.00965830
v 0.06995934 0.09572901 0.02330624
v 0.06955851 0.10805081 0.00781871
v 0.06864157 0.09787512 0.02656818
v 0.07079111 0.15806293 -0.00930724
v 0.06949310 0.09452830 0.02201962
v 0.07063757 0.10985175 0.01285211
v 0.06997658 0.15204376 -0.00941562
v 0.06951269 0.09333402 0.02312959
v 0.07034012 0.09250301 0.02257543
v 0.07105102 0.13128220 0.00579857
v 0.06946471 0.10866912 0.01128085
v 0.07001360 0.15157612 -0.00986632
v 0.06985651 0.15656161 -0.00942455
v 0.07037297 0.11113080 0.01230353
v 0.07122796 0.11172742 0.01241336
v 0.07118380 0.13227581 0.00527644
v 0.06910059 0.13669550 0.00396797
v 0.07009431 0.08134093 0.03502545
v 0.07012659 0.08174448 0.03455731
v 0.06973928 0.09462623 0.02078836
v 0.07022975 0.12933745 0.00534100
v 0.07195234 0.09398509 0.02428084
v 0.07014273 0.09464219 0.02132063
v 0.06990360 0.11132603 0.01188188
v 0.07135401 0.12013383 0.00671069
v 0.07011045 0.02669920 0.15105638
v 0.06927967 0.09430976 0.02241763
v 0.07030588 0.10919445 0.01289409
v 0.06949170 0.12564802 0.00612180
v 0.07005568 0.14113874 0.00150150
v 0.07032874 0.09476761 0.02238171
v 0.06976160 0.09042268 -0.08806917
v 0.06974314 0.10777375 0.01043889
v 0.06917983 0.10901535 0.01133483
v 0.07027048 0.11733593 -0.00328454
v 0.07046711 0.13363845 -0.08452335
v 0.07045963 0.09499603 0.02449790
v 0.06921248 0.11036393 0.01045724
v 0.06981968 0.09306707 0.02310497
v 0.07027620 0.05355822 0.06201464
v 0.07036832 0.08085148 0.03515539
v 0.07061086 0.12910603 0.00420977
v 0.07171282 0.09397165 0.02401412
v 0.06983153 0.11043170 0.00978681
v 0.07053015 0.12855719 0.00448419
v 0.07038487 0.10917028 0.00881033
v 0.07088643 0.15940877 -0.00711253
v 0.07108720 0.14235327 -0.00039524
v 0.07002974 0.02807130 -0.09881046
v 0.07044944 0.14011509 0.00112659
v 0.07184025 0.15002295 -0.00269446
v 0.06733765 0.03358092 0.14987443
v 0.06988245 0.13830179 0.00415870
v 0.07174304 0.02734831 0.15053919
v 0.07086749 0.09561367 0.02494354
v 0.07043339 0.10927093 0.00908083
v 0.07201856 0.14324109 -0.00085420
v 0.06987965 0.06360455 0.04552505
v 0.07041005 0.13903458 0.00223447
v 0.07051401 0.15480459 -0.08245830
v 0.07053015 0.13950168 0.00119116
v 0.07054630 0.14059936 0.00088446
v 0.07099382 0.10804922 0.00822062
v 0.07016706 0.11100850 0.01406677
v 0.07038136 0.09420386 0.02083295
v 0.07010804 0.10791867 0.00992943
v 0.06922351 0.07289578 0.04632467
v 0.07031814 0.08091133 0.03531165
v 0.07020747 0.09440027 0.02054548
v 0.07059472 0.10947698 0.00948831
v 0.07016156 0.12514141 0.00776977
v 0.07150669 0.08073396 0.03192333
v 0.07061086 0.09401265 0.02049737
v 0.07012718 0.10971296 0.00879721
v 0.07031494 0.09700631 0.02286836
v 0.07062700 0.12794379 0.00458105
v 0.07035605 0.08202884 0.03401456
v 0.07124926 0.13729488 0.00103010
v 0.07048618 0.09503032 0.02589571
v 0.07048912 0.11277912 0.01395248
v 0.07196250 0.04242228 0.10219272
v 0.07067543 0.08048539 0.03546129
v 0.07069157 0.08221261 0.03347579
v 0.07014196 0.11021829 0.00955486
v 0.06977559 0.11015503 0.00892900
v 0.07116228 0.14185347 -0.00012957
v 0.07030046 0.09228061 0.02244379
v 0.07223037 0.15970655 -0.00810609
v 0.07156474 0.09657487 0.02339654
v 0.07007530 0.09611899 0.02532620
v 0.07031807 0.12735699 0.00534961
v 0.07065743 0.09684602 0.02420581
v 0.07056036 0.10954864 0.00876650
v 0.07075614 0.13887212 0.00109430
v 0.07018454 0.09678481 0.02621069
v 0.07078843 0.14093835 0.00051318
v 0.07079734 0.16197624 -0.01034688
v 0.06708875 0.08453532 0.03862950
v 0.07087852 0.08412573 0.03547322
v 0.07008975 0.09424403 0.02554894
v 0.07036123 0.10822179 0.00944169
v 0.07083686 0.12950959 0.00380622
v 0.07193376 0.11073341 0.01008465
v 0.07085300 0.12734652 0.00451647
v 0.06991625 0.09810132 -0.08449348
v 0.07060372 0.11139709 0.01223255
v 0.07042351 0.10787149 0.00957167
v 0.07095758 0.11089900 0.01324718
v 0.07127310 0.13978295 -0.00845994
v 0.07049590 0.08155983 0.03446046
v 0.07091757 0.09354452 0.02062650
v 0.07035132 0.09716677 0.02404296
v 0.07038402 0.10850940 0.01034402
v 0.07244519 0.13896602 -0.08200793
v 0.06854773 0.14747847 0.00105229
v 0.07100336 0.08268299 0.03587544
v 0.07099362 0.09320142 0.02123938
v 0.06952307 0.02485617 0.15609900
v 0.07049303 0.09445889 0.02115187
v 0.07046287 0.10866731 0.00904804
v 0.07193038 0.11246035 0.01229973
v 0.07051792 0.09286436 0.02262334
v 0.07023414 0.12437109 0.00630526
v 0.07147235 0.08340403 0.03465414
v 0.07217246 0.08367752 0.03483811
v 0.07058613 0.08095721 0.03503231
v 0.07176297 0.08241923 0.03640560
v 0.07104671 0.09307639 0.02093321
v 0.06979955 0.09463149 0.02164321
v 0.07268034 0.11071687 0.00507578
v 0.07029827 0.13076621 0.00487340
v 0.07017285 0.09288899 0.02293136
v 0.07113733 0.10992792 0.01127075
v 0.07106285 0.13832330 0.00083603
v 0.07180666 0.09459503 0.02502125
v 0.07010779 0.10808878 0.01005013
v 0.07063955 0.13032936 0.00395604
v 0.07064849 0.08181849 0.03402606
v 0.07069188 0.09241410 0.02191884
v 0.07083256 0.11171989 0.01077489
v 0.07054308 0.12521871 0.00519121
v 0.07189444 0.07675427 0.03746916
v 0.07057020 0.10874242 0.00996279
v 0.07048283 0.13718788 0.00411347
v 0.07111128 0.14108363 0.00007734
v 0.07115710 0.09487769 0.02371216
v 0.07080165 0.12845267 0.00576303
v 0.07081394 0.08301173 0.03724329
v 0.07008028 0.10842728 0.01074546
v 0.07108480 0.11274474 0.01204935
v 0.07143515 0.13069226 0.00424266
v 0.07115970 0.12971944 0.00337037
v 0.07030925 0.02752259 0.15081752
v 0.06952248 0.13297286 0.00602957
v 0.07064904 0.10908264 0.00965727
v 0.07216234 0.11170841 0.01154951
v 0.07119199 0.12684611 0.00429048
v 0.07141886 0.08181695 0.03651133
v 0.07181273 0.14026645 0.00160325
v 0.06999009 0.15751226 -0.00840879
v 0.07125214 0.13818146 0.00122743
v 0.07192534 0.09983122 -0.08439028
v 0.07077211 0.09417003 0.02113292
v 0.06971564 0.14692344 0.00243000
v 0.07081189 0.09297362 0.02220897
v 0.07085487 0.08065028 0.03513217
v 0.07206417 0.11006630 0.01256682
v 0.07076308 0.14110297 0.00212734
v 0.07124613 0.11208403 0.01178598
v 0.07118514 0.05578554 0.06283081
v 0.07166802 0.09333984 0.02401319
v 0.07199274 0.10111627 0.00441019
v 0.07092099 0.08194889 0.03360784
v 0.07163577 0.10906026 0.01219393
v 0.07165244 0.08473814 0.03536821
v 0.07130227 0.04200911 -0.09975869
v 0.07141645 0.10849332 0.01211553
v 0.07112597 0.08015673 0.03536028
v 0.07112986 0.08220721 0.03304339
v 0.07277756 0.10268632 0.01070108
v 0.07143412 0.13796816 0.00048090
v 0.07174732 0.07992863 0.03459590
v 0.07105782 0.10842158 0.01356318
v 0.07151001 0.11085967 0.01109632
v 0.07061948 0.11251347 -0.07811889
v 0.07146276 0.08190313 0.03289391
v 0.07101257 0.09381937 0.02120892
v 0.07040773 0.10987731 0.00946711
v 0.06985568 0.07873579 -0.08590739
v 0.07148255 0.14098678 -0.00035850
v 0.07219262 0.03638264 0.14284918
v 0.06787939 0.09687481 0.02550140
v 0.07164649 0.09509900 0.02263715
v 0.07157073 0.12699077 0.00540414
v 0.07153098 0.12967101 0.00293453
v 0.07153098 0.15075288 -0.00294127
v 0.07110820 0.09607274 0.02196879
v 0.07111465 0.09617083 0.02289350
v 0.07492143 0.10173306 0.01418846
v 0.07148442 0.12583815 0.00441777
v 0.07163284 0.08293865 0.03757332
v 0.07109414 0.09346418 0.02143457
v 0.07026460 0.09444632 0.02080589
v 0.07156326 0.12652326 0.00395150
v 0.07156326 0.15128556 -0.00315112
v 0.07157940 0.08203505 0.03276552
v 0.07161540 0.13973852 0.00338140
v 0.07200882 0.14212134 0.00006662
v 0.07084922 0.11275477 0.01108432
v 0.07220026 0.12793277 0.00501862
v 0.07134562 0.00126066 -0.10384655
v 0.07066068 0.08071614 0.03276102
v 0.07177713 0.09158649 -0.08040272
v 0.07104629 0.15165773 -0.00253526
v 0.07162783 0.15474003 -0.08195789
v 0.07164397 0.15009104 -0.00287670
v 0.07120725 0.08039391 0.03508483
v 0.06964130 0.08508422 0.01875024
v 0.07047000 0.08127144 0.03480221
v 0.07081473 0.08162400 0.03337131
v 0.07124054 0.08196956 0.03326673
v 0.07230349 0.10932410 0.01060835
v 0.07180510 0.11886341 -0.00204883
v 0.07614322 0.14198912 -0.00643444
v 0.06940159 0.15494710 -0.08296799
v 0.07094074 0.09269133 0.02139742
v 0.07182428 0.13687099 -0.00037095
v 0.07294917 0.14540435 -0.00790958
v 0.07177311 0.13788745 0.00006120
v 0.07207377 0.14224905 0.00213354
v 0.07173192 0.09676877 0.02545829
v 0.07161751 0.12968046 0.00645128
v 0.07178925 0.15162455 -0.00352240
v 0.07214622 0.08313829 0.03678892
v 0.07184076 0.14164933 -0.00017682
v 0.07201785 0.13708278 0.00012203
v 0.07182154 0.14064779 -0.00071363
v 0.07212090 0.15809968 -0.00694786
v 0.06965767 0.09266266 0.01175264
v 0.07259537 0.11223125 0.01077601
v 0.07192714 0.13055101 0.00088752
v 0.07186996 0.14946148 -0.00297356
v 0.07290888 0.07790546 -0.08927149
v 0.07188026 0.12966434 0.00164524
v 0.06972305 0.07368679 0.04705723
v 0.07159686 0.07997248 0.03511020
v 0.07309373 0.13904346 -0.00173569
v 0.07157415 0.14256275 -0.00131640
v 0.07101386 0.09318431 0.02179465
v 0.07191839 0.12933203 0.00257940
v 0.07169623 0.10961819 0.01329299
v 0.07193453 0.12644254 0.00351565
v 0.07193649 0.09676478 0.02154793
v 0.07205928 0.10855850 0.01359759
v 0.07437000 0.06398546 0.05498050
v 0.07169802 0.13056128 0.00267747
v 0.07198442 0.13660453 0.00158171
v 0.07240571 0.14084485 0.00075147
v 0.07103658 0.07247432 0.04025142
v 0.07249362 0.12567224 0.00327149
v 0.07167853 0.15017061 -0.00165243
v 0.07199910 0.08171220 0.03266867
v 0.07245078 0.12973652 0.00234299
v 0.07107538 0.14238083 0.00170436
v 0.07228181 0.08387245 0.03572692
v 0.07211491 0.09340756 0.02291310
v 0.07246302 0.15815072 -0.00759766
v 0.07165435 0.08327948 0.03037376
v 0.07214013 0.14053944 0.00196394
v 0.07262393 0.11029921 0.01050610
v 0.07176275 0.15195006 -0.00208884
v 0.06894065 0.08283902 0.03899511
v 0.07265490 0.09420903 0.02225917
v 0.07167553 0.09374570 0.02578960
v 0.07179713 0.06729664 0.04406405
v 0.07209596 0.13804888 -0.00039078
v 0.07146214 0.15870087 -0.01556582
v 0.07211210 0.08042082 0.03410533
v 0.07262647 0.10831639 0.01166703
v 0.07185854 0.13835839 -0.00045298
v 0.07277511 0.15251694 -0.00479367
v 0.07326123 0.08468594 0.03394966
v 0.07212824 0.14013122 -0.00097191
v 0.07216811 0.14806417 -0.00269815
v 0.07214438 0.15173755 -0.00399052
v 0.07231684 0.07123565 0.05088602
v 0.07168831 0.08439283 0.03749343
v 0.07228994 0.09303993 0.02454113
v 0.07170079 0.12833976 0.00689205
v 0.07200421 0.12908264 0.00491524
v 0.07215639 0.14093546 0.00315425
v 0.07217667 0.14896107 -0.00319955
v 0.07289388 0.13777829 -0.00116197
v 0.07230188 0.09473652 0.02180312
v 0.07245846 0.13107859 0.00502508
v 0.07527222 0.10565087 -0.08024053
v 0.07224124 0.12876705 0.00235341
v 0.07246109 0.13969327 -0.00163739
v 0.07225738 0.12660397 0.00304753
v 0.07489523 0.03903151 0.13734159
v 0.07217069 0.08257487 0.03661611
v 0.07165910 0.12802954 0.00338977
v 0.07248159 0.08102925 0.03643680
v 0.07274952 0.09458659 0.02416263
v 0.07230581 0.13840400 -0.00077820
v 0.07280666 0.13894346 -0.00231169
v 0.07199794 0.07998715 0.03466703
v 0.07187346 0.08027168 0.03454189
v 0.07251275 0.13920918 0.00169902
v 0.07232195 0.13951782 -0.00108491
v 0.07315117 0.15837328 -0.00770295
v 0.07187864 0.08159640 0.03300312
v 0.07176685 0.08314854 0.03574351
v 0.07170823 0.12617796 0.00535394
v 0.07130772 0.08227513 0.03264421
v 0.07225516 0.09594217 0.02329772
v 0.07271729 0.13033701 0.00273938
v 0.07245326 0.11178861 0.01000376
v 0.07240266 0.13892055 -0.00102033
v 0.07362987 0.14937747 -0.00290077
v 0.07157483 0.08183179 0.03307033
v 0.07277882 0.09681710 0.02204840
v 0.07273430 0.12943675 0.00382025
v 0.07293453 0.08193018 0.03421706
v 0.07339009 0.12674868 0.00608637
v 0.07246723 0.12812135 0.00225655
v 0.07285249 0.13110581 0.00128345
v 0.07548486 0.03970597 0.13192485
v 0.07248337 0.12695911 0.00264397
v 0.07316044 0.08012944 0.03423340
v 0.07249951 0.08087280 0.03308837
v 0.07239178 0.08102099 0.03747388
v 0.07249951 0.14870279 -0.00355468
v 0.07259947 0.14117921 -0.00127088
v 0.07286202 0.09541015 0.02446390
v 0.07198012 0.13742400 0.00157202
v 0.08938052 0.00070853 0.10375274
v 0.07229810 0.09402757 0.02239761
v 0.07254794 0.15164070 -0.00445865
v 0.07256833 0.10897836 0.01056897
v 0.07256408 0.12747565 0.00235341
v 0.07127377 0.15709632 -0.00473235
v 0.07212818 0.08129248 0.03307231
v 0.07262598 0.08426546 0.03586142
v 0.07279810 0.12895142 0.00175428
v 0.07230034 0.08016567 0.03412591
v 0.07229970 0.08131301 0.03280125
v 0.07296293 0.10286554 0.00576495
v 0.07299912 0.09527454 0.02316590
v 0.07239158 0.07262932 -0.08974375
v 0.07225626 0.08095388 0.03329935
v 0.07218527 0.12888645 0.00560630
v 0.07279583 0.08240266 0.03699919
v 0.07271666 0.10973083 0.01208038
v 0.07272550 0.15470773 -0.08144134
v 0.07275779 0.02763545 -0.09776121
v 0.07268511 0.08092748 0.03476637
v 0.07275779 0.02955639 -0.09776121
v 0.07274488 0.04102131 0.13476251
v 0.07305703 0.12696730 0.00201587
v 0.07281739 0.15801531 -0.01186514
v 0.07339560 0.14035704 -0.00100020
v 0.07248082 0.08047951 0.03356560
v 0.07345715 0.08236847 0.03358425
v 0.07154571 0.08028316 0.03488140
v 0.07262599 0.09610927 0.02284076
v 0.07370324 0.14909618 -0.00421670
v 0.07282236 0.14867051 -0.00395824
v 0.07541311 0.03030198 -0.09665590
v 0.07240044 0.08338596 0.03373517
v 0.07248532 0.12837391 0.00114395
v 0.07345867 0.15251030 -0.00152596
v 0.07285014 0.04141888 0.11143535
v 0.07283170 0.11065637 0.01240468
v 0.07269633 0.13975496 -0.00097065
v 0.07356641 0.15485819 -0.00599329
v 0.07261799 0.13014170 0.00590456
v 0.07351565 0.14788673 -0.00434266
v 0.07290307 0.02440699 0.14908701
v 0.07274214 0.08240618 0.02384858
v 0.07339082 0.10893615 0.01188276
v 0.07297408 0.14954894 -0.00092708
v 0.07290307 0.15135013 -0.00482992
v 0.07338511 0.13005715 0.00197154
v 0.07263705 0.14179307 -0.00014285
v 0.07252656 0.15152569 -0.00088233
v 0.07255415 0.13823442 0.00065196
v 0.07387339 0.09508969 0.02253088
v 0.07284646 0.11064986 0.01134357
v 0.07295620 0.09300672 0.01269726
v 0.07315449 0.12958360 0.00416144
v 0.07201252 0.15909827 -0.00642447
v 0.07291921 0.02629564 0.14908701
v 0.07279014 0.12691399 0.00267008
v 0.07344259 0.13779505 -0.00048242
v 0.07318054 0.15151858 -0.00240953
v 0.07307872 0.12965816 0.00067158
v 0.07325214 0.14220892 -0.00143664
v 0.07158530 0.02410504 0.15012152
v 0.07406109 0.14938902 -0.00283006
v 0.07338537 0.15598668 -0.00698104
v 0.07125183 0.07115489 0.04081131
v 0.07309678 0.14884808 -0.00437794
v 0.07267824 0.13857004 0.00102225
v 0.07223917 0.08066437 0.03367015
v 0.07241592 0.10993827 0.01103239
v 0.07361673 0.14189707 0.00122094
v 0.07168910 0.11121656 0.01081318
v 0.07228271 0.08066996 0.03320538
v 0.07334893 0.12727958 0.00471899
v 0.07381282 0.13068371 0.00348474
v 0.07317749 0.15088201 -0.00503977
v 0.07279713 0.15931737 -0.00621824
v 0.07281783 0.12713584 0.00440915
v 0.07356351 0.08110024 0.03518255
v 0.07321882 0.09369402 0.02455004
v 0.07366115 0.12874245 0.00161884
v 0.07380156 0.12796795 0.00205745
v 0.07260804 0.12643693 0.00496459
v 0.07286532 0.14841626 -0.00225281
v 0.07301109 0.12620075 0.00600631
v 0.07313811 0.13909421 0.00023838
v 0.07327434 0.07054172 0.04400057
v 0.07317776 0.10985799 0.01016603
v 0.07362505 0.11029197 0.01057883
v 0.07331123 0.12788516 0.00362042
v 0.07353807 0.15301222 -0.00282785
v 0.07347288 0.07025012 0.04482682
v 0.07286262 0.14126112 -0.00237715
v 0.07329049 0.14921935 -0.00473307
v 0.07303706 0.14077649 -0.01423739
v 0.07332277 0.15031703 -0.00507206
v 0.07370032 0.09440533 0.02214497
v 0.07302495 0.13109436 0.00242010
v 0.07334842 0.02812928 -0.09930104
v 0.07399967 0.12642036 0.00132347
v 0.07313627 0.03217189 0.14733212
v 0.07337120 0.14971976 -0.00497520
v 0.07323364 0.08397748 0.03474382
v 0.07297956 0.08416892 0.03322357
v 0.07412967 0.13020714 0.00407740
v 0.07262286 0.09518381 0.02251016
v 0.07309274 0.14066511 0.00065547
v 0.07369570 0.14945534 -0.00339846
v 0.07290559 0.15138360 -0.00266239
v 0.07263688 0.15273935 -0.00334778
v 0.07319770 0.13754706 -0.00145030
v 0.07537603 0.14884094 -0.00357806
v 0.07223577 0.02489175 0.15158734
v 0.07280533 0.13747357 0.00233975
v 0.07383894 0.15125123 -0.00384368
v 0.07243743 0.15503065 -0.07828710
v 0.07320082 0.05570866 -0.09144455
v 0.07343015 0.13759383 -0.00013463
v 0.07417528 0.10562420 -0.07490342
v 0.07400539 0.14905053 -0.00542756
v 0.07357154 0.12617933 0.00312696
v 0.08756279 0.00427271 0.01696653
v 0.07390232 0.15093491 -0.00571953
v 0.07212221 0.02659758 0.15151752
v 0.07395291 0.14820814 -0.00176101
v 0.07015903 0.04142926 0.09235798
v 0.07316402 0.07020132 0.04459626
v 0.07352874 0.13943045 -0.00084154
v 0.07355011 0.14975630 -0.00236599
v 0.07335066 0.13860879 0.00084463
v 0.07373290 0.08209181 0.03637616
v 0.07412666 0.15299909 -0.00294347
v 0.07322455 0.06979922 0.04505117
v 0.07262702 0.14292754 0.00014561
v 0.07433318 0.08123747 0.03387367
v 0.07354063 0.08292618 0.03666556
v 0.07244091 0.11633384 -0.08055697
v 0.07379814 0.15471373 -0.08087054
v 0.07322870 0.02464401 0.15369055
v 0.07413111 0.07354828 0.04784712
v 0.07422892 0.08082033 0.03587006
v 0.07380196 0.14183795 0.00000322
v 0.07538735 0.13377660 -0.08121312
v 0.07434288 0.14783749 -0.00294714
v 0.07406619 0.14066117 -0.00149256
v 0.07359924 0.13829020 0.00235312
v 0.07408455 0.15124968 -0.00349069
v 0.07283781 0.12136968 -0.00049682
v 0.07383478 0.13922080 -0.00236375
v 0.07536047 0.07249611 0.04541793
v 0.07414541 0.15111359 -0.00608949
v 0.07320280 0.04362306 0.09352324
v 0.07265434 0.01013494 0.15434351
v 0.07433497 0.12327037 -0.01070086
v 0.07416704 0.14789131 -0.00383756
v 0.07409988 0.15009829 -0.00368330
v 0.07419511 0.12606829 0.00447490
v 0.07342376 0.08132505 0.03757646
v 0.07396021 0.15118955 -0.00516675
v 0.07473549 0.04650876 -0.09275540
v 0.07436294 0.14953522 -0.00326849
v 0.07406737 0.08304984 0.03469479
v 0.09353944 -0.00051302 0.08542371
v 0.07382537 0.15938257 -0.01412255
v 0.07372581 0.04470912 0.08100602
v 0.07405964 0.08127578 0.03561730
v 0.07505025 0.06985616 0.04356455
v 0.07388344 0.12803024 0.00382094
v 0.07390576 0.06901247 0.04532747
v 0.07417199 0.15827179 -0.00706249
v 0.07350953 0.06938674 0.04528647
v 0.07353261 0.07074497 0.04339533
v 0.07358180 0.08281443 0.03420266
v 0.07490305 0.12691032 0.00393221
v 0.07447694 0.08362814 0.03382952
v 0.07434315 0.15147182 -0.00508272
v 0.07425077 0.13745439 0.00066999
v 0.07443570 0.14839936 -0.00431388
v 0.07327661 0.07357917 0.04614802
v 0.07415754 0.14917289 -0.00124630
v 0.07410071 0.07073384 0.04483823
v 0.07437941 0.07247064 0.04720992
v 0.07469181 0.07200111 0.04608622
v 0.07415076 0.07042865 0.04518986
v 0.07467175 0.15638922 -0.00586004
v 0.07467873 0.07038030 0.04238634
v 0.07453485 0.07252610 0.04699115
v 0.07430913 0.02898438 -0.09242793
v 0.07427502 0.07068620 0.04253260
v 0.07386558 0.07079601 0.04289015
v 0.07505266 0.08214919 0.03480802
v 0.07382747 0.05511242 -0.09646573
v 0.07479172 0.06857236 0.04483998
v 0.07613384 0.07034390 0.04273191
v 0.07477303 0.13941699 -0.00051388
v 0.07474426 0.08213680 0.03375865
v 0.07481107 0.13968418 0.00030485
v 0.07261920 0.02408390 0.14858325
v 0.07435615 0.07010607 0.04538823
v 0.07477126 0.15459991 -0.08046809
v 0.07435436 0.06872070 0.04519212
v 0.07492848 0.12813753 0.00295027
v 0.07437339 0.07115342 0.04392063
v 0.07263760 0.03172305 0.14677826
v 0.07742634 0.07226097 -0.08718370
v 0.07430262 0.15855705 -0.00936793
v 0.08335940 0.00587399 0.13789600
v 0.07570441 0.15039688 -0.00460245
v 0.07495315 0.15204426 -0.08042437
v 0.07477102 0.15189369 -0.00488462
v 0.07599371 0.11518461 -0.07893396
v 0.07574911 0.07240470 0.04642798
v 0.07479957 0.07347316 0.04508693
v 0.07541838 0.15208302 -0.00419493
v 0.07175600 0.04271867 0.09696644
v 0.07512545 0.07279848 0.04443300
v 0.07462974 0.07120514 0.04353127
v 0.07418609 0.07098588 0.04438852
v 0.07491066 0.14806905 -0.00295289
v 0.07466283 0.06981728 0.04541825
v 0.07530792 0.07097884 0.04678305
v 0.07532348 0.07243443 0.04770850
v 0.07514685 0.14930006 -0.08032752
v 0.07462609 0.06904884 0.04522594
v 0.07485728 0.15307073 -0.00696074
v 0.10966803 0.01525950 0.05865745
v 0.07384640 0.04748432 0.08251256
v 0.07541156 0.05292488 0.05878536
v 0.07518789 0.15473464 -0.08103580
v 0.07385419 0.15506916 -0.08080699
v 0.07531309 0.14976822 -0.00358571
v 0.07467038 0.07229994 0.04611645
v 0.07475944 0.02807130 -0.09640526
v 0.07359258 0.03852723 0.13786693
v 0.07490386 0.08957923 0.01998352
v 0.07532442 0.06884678 0.04374230
v 0.07756188 0.14719366 -0.02565397
v 0.07514848 0.14180339 -0.01286085
v 0.07540513 0.14573262 -0.08013381
v 0.07503807 0.15061633 -0.00617155
v 0.07545721 0.15200455 -0.08136528
v 0.07541845 0.06923709 0.04393993
v 0.07551813 0.07057401 0.04319346
v 0.07613567 0.07340409 0.04539926
v 0.07549153 0.15158299 -0.00509867
v 0.07552423 0.14905097 -0.00413091
v 0.07633497 0.07347723 0.04321823
v 0.07567113 0.15240277 -0.00613378
v 0.07514988 0.06024303 0.04647433
v 0.07547031 0.14921596 -0.00299766
v 0.07450011 0.07352493 -0.08334280
v 0.07363976 0.09925453 -0.08095530
v 0.07563112 0.14218130 -0.07987553
v 0.07527147 0.07400588 0.04533289
v 0.07567955 0.02584366 0.14656883
v 0.07417065 0.09297972 -0.07698287
v 0.07633052 0.07026078 0.04631266
v 0.07572926 0.07084789 0.04777413
v 0.07524337 0.07088061 0.04316170
v 0.07577640 0.06994445 0.04375844
v 0.07529343 0.06957249 0.04270842
v 0.07677906 0.02642626 0.14578287
v 0.07532494 0.06950804 0.04503394
v 0.07580869 0.13867842 -0.07956883
v 0.07513645 0.07027394 0.04276378
v 0.07536895 0.06918102 0.04317593
v 0.07554214 0.07145580 0.04652596
v 0.07415788 0.07085821 0.04312818
v 0.07520694 0.15302802 -0.02336735
v 0.07692465 0.07053546 0.03180921
v 0.07493572 0.07110058 0.04326821
v 0.07512142 0.11393933 -0.07357722
v 0.07499700 0.06961498 0.04529891
v 0.07617513 0.02353496 0.14806425
v 0.07598731 0.07149106 0.04497057
v 0.07595397 0.13517555 -0.07919756
v 0.07502702 0.06999679 0.04246178
v 0.07582849 0.05131904 -0.09477546
v 0.07613650 0.07238965 0.04353454
v 0.07603468 0.13160809 -0.07881014
v 0.07636216 0.02317339 0.14722804
v 0.07556555 0.06954190 0.04464631
v 0.07509370 0.06864365 0.04432504
v 0.07606696 0.12799222 -0.07842273
v 0.07608565 0.07118793 0.04579929
v 0.07637660 0.07027767 0.04506889
v 0.07609925 0.12440862 -0.07800302
v 0.07281260 0.04058109 0.11724110
v 0.07540987 0.10878963 -0.00455953
v 0.07698813 0.11563836 -0.00670738
v 0.07617996 0.12088959 -0.07753490
v 0.07767075 0.15540253 -0.07420822
v 0.07386254 0.04453439 0.09047519
v 0.07572631 0.06970343 0.04419469
v 0.07764826 0.07157719 0.04558288
v 0.07708141 0.07146850 0.04669650
v 0.07683915 0.12843667 -0.01028450
v 0.07675342 0.07253753 0.04679537
v 0.07632524 0.11745127 -0.07703449
v 0.07605052 0.07349035 0.04592945
v 0.07675123 0.09453838 -0.07196608
v 0.07566184 0.02839528 -0.09473155
v 0.07551103 0.09062891 -0.08303480
v 0.07661470 0.13331930 -0.07964913
v 0.07725078 0.02560416 0.14708206
v 0.07625809 0.07208771 0.04703880
v 0.07686118 0.09668100 -0.07744008
v 0.07668601 0.04133259 -0.09533226
v 0.07686997 0.05435742 0.06082742
v 0.07633312 0.07154038 0.04399272
v 0.07655123 0.11407753 -0.07655022
v 0.07488314 0.04097459 0.10459459
v 0.07768244 0.08574185 0.02614849
v 0.07701197 0.07154426 0.04363015
v 0.07568739 0.07025641 0.04340970
v 0.07569034 0.11743532 -0.07739859
v 0.07674405 0.15315156 -0.01615653
v 0.07745822 0.15558584 -0.01227243
v 0.07660120 0.06999224 0.04362421
v 0.07791231 0.15321991 -0.02336106
v 0.07673068 0.00193894 -0.10166368
v 0.07685217 0.02788083 -0.10184203
v 0.07652829 0.07403937 0.04382996
v 0.07685794 0.11081678 -0.07609823
v 0.07701754 0.07316413 0.04451904
v 0.07337591 0.08157184 0.03604514
v 0.07705739 0.11423827 -0.07717454
v 0.07753766 0.07084245 0.04729978
v 0.07696224 0.07151432 0.04636593
v 0.07703551 0.02755474 -0.09508159
v 0.07887270 0.00877035 0.14894641
v 0.07703551 0.02945954 -0.09508159
v 0.07714442 0.07042728 0.04493477
v 0.07768225 0.07236407 0.04468041
v 0.07570694 0.07910502 0.03043450
v 0.08044368 0.00076600 -0.09908092
v 0.07722921 0.10771747 -0.07564624
v 0.07731765 0.07184532 0.04444770
v 0.07448884 0.02397481 0.14799937
v 0.07708085 0.09336274 0.00490438
v 0.07487874 0.02676626 -0.09716477
v 0.07728115 0.08517522 0.01309871
v 0.07633603 0.06564406 0.05598091
v 0.07771613 0.07100418 0.04512302
v 0.07667901 0.06547962 0.04746480
v 0.07764838 0.07003516 0.04658668
v 0.07763277 0.10482799 -0.07521041
v 0.07936233 0.10425159 -0.06521917
v 0.07671328 0.06515870 0.04366458
v 0.08028280 0.15878502 -0.01910321
v 0.07772564 0.02763492 -0.09641813
v 0.07589856 0.02989368 -0.09747173
v 0.08032660 0.04123197 0.09875513
v 0.07868685 0.15802362 -0.02187309
v 0.07876054 0.08362029 -0.07215969
v 0.07921625 0.09669420 -0.07587228
v 0.07624985 0.07259664 0.04408401
v 0.07830270 0.07241165 0.04385553
v 0.07861650 0.03505466 0.13650394
v 0.07803633 0.10219679 -0.07480685
v 0.07830626 0.07079933 -0.07964853
v 0.07788698 0.07192103 0.04331326
v 0.07913275 0.14252635 -0.01890967
v 0.07858869 0.14927513 -0.07736498
v 0.07894627 0.10866423 -0.07241559
v 0.07856640 0.07078289 0.04477325
v 0.07614258 0.13457491 -0.07474775
v 0.07837532 0.02343845 0.14346950
v 0.07990807 0.12531212 -0.02303903
v 0.08325144 0.04191062 0.09327454
v 0.07839146 0.02532710 0.14348564
v 0.07845603 0.09974316 -0.07437100
v 0.07566341 0.02393887 0.14655268
v 0.07996792 0.02628547 0.14025565
v 0.07986249 0.10164054 0.00101310
v 0.07576933 0.03612887 0.14119842
v 0.07976146 0.09699316 -0.07423962
v 0.08554622 0.04279291 0.09060569
v 0.08074856 0.07134190 -0.08134934
v 0.07819716 0.07896854 0.02462680
v 0.08273018 0.05459658 -0.08940172
v 0.08861769 0.00052317 -0.08752377
v 0.07900783 0.09223618 0.00796732
v 0.07895644 0.09740253 -0.07385445
v 0.07920566 0.05196080 -0.08781787
v 0.08081752 0.14494761 -0.01547096
v 0.07678903 0.07206959 -0.08588607
v 0.10065396 0.02597996 -0.02010861
v 0.07898657 0.03110889 0.14143438
v 0.07843339 0.08817118 -0.07742488
v 0.10131039 0.02618853 -0.02714572
v 0.07795993 0.11614789 -0.00001008
v 0.07998308 0.04339043 0.07840145
v 0.08238990 0.09994565 -0.01460350
v 0.07955276 0.14838175 -0.02424198
v 0.07673194 0.07077109 0.04602813
v 0.08299682 0.12254365 -0.02165664
v 0.07904357 0.02913822 -0.08838766
v 0.07893994 0.05886759 0.05636140
v 0.07951179 0.08511076 -0.07945306
v 0.07727106 0.07130833 0.04455343
v 0.07955370 0.09515875 -0.07317647
v 0.08198680 0.05442017 0.04516405
v 0.07684019 0.11708136 -0.00472957
v 0.07900487 0.02800673 -0.09327365
v 0.07968585 0.04842828 0.06292059
v 0.08029416 0.07102527 0.03158747
v 0.07796331 0.02399224 0.14955112
v 0.08120432 0.05985143 0.03880733
v 0.08533452 0.03978575 0.10775102
v 0.08080262 0.04567173 0.08094259
v 0.08049708 0.08340468 0.01785086
v 0.08029244 0.04310817 -0.08850779
v 0.08017604 0.04105331 0.10706669
v 0.08024782 0.09294725 -0.07232093
v 0.08028000 0.09537434 -0.00471860
v 0.08067777 0.07371727 0.03604360
v 0.08291114 0.09357908 -0.05484230
v 0.08094578 0.05303009 -0.08991629
v 0.08284961 0.14579095 -0.06451934
v 0.07979161 0.13320636 -0.07408924
v 0.08294866 0.15514000 -0.02241103
v 0.07963075 0.12977962 -0.00943648
v 0.08082895 0.02936268 -0.09174013
v 0.08289309 0.10080638 0.00303099
v 0.08082895 0.02745789 -0.09175627
v 0.08142507 0.13323035 -0.02328251
v 0.08094612 0.02782345 -0.09892392
v 0.08092660 0.05042581 0.06490515
v 0.08099037 0.02290576 0.13993433
v 0.08196278 0.12471895 -0.01248816
v 0.08105494 0.09071961 -0.07125553
v 0.08100651 0.02479441 0.13993433
v 0.08270360 0.02981013 -0.08990050
v 0.08037039 0.13191650 -0.02011250
v 0.07857836 0.03471752 -0.09516174
v 0.08265278 0.02668054 -0.09040205
v 0.07912680 0.04548253 -0.09477498
v 0.08278980 0.04271686 0.09030648
v 0.08147464 0.08960579 -0.07069056
v 0.08479650 0.02138045 0.13551552
v 0.08142131 0.09761611 -0.05973082
v 0.08119617 0.02554528 0.14150843
v 0.08057893 0.12762445 -0.06625159
v 0.08171554 0.02771414 -0.09306237
v 0.08211065 0.05962526 0.04350126
v 0.08261680 0.09276711 -0.00995177
v 0.08131568 0.15105140 -0.02483633
v 0.08230358 0.09873566 -0.00647352
v 0.08631617 0.03852302 0.10692138
v 0.08320637 0.04292718 0.07446306
v 0.08194277 0.08842740 -0.06999643
v 0.08166217 0.11593028 -0.01488467
v 0.08072052 0.02348549 0.14293839
v 0.08194124 0.11037970 -0.01873745
v 0.08080248 0.02843736 -0.09061371
v 0.08243130 0.04420080 -0.09057020
v 0.08043320 0.06112540 0.05725011
v 0.08314354 0.10481374 -0.06423656
v 0.08257253 0.07242654 -0.08049964
v 0.08294754 0.06798205 -0.07347234
v 0.08229067 0.03973232 0.10736259
v 0.08166464 0.15592889 -0.06752633
v 0.08588496 0.12358360 -0.02398687
v 0.08242525 0.03583205 0.13079321
v 0.08227298 0.09117744 -0.06721742
v 0.08397051 0.04171381 0.09711515
v 0.08265303 0.08684545 -0.06867276
v 0.08353310 0.11185096 -0.00759976
v 0.08271760 0.02784531 -0.08948021
v 0.08421717 0.06031550 0.03373514
v 0.07946421 0.03060054 0.13960451
v 0.08286515 0.12957009 -0.02886988
v 0.08273732 0.08397509 -0.05870214
v 0.08672160 0.07880517 0.00697712
v 0.08376916 0.07473755 -0.07408896
v 0.08289410 0.06906505 0.02906779
v 0.08374149 0.03876010 0.12066964
v 0.08164284 0.15559111 -0.07371351
v 0.08235895 0.12918796 -0.06223930
v 0.08331822 0.13085922 -0.06781196
v 0.08360488 0.08009262 0.02287482
v 0.08349243 0.02421329 0.13606018
v 0.08573180 0.03110012 -0.08753855
v 0.08209422 0.14005720 -0.02727022
v 0.08347629 0.02232463 0.13604404
v 0.08098896 0.02537947 0.14040037
v 0.08312694 0.08782326 -0.06995355
v 0.08573735 0.04758740 0.06348611
v 0.08327633 0.15692203 -0.03263534
v 0.08365385 0.08545722 -0.06654198
v 0.08459763 0.05138958 0.05485791
v 0.08205245 0.06313102 0.04097506
v 0.08407355 0.09010658 0.00135744
v 0.08074931 0.02612616 0.14066944
v 0.08411477 0.13471589 -0.05609735
v 0.08724839 0.05446378 0.04131761
v 0.08328588 0.06526029 0.03101950
v 0.08476360 0.13651858 -0.02571122
v 0.08537514 0.04513863 0.07466600
v 0.08686722 0.09873334 -0.01761931
v 0.08195167 0.03954035 0.09253675
v 0.08350530 0.14809811 -0.02188839
v 0.08408969 0.02926583 -0.08788212
v 0.08447965 0.04515928 0.06194256
v 0.08443534 0.13652127 -0.03902782
v 0.08472157 0.09295888 -0.00891122
v 0.08408969 0.02736104 -0.08789826
v 0.08363455 0.11884711 -0.05655156
v 0.08533996 0.06193199 0.03470695
v 0.08376404 0.06834172 0.03243792
v 0.08439851 0.02773433 -0.09524512
v 0.08610483 0.07237876 -0.07380714
v 0.08451946 0.04765208 -0.08322709
v 0.08400381 0.14964101 -0.03305460
v 0.08424519 0.00075545 -0.09503340
v 0.08422721 0.03280371 -0.08318251
v 0.08461540 0.10552232 -0.01597182
v 0.08492238 0.08124861 0.01302801
v 0.08473825 0.13411134 -0.04857375
v 0.08469680 0.15638651 -0.05882532
v 0.08490236 0.06618790 0.03297925
v 0.08492413 0.08260116 -0.04798532
v 0.08510542 0.08826529 -0.04400488
v 0.08266460 0.03001489 -0.09123844
v 0.08479996 0.08347171 -0.06384622
v 0.08611451 0.05121576 -0.08484933
v 0.08632919 0.02709091 -0.08704523
v 0.08347018 0.08202018 0.01312898
v 0.08555636 0.10368856 -0.04599747
v 0.08482059 0.07312840 0.01739001
v 0.08534592 0.14899643 -0.04053964
v 0.08507540 0.02906674 -0.08897768
v 0.08747054 0.04268322 -0.08687953
v 0.08520560 0.12901746 -0.06310707
v 0.08463079 0.12588135 -0.03805214
v 0.08592957 0.14621144 -0.06472916
v 0.08566106 0.14875139 -0.04841649
v 0.09235689 0.04470784 0.05145812
v 0.08504532 0.14774350 -0.05626927
v 0.08560543 0.15658565 -0.04491062
v 0.09796305 0.00081265 -0.02732689
v 0.08245529 0.02256598 0.13653116
v 0.08645262 0.07814723 0.01831402
v 0.08517461 0.11917732 -0.04708824
v 0.08770454 0.08462032 0.00038060
v 0.08688954 0.15126885 -0.03232347
v 0.08724830 0.08164289 -0.06037352
v 0.08432455 0.02282738 0.14169009
v 0.08576849 0.02758703 -0.08525092
v 0.08578464 0.02174351 0.13196003
v 0.08580078 0.02361602 0.13196003
v 0.08628237 0.07403757 0.01959199
v 0.08645920 0.13828036 -0.03286052
v 0.08500090 0.00730054 0.14140931
v 0.08537053 0.08730263 0.00238873
v 0.08916121 0.05337372 -0.08155295
v 0.08580296 0.15734886 -0.03178991
v 0.08455912 0.02912611 -0.08058784
v 0.08609542 0.08297674 0.00040403
v 0.08676385 0.09999147 -0.03616755
v 0.08620437 0.03024939 -0.08459871
v 0.08239795 0.04987154 0.05371112
v 0.08415887 0.08167229 -0.07146477
v 0.08607601 0.12739929 -0.05999121
v 0.09892628 0.01351061 -0.02727014
v 0.08803135 0.02392080 0.12898342
v 0.08671225 0.08127115 -0.03050172
v 0.08773163 0.02060115 0.12968147
v 0.08357123 0.06379140 0.04549945
v 0.08651104 0.08101808 -0.05898738
v 0.08615469 0.15608625 -0.06418978
v 0.08647736 0.09268981 -0.00787144
v 0.08556797 0.08737609 -0.05801992
v 0.08577721 0.09751724 -0.05624063
v 0.08919823 0.04012939 0.09026954
v 0.08849426 0.06556906 0.02773910
v 0.08653038 0.10553577 -0.02551522
v 0.08694805 0.02320300 0.13319269
v 0.08680160 0.02726418 -0.08360440
v 0.08680160 0.02916897 -0.08358826
v 0.08716063 0.05159889 -0.07728238
v 0.08879822 0.02768332 -0.08899676
v 0.08708793 0.03726409 0.11267580
v 0.08744624 0.04152841 -0.08496490
v 0.08790695 0.06176222 0.02281937
v 0.08529498 0.07061174 -0.06299941
v 0.08689133 0.10364950 -0.02999260
v 0.08811979 0.07767351 -0.05334314
v 0.09043712 0.05077316 0.05414421
v 0.08635639 0.07653651 -0.04515807
v 0.08713405 0.13112649 -0.05482836
v 0.08732227 0.06750162 0.01534455
v 0.08748522 0.09261210 -0.02153413
v 0.08928151 0.02647495 -0.08024230
v 0.08752835 0.07426948 -0.03017477
v 0.08596586 0.06011510 0.03454209
v 0.08826578 0.07437724 -0.00671797
v 0.08828095 0.15676647 -0.04310997
v 0.08793832 0.14683860 -0.05701529
v 0.08852562 0.08006862 0.00832410
v 0.02138944 0.00979078 0.00917735
v 0.08769380 0.08123825 -0.01710448
v 0.08767957 0.13309822 -0.04893458
v 0.08893313 0.02911755 -0.08255696
v 0.08449951 0.02940042 0.13333611
v 0.08793410 0.06962480 0.00741136
v 0.08776361 0.02689995 0.12617193
v 0.08786700 0.02113010 0.12776303
v 0.08803244 0.12385361 -0.04508030
v 0.08312573 0.03516656 0.12808274
v 0.09076702 0.02006021 0.11975957
v 0.08923323 0.02867770 -0.06470771
v 0.08822548 0.04422717 -0.07751925
v 0.08934961 0.09282180 -0.00681145
v 0.08755434 0.13630859 -0.04045206
v 0.08743367 0.03286136 -0.07746973
v 0.08745524 0.12651085 -0.03673131
v 0.08813107 0.14768801 -0.03873170
v 0.08815756 0.02724804 -0.08061808
v 0.08781383 0.09287525 -0.00071566
v 0.08833767 0.15648255 -0.05344680
v 0.08669507 0.02794560 -0.08167781
v 0.08821555 0.05431461 0.04248424
v 0.08972339 0.05252761 -0.07858548
v 0.08852883 0.07749906 -0.05191705
v 0.08865514 0.14848842 -0.04860842
v 0.08551510 0.02201095 0.13315141
v 0.08938559 0.04875343 0.03745152
v 0.08848267 0.10731470 -0.04740828
v 0.08851807 0.06738939 -0.05089642
v 0.09050010 0.00631829 0.13273149
v 0.09004916 0.05170426 0.02989697
v 0.09053822 0.03890140 0.09283057
v 0.08901310 0.02718347 -0.07895542
v 0.08901310 0.02907212 -0.07893927
v 0.08909533 0.10556381 -0.02090652
v 0.08708201 0.06269799 0.03832879
v 0.08811445 0.08680245 -0.04412705
v 0.08977040 0.10092102 -0.03647095
v 0.08935566 0.10994844 -0.03434735
v 0.08959422 0.07531985 -0.04784919
v 0.08936456 0.06776489 -0.03913809
v 0.08966028 0.06967924 0.01622641
v 0.08983636 0.02238920 0.12346917
v 0.08982021 0.02050055 0.12345304
v 0.08986864 0.02686062 -0.07569467
v 0.08788314 0.02301875 0.12777917
v 0.08684361 0.07433875 -0.06462220
v 0.08935417 0.08068617 -0.03583762
v 0.08951416 0.03016207 -0.07841319
v 0.09067210 0.04028637 0.05950627
v 0.09093326 0.02721272 -0.07793737
v 0.09039683 0.09607871 -0.02378133
v 0.08947503 0.06648744 -0.00270516
v 0.09080178 0.03046706 -0.06163007
v 0.09389955 0.03609331 0.07356398
v 0.09827234 0.02731137 -0.06705338
v 0.09152326 0.05236480 0.03028759
v 0.09106437 0.07111636 -0.05594719
v 0.08983976 0.03053844 -0.08050911
v 0.09201904 0.04552623 0.03269569
v 0.09409428 0.00305100 0.11999555
v 0.08891489 0.01543046 -0.08855424
v 0.09069615 0.07386263 -0.02856961
v 0.09060042 0.09019217 -0.01415360
v 0.09137475 0.04099031 0.07867355
v 0.09311877 0.05265150 -0.07384148
v 0.09100087 0.07723887 -0.00688253
v 0.09391475 0.02734586 0.11393919
v 0.09067576 0.07286621 -0.04399117
v 0.08999995 0.03482995 0.11242546
v 0.09121830 0.04175695 -0.07856585
v 0.08906596 0.02110738 0.12844482
v 0.09065329 0.02557296 -0.02307741
v 0.08989632 0.03618499 0.09231376
v 0.09062355 0.05575046 0.04407369
v 0.09083718 0.02708662 -0.07401587
v 0.09083718 0.02897526 -0.07401587
v 0.09099860 0.02647321 -0.07065827
v 0.09116801 0.06952548 0.00647299
v 0.09109880 0.07142461 -0.03919576
v 0.08978168 0.05260559 -0.07002328
v 0.09033501 0.02729891 -0.07011748
v 0.09292887 0.05754205 -0.06939694
v 0.10052094 0.02427942 -0.00453510
v 0.09136407 0.02372363 -0.00721864
v 0.09060672 0.03539196 0.11266544
v 0.09217847 0.04265559 -0.07914551
v 0.09011500 0.02155245 0.13244742
v 0.09010480 0.03277823 0.11826249
v 0.09105033 0.07458818 -0.04618901
v 0.09426044 0.00478498 0.12555331
v 0.09232355 0.02694898 -0.02437431
v 0.08970589 0.02975043 -0.07984617
v 0.09206313 0.05193707 0.02970265
v 0.09411317 0.05254542 -0.01435024
v 0.09110375 0.04162080 0.05152070
v 0.09175729 0.01988714 0.11899775
v 0.09177344 0.02177579 0.11901389
v 0.09180572 0.07008974 -0.04074657
v 0.08978010 -0.00043997 0.05889799
v 0.09187029 0.02613422 -0.06560573
v 0.09247068 0.06773837 -0.00968600
v 0.09246597 0.02920555 -0.07310878
v 0.09186999 0.04309960 0.06087785
v 0.09212403 0.03934381 0.09040995
v 0.09225808 0.02706427 -0.03541187
v 0.09210252 0.05230215 0.00853974
v 0.09131478 0.06813111 -0.05123864
v 0.09008220 0.03332604 -0.07020338
v 0.09405773 0.05612666 -0.03651379
v 0.09123520 0.04950022 0.04046722
v 0.09305545 0.03271027 -0.07422556
v 0.09189334 0.04941427 0.02677554
v 0.09233841 0.02698976 -0.06888261
v 0.09233841 0.02886227 -0.06888261
v 0.09445450 0.05320806 -0.06375789
v 0.09262416 0.06123944 0.01550317
v 0.09147473 0.04503944 -0.06885886
v 0.09258055 0.02582752 -0.06055318
v 0.09248339 0.02380662 -0.02349911
v 0.09211336 0.06906547 -0.02029960
v 0.09341576 0.02580529 -0.04647297
v 0.09491972 0.03643449 0.08988548
v 0.09226714 0.04571288 0.04690553
v 0.09198603 0.02960418 -0.07045577
v 0.09114085 0.05924478 0.00634228
v 0.09462602 0.02121485 0.11593820
v 0.09483831 0.03869979 0.02923244
v 0.09388423 0.02026804 0.01122558
v 0.09298411 0.06713570 -0.03829294
v 0.09332631 0.05041482 0.04627438
v 0.09679772 0.05480880 -0.04854701
v 0.08906708 0.00105863 -0.08836022
v 0.09311386 0.02541535 -0.02133351
v 0.09311174 0.02678829 -0.00762079
v 0.09207436 0.02773255 -0.07104557
v 0.09324238 0.02552081 -0.05550064
v 0.09384285 0.02187760 -0.00520646
v 0.09458599 0.01648097 -0.07763072
v 0.09434766 0.03263105 0.09207641
v 0.09023096 0.06542874 -0.02145207
v 0.09284836 0.05107018 -0.07202846
v 0.09409056 0.05100611 0.01626946
v 0.09353285 0.02463245 -0.02486840
v 0.09343196 0.04821055 -0.01194430
v 0.09484670 0.04354424 -0.07203617
v 0.09588538 0.04084420 0.04363419
v 0.09359752 0.02874927 -0.06362022
v 0.09380974 0.02929264 -0.03952902
v 0.09343189 0.05004334 0.02685416
v 0.09359752 0.02687677 -0.06362022
v 0.09317986 0.02943002 -0.06787006
v 0.09392328 0.03200889 -0.02116887
v 0.09380737 0.01925759 0.11436491
v 0.09472231 0.04808333 0.02619771
v 0.09382351 0.02114625 0.11436491
v 0.09390422 0.02524639 -0.05044810
v 0.09324504 0.06919068 -0.03966125
v 0.09387898 0.03374153 -0.00984232
v 0.09372618 0.04212248 0.00487884
v 0.09494442 0.05022946 0.00051578
v 0.09311278 0.04400527 0.05127308
v 0.09479481 0.02506952 0.00810301
v 0.09464975 0.02634398 -0.06104804
v 0.09419478 0.06408480 -0.03669485
v 0.09507935 0.03187206 0.00886691
v 0.09449043 0.04473293 -0.02031367
v 0.09391850 0.05070225 -0.05447380
v 0.09494590 0.02365863 -0.02151921
v 0.09429071 0.02636085 -0.06543161
v 0.09426590 0.03853584 0.04183645
v 0.09631887 0.03441130 0.09240902
v 0.09464426 0.05250856 0.01263350
v 0.09488376 0.03808861 -0.02116979
v 0.09458220 0.02503654 -0.04539555
v 0.09571392 0.02526468 -0.00856735
v 0.09428956 0.04583018 0.05174139
v 0.09464677 0.02863628 -0.05840626
v 0.09613264 0.02867764 -0.05796763
v 0.09519129 0.05085614 -0.04485304
v 0.09491503 0.05193435 0.00378131
v 0.09665354 0.05736935 -0.03667170
v 0.09429776 0.02748645 -0.06694808
v 0.09487276 0.02547238 -0.03529046
v 0.09562554 0.05465941 0.01874941
v 0.09761355 0.03125068 0.09996760
v 0.09392196 0.03892585 -0.07049086
v 0.09694182 0.03286861 -0.05104434
v 0.09521175 0.02487512 -0.04042372
v 0.09584261 0.04691616 -0.00763424
v 0.09429094 0.03385434 -0.04976441
v 0.09566963 0.04868938 -0.03159189
v 0.09537317 0.06103389 -0.03575859
v 0.09497845 0.02617774 -0.02388826
v 0.09594274 0.03485028 0.02340480
v 0.09427715 0.01921958 0.11381997
v 0.09573204 0.03321759 -0.03792736
v 0.09500459 0.02801043 -0.02061969
v 0.09550231 0.02850714 -0.05340214
v 0.09551845 0.02663463 -0.05341828
v 0.09441422 0.02736520 -0.07795203
v 0.09555073 0.02493969 -0.03535503
v 0.09464677 0.02674763 -0.05840626
v 0.09566373 0.02481055 -0.03564560
v 0.09585744 0.02410029 -0.00607288
v 0.09587358 0.02461684 -0.01002774
v 0.09511674 0.00190278 -0.07685161
v 0.09584217 0.04959735 -0.00941082
v 0.09918518 0.03154087 0.08949079
v 0.09574461 0.04133943 -0.04804907
v 0.09587358 0.02598894 -0.00605674
v 0.09587358 0.02650549 -0.01001161
v 0.09584386 0.04753262 -0.01384154
v 0.09600272 0.01864418 0.10950607
v 0.09614076 0.02781356 -0.04184391
v 0.09601886 0.02053284 0.10952222
v 0.09823036 0.01804692 0.10453424
v 0.09605115 0.02347074 -0.00189202
v 0.09341326 0.03156118 0.10909229
v 0.09709900 0.00056709 -0.06704636
v 0.09600272 0.02502040 -0.01370820
v 0.09600272 0.02690905 -0.01369205
v 0.09716341 0.02437537 0.00460723
v 0.09605115 0.02535939 -0.00189202
v 0.09619643 0.02650549 -0.04883387
v 0.09619643 0.02837800 -0.04883387
v 0.09624486 0.02532710 -0.01703351
v 0.09624486 0.02721575 -0.01703351
v 0.09857112 0.03519912 0.07818745
v 0.09657884 0.04106492 -0.01415680
v 0.09625129 0.05096948 0.02385491
v 0.09707198 0.02612190 -0.04331037
v 0.09652994 0.02899317 -0.05056369
v 0.09657269 0.03328034 -0.01900666
v 0.09795741 0.01820516 0.01743892
v 0.09591117 0.06242366 -0.03596520
v 0.09781372 0.02580146 -0.04302166
v 0.09680521 0.03960997 0.00097475
v 0.09635785 0.02740946 -0.03519361
v 0.09643856 0.02274433 0.00236955
v 0.09643856 0.05799914 -0.03529046
v 0.10340324 0.01614301 0.09317814
v 0.09643856 0.02463298 0.00238569
v 0.09651928 0.02553695 -0.01995527
v 0.09651928 0.02742560 -0.01995527
v 0.09640216 0.03121221 -0.02086518
v 0.09655637 0.02525231 -0.02095551
v 0.09668968 0.05152660 0.00663403
v 0.09713599 0.02473831 -0.01508117
v 0.09670513 0.03944581 -0.03428646
v 0.09519396 0.05795137 -0.00351005
v 0.09672913 0.02826500 -0.04481443
v 0.09674527 0.02639249 -0.04483057
v 0.09569977 0.02138416 0.11144242
v 0.09747974 0.02344504 0.02186288
v 0.09679366 0.03662331 -0.01286399
v 0.09662518 0.04525306 -0.01972088
v 0.09679369 0.02566609 -0.02248961
v 0.09679369 0.02755474 -0.02248961
v 0.09651319 0.05578998 -0.05615586
v 0.09360091 0.02397411 0.11355992
v 0.09593544 0.03481003 0.05146451
v 0.09721339 0.02576295 -0.02636377
v 0.09669482 0.02770749 -0.02022579
v 0.09780212 0.02450339 0.00568225
v 0.09695512 0.02198564 0.00648584
v 0.09732751 0.03762676 0.05387130
v 0.09767031 0.03927400 0.02589413
v 0.09695512 0.02389044 0.00650198
v 0.09703583 0.02573066 -0.02462040
v 0.09647182 0.02693788 -0.00876769
v 0.09703583 0.02761931 -0.02462040
v 0.09883157 0.05358228 -0.04484498
v 0.09713268 0.02627950 -0.04139226
v 0.09713268 0.02815201 -0.04139226
v 0.09765186 0.02517384 -0.02222688
v 0.09725843 0.02669536 -0.03546216
v 0.09728027 0.03809561 -0.02066420
v 0.09728552 0.02529368 -0.00236403
v 0.09729411 0.02581137 -0.02938238
v 0.09729411 0.02766774 -0.02776815
v 0.09730325 0.02771641 -0.02978329
v 0.09849011 0.02831625 -0.04068777
v 0.09732639 0.05519038 -0.03508061
v 0.09729631 0.02572434 -0.02776859
v 0.09730459 0.02581867 -0.03091160
v 0.09721339 0.02765160 -0.02636377
v 0.09730995 0.02776822 -0.03094336
v 0.09620707 0.03084854 -0.05813378
v 0.09635330 0.02265479 0.00184836
v 0.09737482 0.02805515 -0.03850278
v 0.09739096 0.02616650 -0.03851893
v 0.09735151 0.03802810 -0.06074540
v 0.09792380 0.02653291 -0.04637252
v 0.09745553 0.02594051 -0.03290141
v 0.09799627 0.02823842 -0.03233238
v 0.09750396 0.02129153 0.01013400
v 0.09750396 0.02795830 -0.03617829
v 0.09752010 0.02318018 0.01015014
v 0.09752010 0.02787759 -0.03433807
v 0.09830342 0.02807776 -0.02572268
v 0.09745553 0.02781302 -0.03290141
v 0.09817584 0.03647787 0.01919250
v 0.09812280 0.02335676 0.01158030
v 0.09752010 0.02600508 -0.03433807
v 0.09750396 0.02608579 -0.03617829
v 0.09783439 0.00124526 -0.06965440
v 0.09688887 0.02313220 -0.00249055
v 0.09788601 0.02546460 -0.03273277
v 0.09773105 0.04940436 -0.00360132
v 0.09732429 0.02704819 -0.01521252
v 0.09798872 0.02729716 0.10094830
v 0.09697698 0.03357340 0.06374842
v 0.09787523 0.01522202 -0.06906018
v 0.09848260 0.04852550 -0.04670181
v 0.09800437 0.02072654 0.01300734
v 0.09800437 0.02261520 0.01302347
v 0.09800437 0.05268832 -0.03503219
v 0.09836658 0.02538888 -0.03109294
v 0.09810122 0.03065407 -0.03508061
v 0.09702679 0.04411045 -0.05864187
v 0.09856360 0.02589251 -0.02761221
v 0.09844461 0.02661374 0.09153294
v 0.09759015 0.02241931 0.00287123
v 0.09824650 0.01993557 0.10453424
v 0.09861677 0.02946094 -0.01996408
v 0.10247884 -0.00061558 0.06598464
v 0.09988261 0.01606362 0.03416965
v 0.09835950 0.02033913 0.01494441
v 0.09645856 0.03622542 0.09010506
v 0.09837564 0.02222778 0.01496055
v 0.09851182 0.02816621 -0.03197638
v 0.10014797 0.02219777 0.03356264
v 0.09782009 0.03090049 0.00722908
v 0.09629062 0.02024016 0.12027368
v 0.09874756 0.01992167 0.01630885
v 0.10043766 0.02222779 0.09662113
v 0.09761614 0.03204925 0.03623816
v 0.09851852 0.04938394 -0.03213219
v 0.09868234 0.02193722 0.01638108
v 0.09749007 0.02861930 0.02374546
v 0.09889463 0.02622873 -0.03572430
v 0.10072870 0.02700871 -0.05477680
v 0.09993261 0.01776679 0.09730554
v 0.09961059 0.04015884 -0.03951197
v 0.09919149 0.05271225 -0.03507512
v 0.10159158 0.00715845 0.01604039
v 0.09855059 0.03220846 -0.03803184
v 0.09892448 0.04813619 -0.03501604
v 0.09957701 0.03122407 -0.03524242
v 0.10005672 0.00345279 0.11249132
v 0.09944458 0.03522944 -0.01776261
v 0.09950008 0.02080902 0.01417063
v 0.09923118 0.03477036 -0.03498376
v 0.09868790 0.04502146 -0.01039373
v 0.09952144 0.01792432 -0.06243124
v 0.10031109 0.01729786 0.10256794
v 0.10002128 0.03633055 -0.04429034
v 0.10076017 0.02528655 0.09718776
v 0.09915291 0.04667024 -0.05255720
v 0.10160916 0.02312979 0.00255926
v 0.09950560 0.04358406 -0.03498376
v 0.09960732 0.00125527 -0.06337760
v 0.10008712 0.00121021 -0.02787734
v 0.10085032 0.01767721 0.09740384
v 0.09924431 0.01964009 0.01850047
v 0.09926804 0.02152116 0.01861608
v 0.09889997 0.01399038 -0.02680325
v 0.09966703 0.03911264 -0.03495148
v 0.10089731 0.02750618 0.09186760
v 0.09954613 0.01956391 0.01602477
v 0.10145882 0.02000014 0.02705115
v 0.10089511 0.03012208 0.08961720
v 0.10027481 0.00473203 0.01632508
v 0.10299249 0.01547942 0.03579358
v 0.09896633 0.02983170 0.07707071
v 0.10012983 0.02061357 0.09088447
v 0.09980079 0.02407992 0.01796606
v 0.09953306 0.03516318 0.06556355
v 0.10031272 0.01935445 0.09951398
v 0.10029658 0.01746580 0.09949784
v 0.10045800 0.01880561 0.02303171
v 0.10045800 0.02069426 0.02304785
v 0.10090270 0.01477533 -0.05559992
v 0.10078940 0.04067019 -0.03512828
v 0.10109503 0.02830387 0.02719839
v 0.10139797 0.00176154 0.10633439
v 0.10078996 0.01393293 -0.02779026
v 0.10189526 0.01978143 0.09786919
v 0.10096103 0.02036180 0.02476312
v 0.10036897 0.01712368 0.08953714
v 0.10104007 0.00089879 -0.04626876
v 0.10129899 0.02462708 0.07709838
v 0.10084595 0.02543146 -0.01395964
v 0.10186706 0.01862226 0.10718902
v 0.10080521 0.00193999 -0.02896021
v 0.10104620 0.01150610 0.00061220
v 0.10109939 0.01413012 -0.02592883
v 0.10104657 0.02402000 -0.00440735
v 0.10063161 0.02621264 0.04232442
v 0.10240870 0.02491968 0.08889716
v 0.10117102 0.01354332 -0.01478977
v 0.10106017 0.00186317 -0.05560167
v 0.09971830 0.03395468 0.03389660
v 0.10098670 0.01749485 -0.00520143
v 0.10135754 0.01420816 -0.02882971
v 0.10114369 0.02680644 -0.05041926
v 0.10145882 0.01811149 0.02703500
v 0.10154901 0.01680466 -0.03125133
v 0.10092172 0.01898983 0.10206286
v 0.10170122 0.00190665 -0.04315587
v 0.10162158 0.02648982 -0.03931143
v 0.10161842 0.01556998 -0.02082543
v 0.10132335 0.00519978 0.01635698
v 0.10168004 0.01455672 -0.04485975
v 0.10215587 0.01614651 0.07605971
v 0.10200956 0.01517902 0.04490458
v 0.10158020 0.02615787 0.06272188
v 0.10319619 0.02508557 0.08920473
v 0.10366687 0.02051815 0.01543861
v 0.10202380 0.01693310 0.09450987
v 0.10250115 0.01716158 0.08843136
v 0.10203994 0.01882175 0.09452601
v 0.09963176 0.02237711 0.01543070
v 0.10278761 0.02052301 0.07045412
v 0.10276854 0.00897048 0.01300772
v 0.10239985 0.02969217 0.07765692
v 0.10250807 0.01736894 0.03163557
v 0.10252421 0.01925759 0.03165171
v 0.10541275 0.01755931 0.09681327
v 0.10299363 0.01952529 0.02728556
v 0.10292354 0.01547227 0.06211718
v 0.10152129 0.01307859 0.00079033
v 0.10263751 0.02055482 0.04917637
v 0.10397164 0.00239316 0.10221352
v 0.10284464 0.01920203 0.09104077
v 0.10321612 0.00524156 0.01692280
v 0.10326676 0.01643269 0.08963490
v 0.10330491 0.01880843 0.09517123
v 0.10328290 0.01832134 0.08963490
v 0.10333473 0.01702891 0.08880887
v 0.10349275 0.01665868 0.03655897
v 0.10350890 0.01854733 0.03657511
v 0.10393802 0.00865014 0.01665630
v 0.10490407 0.00001971 0.08741264
v 0.10367709 0.01584230 0.09120392
v 0.10368720 0.02741603 0.04731416
v 0.10432079 0.00494513 0.01845180
v 0.10388439 0.02177366 0.03717462
v 0.10410616 0.01598070 0.08485676
v 0.10412230 0.01786935 0.08485676
v 0.10492841 0.01484960 0.04631384
v 0.10496184 0.01569781 0.07415424
v 0.10431601 0.01604527 0.04156308
v 0.10314805 0.01974464 0.03140935
v 0.10431601 0.01793392 0.04156308
v 0.10487245 0.01844872 0.08772542
v 0.10393609 0.01669768 0.03296833
v 0.10521489 0.01592670 0.08682139
v 0.10457959 0.02325423 0.07969058
v 0.10316163 0.01678870 0.08893434
v 0.10465500 0.01559329 0.08014321
v 0.10467114 0.01746580 0.08014321
v 0.10573890 0.01800497 0.04274419
v 0.10421494 0.01750821 0.03393144
v 0.10451294 0.02700596 0.06339020
v 0.10580960 0.01504976 0.04570529
v 0.10492942 0.01556100 0.04656720
v 0.10494556 0.01744966 0.04658334
v 0.10502627 0.01527044 0.07544580
v 0.10504242 0.01715909 0.07546194
v 0.10534912 0.01691696 0.07076453
v 0.10356387 0.01647734 0.03440515
v 0.10561277 0.01462278 0.07509569
v 0.10592934 0.01997588 0.06843545
v 0.10533298 0.01502831 0.07076453
v 0.10523054 0.01817639 0.04398696
v 0.10685027 0.01778005 0.03063919
v 0.10536526 0.01518973 0.05155517
v 0.10536526 0.01707838 0.05155517
v 0.10492503 0.01825232 0.08344365
v 0.10555897 0.01488303 0.06605098
v 0.10605171 0.00147539 0.09533157
v 0.10560740 0.01494760 0.05646244
v 0.10561436 0.01505854 0.05892834
v 0.10555897 0.01677168 0.06606711
v 0.10565582 0.01486689 0.06130514
v 0.10560740 0.01683625 0.05647857
v 0.10582431 0.01463136 0.05878726
v 0.10567196 0.01673939 0.06130514
v 0.10592220 0.02029613 0.05114033
v 0.10652110 0.01430976 0.05484118
v 0.10721552 0.00291533 0.03277871
v 0.10580251 0.01658787 0.04186271
v 0.10670134 0.01450958 0.06760535
v 0.10664812 0.01731994 0.05657635
v 0.10636352 0.01655025 0.07695795
v 0.10631285 0.01746065 0.06974869
v 0.10716720 0.01569639 0.05916420
v 0.10771273 0.01647640 0.08714915
v 0.10778577 0.00118755 0.08764469
v 0.10663092 0.00183953 0.03623276
v 0.10866493 0.01599943 0.08069573
v 0.10894471 0.01593219 0.04605094
v 0.10810014 -0.00001087 0.07977383
v 0.10962407 0.00107580 0.05459823
v 0.10879457 0.00024795 0.05885017
v 0.10941252 0.00054273 0.07390338
v 0.10958876 0.01529429 0.06876142
f 3781 7243 6635
f 3781 3787 7243
f 6473 3679 7358
f 6933 3787 7210
f 6933 7243 3787
f 6638 3763 3826
f 7353 3684 3679
f 7192 3763 6638
f 3752 4399 3809
f 3752 7314 4399
f 3680 7358 3679
f 6638 3826 6635
f 4053 5721 4350
f 4053 7192 5721
f 3763 7192 4053
f 3826 3781 6635
f 3809 7210 3787
f 3809 4399 7210
f 3691 7314 3752
f 3905 4468 5666
f 4105 3683 4014
f 6473 7353 3679
f 7353 3691 3684
f 6830 5721 6905
f 3680 4105 7358
f 3680 3683 4105
f 4766 4105 4014
f 4766 7352 4105
f 6905 5721 7192
f 3905 4766 4014
f 7279 7352 4766
f 7358 4105 7352
f 7314 3691 7353
f 7269 4399 7314
f 7210 4399 7269
f 4147 4468 3905
f 5108 5666 4468
f 6386 5666 5108
f 5666 6386 6521
f 5666 4766 3905
f 7349 7352 7279
f 7327 7314 7353
f 7327 7269 7314
f 7261 7192 6638
f 6830 6905 7050
f 6675 6830 6759
f 6569 6830 6675
f 6569 5721 6830
f 5549 5721 5724
f 5549 4350 5721
f 5390 4350 5549
f 4996 4350 5390
f 4459 4350 4996
f 4363 4350 4459
f 4270 4350 4363
f 3969 4053 4350
f 4306 4468 4147
f 4453 4468 4306
f 4453 5108 4468
f 5467 6386 5108
f 5646 6386 5467
f 7244 7279 7184
f 7243 6933 7210
f 7256 7192 7261
f 4051 3969 4350
f 3773 3763 4053
f 3703 4014 3683
f 6521 6386 6655
f 4766 7184 7279
f 7248 7243 7210
f 7243 6638 6635
f 3774 3826 3763
f 3774 3781 3826
f 3787 3781 3774
f 3791 3809 3787
f 5331 5467 5108
f 5466 5646 5467
f 6521 4766 5666
f 7184 6796 6937
f 6796 6521 6655
f 6521 7184 4766
f 6796 7184 6521
f 3791 3786 3790
f 3765 3786 3787
f 3787 3786 3791
f 3774 3765 3787
f 3759 3765 3774
f 3754 3786 3765
f 3802 3790 3786
f 3754 3765 3759
f 3802 3786 3754
f 3808 3790 3802
f 3767 3754 3759
f 3890 3754 3767
f 3788 3754 3890
f 3788 3802 3754
f 4088 3802 3788
f 7243 7258 6638
f 7243 7254 7258
f 7248 7254 7243
f 7254 7210 7282
f 7248 7210 7254
f 7269 7282 7210
f 7282 7269 7293
f 7262 7258 7254
f 7262 7254 7282
f 7255 7258 7262
f 7275 7282 7293
f 7246 7282 7275
f 7251 7282 7246
f 7251 7262 7282
f 7247 7262 7251
f 7247 7255 7262
f 4364 4270 4363
f 3842 3804 3956
f 3778 3804 3842
f 3771 3762 3778
f 3771 3750 3762
f 3758 3750 3771
f 3804 3778 3762
f 4119 4052 3956
f 4119 4184 4052
f 4350 4184 4119
f 4350 4270 4184
f 4457 4363 4459
f 4457 4364 4363
f 4268 4270 4364
f 4268 4184 4270
f 3842 3956 4052
f 3759 3758 3766
f 3759 3750 3758
f 5004 4457 4459
f 5389 5004 5390
f 3784 3759 3766
f 3772 3759 3784
f 5551 5389 5390
f 5388 5389 5551
f 5388 5004 5389
f 4457 5004 5388
f 3778 3842 4052
f 3771 3766 3758
f 3771 3784 3766
f 4890 3921 4398
f 4890 4398 6629
f 7069 4890 6629
f 3990 4398 3921
f 4268 4398 3990
f 4224 3921 4890
f 3921 4224 3817
f 6583 4398 5388
f 6583 6629 4398
f 6763 6629 6583
f 6789 4890 7069
f 7241 6789 7069
f 3784 3921 3817
f 3771 3921 3784
f 3771 3990 3921
f 3778 3990 3771
f 4052 3990 3778
f 4052 4268 3990
f 4184 4268 4052
f 4457 4268 4364
f 4457 4398 4268
f 5388 4398 4457
f 6122 6583 5388
f 6982 6629 6763
f 6982 7069 6629
f 7156 7069 6982
f 7212 7069 7156
f 7212 7241 7069
f 7213 6789 7241
f 6813 5727 4890
f 3817 5727 4214
f 4224 5727 3817
f 4890 5727 4224
f 6789 6813 4890
f 7213 6813 6789
f 7237 6813 7213
f 7217 6813 7237
f 7217 5727 6813
f 4214 5727 7217
f 3784 4214 3772
f 3784 3817 4214
f 6849 3788 7246
f 7246 3788 7251
f 3890 7251 3788
f 7251 3890 7247
f 4088 6849 7275
f 7247 3890 3767
f 7275 6849 7246
f 7196 4088 7275
f 3995 4088 7196
f 7217 7247 3767
f 5376 7196 7263
f 5376 3995 7196
f 4125 3995 5376
f 3816 3995 4125
f 3808 3995 3816
f 3802 3995 3808
f 4088 3995 3802
f 3788 6849 4088
f 3759 3772 3767
f 4214 3767 3772
f 4214 7217 3767
f 7247 7217 7237
f 7293 7196 7275
f 7286 7196 7293
f 7286 7263 7196
f 7223 5376 7263
f 6369 5376 7223
f 7223 7263 7286
f 5743 5376 6369
f 5743 4125 5376
f 6578 6655 6400
f 6940 6937 6879
f 7358 7355 6473
f 7349 7350 7352
f 7332 7350 7349
f 7279 7284 7332
f 7244 7200 7284
f 6796 6802 6879
f 6578 6802 6796
f 6386 6400 6655
f 6029 6400 6386
f 7357 7352 7350
f 7297 7327 7342
f 7352 7357 7358
f 7279 7332 7349
f 7244 7284 7279
f 7184 7200 7244
f 7184 6940 7200
f 6937 6940 7184
f 6796 6879 6937
f 6655 6578 6796
f 6400 6029 5707
f 7355 7358 7357
f 7342 7327 7353
f 7293 7327 7297
f 7353 6473 7355
f 5707 6029 5646
f 7269 7327 7293
f 5711 5707 5646
f 7342 7353 7355
f 7286 7293 7297
f 5646 6029 6386
f 5711 5646 5466
f 4558 3831 6949
f 4739 4558 6410
f 4854 6454 4565
f 6949 3831 5766
f 6248 4739 6410
f 6248 4854 4739
f 5766 3831 3994
f 4565 6454 5096
f 4739 4854 3770
f 3831 4558 3838
f 6454 4854 6910
f 5291 4565 5096
f 3770 4854 4565
f 3838 4558 4739
f 7176 6949 5766
f 7176 4558 6949
f 6410 4558 7176
f 6910 4854 6248
f 5717 5096 6454
f 3740 3994 3831
f 7294 6410 7176
f 7294 6248 6410
f 7236 6248 7294
f 6910 6248 7236
f 5291 5096 5717
f 3721 4739 3770
f 3721 3838 4739
f 3681 3838 3721
f 3686 3838 3681
f 3686 3831 3838
f 3740 3831 3686
f 3829 3994 3740
f 5743 3994 3829
f 6369 3994 5743
f 6369 5766 3994
f 7223 5766 6369
f 7351 5766 7223
f 7351 7176 5766
f 7356 7176 7351
f 7354 7176 7356
f 7354 7294 7176
f 6802 6454 6910
f 6578 6454 6802
f 6578 5717 6454
f 5463 5291 5717
f 5311 5291 5463
f 3825 4565 5291
f 3825 3770 4565
f 3690 3740 3686
f 7332 7294 7354
f 7332 7236 7294
f 6940 6910 7236
f 6940 6802 6910
f 5711 5717 6400
f 5711 5463 5717
f 5405 5311 5463
f 4447 5291 5311
f 4142 5291 4381
f 4142 3825 5291
f 3741 3770 3825
f 3741 3721 3770
f 3682 3686 3681
f 3682 3690 3686
f 3829 3740 3690
f 4125 3829 3816
f 4125 5743 3829
f 7297 7351 7223
f 7342 7351 7297
f 7355 7351 7342
f 7355 7356 7351
f 7357 7356 7355
f 7357 7354 7356
f 7350 7354 7357
f 7350 7332 7354
f 7284 7236 7332
f 7200 7236 7284
f 7200 6940 7236
f 6879 6802 6940
f 6400 5717 6578
f 5707 5711 6400
f 4381 5291 4447
f 4010 3825 4142
f 3764 3825 4010
f 3764 3741 3825
f 3687 3721 3741
f 3685 3721 3687
f 3685 3681 3721
f 3678 3681 3685
f 3677 3681 3678
f 3677 3682 3681
f 3734 3829 3690
f 3734 3816 3829
f 7286 7297 7223
f 4306 4142 4381
f 4147 4142 4306
f 5331 5311 5405
f 5108 5311 5331
f 5108 4447 5311
f 4453 4447 5108
f 4453 4381 4447
f 4306 4381 4453
f 4010 4147 3905
f 5467 5331 5405
f 3691 3690 3684
f 3734 3690 3691
f 3682 3684 3690
f 3679 3684 3682
f 3677 3680 3679
f 3678 3680 3677
f 3791 3734 3691
f 3790 3734 3791
f 3734 3790 3808
f 3677 3679 3682
f 3683 3680 3678
f 3816 3734 3808
f 3683 3678 3685
f 3687 3703 3683
f 4010 4142 4147
f 5466 5405 5463
f 5466 5467 5405
f 4014 3764 3905
f 3764 4010 3905
f 5711 5466 5463
f 3752 3791 3691
f 3809 3791 3752
f 3687 3683 3685
f 3703 3687 3741
f 3703 3741 3764
f 3764 4014 3703
f 6583 6568 6675
f 6583 6122 6568
f 5551 6122 5388
f 5551 5723 6122
f 5724 5723 5551
f 5724 6122 5723
f 5721 6122 5724
f 5721 6568 6122
f 7264 7258 7260
f 7245 7258 7255
f 7245 7260 7258
f 7252 7264 7260
f 7233 7264 7252
f 7237 7245 7255
f 7213 7245 7237
f 7213 7260 7245
f 7241 7260 7213
f 7241 7252 7260
f 7212 7252 7241
f 6759 6583 6675
f 6763 6583 6759
f 7056 7156 6982
f 7212 7233 7252
f 7205 7233 7212
f 6982 6759 6911
f 6982 6763 6759
f 7163 7212 7156
f 7163 7205 7212
f 7056 7163 7156
f 6988 7163 7056
f 6988 6982 6911
f 6988 7056 6982
f 7205 7163 6905
f 7261 7264 7256
f 7258 7264 7261
f 6988 6905 7163
f 7050 6905 6988
f 7233 7205 7256
f 7192 7205 6905
f 7192 7256 7205
f 6638 7258 7261
f 7233 7256 7264
f 6830 6988 6911
f 6830 7050 6988
f 5549 5724 5551
f 7237 7255 7247
f 6759 6830 6911
f 6568 6569 6675
f 6568 5721 6569
f 3804 3762 3773
f 3969 3804 4053
f 3969 3956 3804
f 4051 3956 3969
f 3750 3763 3762
f 3759 3763 3750
f 3773 3762 3763
f 4051 4350 4119
f 4119 3956 4051
f 3774 3763 3759
f 4053 3804 3773
f 5004 4996 5390
f 4459 4996 5004
f 5551 5390 5549
f 4738 4555 4624
f 4952 4555 4738
f 4952 4697 4555
f 5199 4697 4952
f 4697 5199 4974
f 4515 4624 4509
f 5205 4974 5199
f 4509 4624 4555
f 5210 5199 4952
f 5205 5199 5210
f 5053 4974 5205
f 4691 4974 5053
f 4691 4697 4974
f 4555 4697 4691
f 4550 4509 4526
f 4550 4515 4509
f 4601 4624 4515
f 4738 4624 4601
f 5120 4952 4738
f 5120 5210 4952
f 5249 5210 5120
f 5202 5053 5205
f 4526 4509 4555
f 4700 4738 4601
f 4798 4738 4700
f 4798 5120 4738
f 5187 5249 5120
f 4666 4691 5053
f 4666 4555 4691
f 4500 4526 4555
f 4550 4526 4500
f 4611 4601 4515
f 4888 5120 4798
f 5187 5120 4888
f 5280 5205 5210
f 5238 5202 5205
f 5185 5053 5202
f 5185 5013 5053
f 4590 4555 4666
f 4500 4555 4590
f 4587 4611 4515
f 4590 4601 4611
f 4590 4700 4601
f 5109 5187 4888
f 5197 5187 5109
f 5269 5210 5249
f 5276 5205 5280
f 5238 5205 5276
f 5109 5013 5128
f 4888 5013 5109
f 4888 5053 5013
f 4798 5053 4888
f 4798 4666 5053
f 4572 4500 4590
f 4595 4500 4572
f 4550 4500 4595
f 4572 4658 4642
f 4572 4611 4658
f 4590 4611 4572
f 4666 4700 4590
f 5197 5109 5134
f 5269 5280 5210
f 5128 5013 5185
f 5134 5109 5128
f 4700 4666 4798
f 4626 4572 4642
f 4626 4595 4572
f 4550 4587 4515
f 5810 5889 6381
f 5617 5889 5810
f 5340 5325 5385
f 5350 5385 5325
f 5350 5588 5385
f 6175 6381 5889
f 6296 6381 6175
f 6375 6381 6296
f 5801 6381 6309
f 5810 6381 5801
f 5662 5617 5810
f 5662 5588 5617
f 5417 5588 5662
f 5417 5385 5588
f 5340 5385 5417
f 4719 5325 5340
f 5769 5889 5617
f 6175 5889 5769
f 6392 6381 6375
f 6392 6309 6381
f 5266 5325 4895
f 5350 5325 5266
f 5613 5588 5350
f 5613 5617 5588
f 5769 5617 5613
f 6146 6296 6175
f 6286 6375 6296
f 6340 6392 6396
f 6309 6392 6340
f 5968 5801 6309
f 5662 5810 5801
f 5340 5417 5662
f 5371 5350 5266
f 5613 5350 5371
f 5684 5769 5613
f 5684 6175 5769
f 6146 6175 5684
f 6209 6296 6146
f 6286 6296 6209
f 5968 6309 6340
f 5761 5662 5801
f 5151 5340 5327
f 5151 4719 5340
f 4658 4719 5151
f 4550 5325 4719
f 4550 4895 5325
f 4626 5266 4895
f 5326 5266 4626
f 5371 5266 5326
f 6159 5968 6340
f 5841 5801 5968
f 5761 5801 5841
f 5615 5662 5761
f 5521 5662 5615
f 5470 5662 5521
f 5470 5340 5662
f 5327 5340 5470
f 5403 5371 5326
f 5521 5371 5403
f 5521 5613 5371
f 5615 5613 5521
f 5615 5684 5613
f 5959 6146 5684
f 6209 6146 5959
f 6217 6396 6358
f 6340 6396 6217
f 5615 5761 5841
f 4642 5151 5327
f 4658 5151 4642
f 4587 4719 4658
f 4587 4550 4719
f 4550 4595 4895
f 4626 4895 4595
f 5326 4626 4642
f 5841 5684 5615
f 5841 5959 5684
f 6217 6209 5959
f 6191 6286 6209
f 6375 6286 6191
f 6365 6392 6375
f 6365 6396 6392
f 6365 6358 6396
f 6138 6217 6358
f 6159 6340 6217
f 5959 5968 6159
f 5841 5968 5959
f 5403 5470 5521
f 5326 5327 5470
f 4611 4587 4658
f 5327 5326 4642
f 5470 5403 5326
f 6159 6217 5959
f 6138 6209 6217
f 4909 5069 4598
f 5281 5069 4909
f 5281 5247 5069
f 5964 5767 6055
f 5665 5671 5767
f 5513 5671 5665
f 5513 5583 5671
f 5247 5281 5583
f 5334 5281 4909
f 5671 5281 5334
f 5671 5583 5281
f 5710 5767 5671
f 6055 5767 5710
f 5247 5583 5513
f 4651 4909 4598
f 5334 4909 5241
f 6298 5964 6055
f 5842 5767 5964
f 5665 5767 5842
f 5064 5247 5513
f 5064 5069 5247
f 4765 4598 5069
f 4773 4909 4651
f 5241 4909 4773
f 5315 5334 5241
f 5520 5334 5315
f 5520 5671 5334
f 5710 5671 5520
f 5928 6055 5710
f 5928 6168 6055
f 6365 6055 6168
f 6365 6298 6055
f 6072 5964 6298
f 5842 5964 6072
f 5064 5513 5665
f 4765 5069 5064
f 4675 4773 4651
f 5520 5928 5710
f 6138 6168 5928
f 5755 5665 5842
f 4648 4598 4765
f 4562 4651 4598
f 4740 4675 4651
f 5002 4773 4675
f 5002 5241 4773
f 5208 5241 5002
f 5315 5241 5208
f 5830 5928 5520
f 5856 6072 6191
f 5856 5842 6072
f 5580 5665 5755
f 5228 5665 5580
f 5228 5064 5665
f 4986 5064 5228
f 4915 5064 4986
f 4915 4765 5064
f 4648 4765 4915
f 4564 4648 4604
f 4564 4598 4648
f 5303 5315 5208
f 5580 5315 5303
f 5580 5520 5315
f 5663 5520 5580
f 5663 5830 5520
f 5856 5928 5830
f 6138 5928 5856
f 6365 6168 6138
f 6191 6072 6298
f 5830 5842 5856
f 5755 5842 5830
f 5580 5755 5663
f 4604 4648 4915
f 4562 4598 4564
f 4812 4675 4740
f 4778 4675 4812
f 4604 4675 4778
f 4604 5002 4675
f 4986 5208 5002
f 5303 5208 4986
f 6358 6365 6138
f 6375 6298 6365
f 6375 6191 6298
f 6138 6191 6209
f 5856 6191 6138
f 5663 5755 5830
f 5303 5228 5580
f 4986 5228 5303
f 5002 4915 4986
f 4604 4915 5002
f 4646 4604 4778
f 4610 4651 4562
f 4610 4740 4651
f 4740 4867 5058
f 4867 5256 5058
f 5420 5256 4867
f 5420 5445 5256
f 5530 5445 5420
f 5530 5595 5445
f 5688 5595 5530
f 5904 5688 5728
f 5803 5688 5904
f 5595 5688 5803
f 5058 5256 5445
f 4610 4867 4740
f 4562 4867 4610
f 4984 4867 4562
f 5728 5688 5530
f 5597 5445 5595
f 4812 4740 5058
f 5420 4867 4984
f 5392 5530 5420
f 6078 5991 5728
f 5991 5904 5728
f 6032 5904 5991
f 5803 5904 6032
f 5597 5595 5803
f 5446 5445 5597
f 5037 5445 5446
f 5037 5058 5445
f 4812 5058 5037
f 4625 4984 4562
f 5392 5420 4984
f 5637 5530 5392
f 5637 5728 5530
f 5848 5728 5637
f 6078 5728 5848
f 6285 5991 6078
f 6285 6032 5991
f 5446 5597 5686
f 5104 4984 4625
f 5104 5392 4984
f 6017 6078 5848
f 6044 6078 6017
f 6181 6032 6285
f 6095 6032 6181
f 6080 6032 6095
f 5803 6032 6080
f 5686 5803 5862
f 5686 5597 5803
f 4778 4812 5037
f 5104 4625 4646
f 5400 5392 5104
f 5592 5392 5400
f 5637 5392 5592
f 6251 6285 6078
f 6251 6181 6285
f 6004 6181 5974
f 6004 6095 6181
f 5862 5803 6080
f 5362 5686 5592
f 5362 5446 5686
f 5045 5446 5362
f 5045 5037 5446
f 5045 4778 5037
f 4564 4625 4562
f 4564 4646 4625
f 5045 5104 4646
f 5362 5104 5045
f 5362 5400 5104
f 5862 5848 5637
f 6095 6044 6017
f 5805 6078 6044
f 6018 6078 5805
f 6018 6251 6078
f 5974 6251 6018
f 5974 6181 6251
f 5913 6004 5974
f 5805 6004 5913
f 6044 6095 6004
f 6017 6080 6095
f 5862 6080 6017
f 5637 5686 5862
f 5592 5686 5637
f 4604 4646 4564
f 5045 4646 4778
f 5592 5400 5362
f 6017 5848 5862
f 6004 5805 6044
f 5829 5738 5789
f 5730 5685 5789
f 5789 5685 5748
f 5832 5829 5789
f 5512 5700 5829
f 5700 5738 5829
f 5730 5789 5738
f 5680 5685 5730
f 5748 5685 5680
f 5832 5827 5829
f 5774 5827 5805
f 5774 5829 5827
f 5682 5829 5774
f 5512 5829 5682
f 5913 5748 5805
f 5913 5789 5748
f 5974 5789 5913
f 5591 5680 5730
f 5506 5680 5591
f 5774 5748 5680
f 5974 5832 5789
f 6018 5832 5974
f 6018 5827 5832
f 5805 5827 6018
f 5748 5774 5805
f 5680 5682 5774
f 5506 5682 5680
f 5512 5682 5506
f 5607 5738 5700
f 5607 5730 5738
f 5411 4686 5409
f 5465 5409 4892
f 5186 5411 5586
f 4892 5409 4686
f 5465 4892 5277
f 5607 5409 5465
f 5411 5409 5607
f 5441 5586 5512
f 5441 5186 5586
f 4664 5186 5441
f 4528 5411 5186
f 4528 4686 5411
f 5433 5441 5512
f 5277 4892 4686
f 4549 5277 4463
f 5076 5277 4549
f 5076 5465 5277
f 5506 5591 5465
f 5591 5607 5465
f 5607 5586 5411
f 5433 5512 5506
f 4549 5186 4664
f 4551 4686 4528
f 4551 5277 4686
f 4463 5277 4551
f 4664 5076 4549
f 5433 5465 5076
f 5506 5465 5433
f 5730 5607 5591
f 5700 5586 5607
f 5700 5512 5586
f 5076 5441 5433
f 4664 5441 5076
f 4488 5186 4549
f 4528 5186 4488
f 5542 5482 5833
f 5542 5299 5482
f 5768 5833 6387
f 5542 5833 5768
f 5307 5299 4608
f 5307 5482 5299
f 5540 5482 5307
f 6156 5833 5482
f 6429 5833 6156
f 6429 6387 5833
f 5541 5542 5768
f 5087 5299 5542
f 5087 4490 5299
f 5307 4608 4621
f 6156 5482 5540
f 6479 6429 6156
f 4495 5299 4490
f 4495 4608 5299
f 4480 4608 4495
f 4480 4621 4608
f 6545 6387 6429
f 5768 6387 5702
f 5366 5542 5541
f 5087 5542 5366
f 4432 4490 5087
f 4495 4490 4432
f 4621 4480 4482
f 5431 5540 5307
f 5431 6156 5540
f 6426 6156 5431
f 6426 6479 6156
f 6522 6479 6426
f 6576 6545 6429
f 6547 6387 6545
f 5702 6387 6547
f 5541 5768 5702
f 4495 4432 4435
f 6532 6479 6522
f 6532 6429 6479
f 6532 6576 6429
f 6591 6545 6576
f 6591 6547 6545
f 6585 6547 6591
f 5603 5541 5702
f 5366 5541 5603
f 4780 5087 5366
f 4780 4432 5087
f 4505 4432 4780
f 4435 4432 4505
f 4463 4495 4435
f 4488 4482 4480
f 4505 4621 4482
f 4780 4621 4505
f 4780 5307 4621
f 4780 5431 5307
f 6547 5431 5603
f 6547 6426 5431
f 6547 6522 6426
f 6557 6522 6547
f 5603 5702 6547
f 4549 4463 4435
f 4551 4495 4463
f 4551 4480 4495
f 4528 4480 4551
f 4528 4488 4480
f 4549 4482 4488
f 4435 4482 4549
f 4435 4505 4482
f 5366 5431 4780
f 5603 5431 5366
f 6585 6557 6547
f 6533 6532 6522
f 6533 6576 6532
f 6533 6591 6576
f 6313 5736 5489
f 5259 5489 5736
f 4929 5489 5259
f 5267 5489 4929
f 5600 5489 5267
f 6313 5489 5600
f 6414 5736 6313
f 6414 5894 5736
f 5492 5259 5736
f 5360 5259 5492
f 4863 4929 5259
f 5272 5600 5267
f 5808 5736 5894
f 5492 5736 5808
f 4863 5259 5360
f 5415 5600 5272
f 6170 5600 5415
f 6170 6313 5600
f 6441 6313 6170
f 6414 6313 6441
f 5808 5894 6557
f 5604 5492 5808
f 4863 5360 4759
f 4665 5267 4929
f 4665 5272 5267
f 4665 4982 5272
f 6566 6414 6441
f 6533 5894 6414
f 5604 5360 5492
f 5415 5272 4982
f 5606 6170 5415
f 6585 6441 6170
f 6533 6414 6566
f 6522 5894 6533
f 6522 6557 5894
f 4982 5360 5604
f 4622 4929 4863
f 4665 4929 4622
f 4616 4665 4622
f 4616 4982 4665
f 6557 6585 6170
f 6591 6441 6585
f 6591 6566 6441
f 6591 6533 6566
f 6170 5808 6557
f 5606 5808 6170
f 5606 5604 5808
f 5415 5604 5606
f 5415 4982 5604
f 4759 5360 4982
f 5387 5384 5773
f 4926 5387 5230
f 5384 5387 4926
f 6009 5773 5384
f 5316 5230 5387
f 5601 6009 5384
f 6198 5773 6009
f 6198 5599 5773
f 5435 5773 5599
f 5435 5387 5773
f 5601 5384 4926
f 5316 5387 5435
f 4650 5230 5316
f 4650 4926 5230
f 4650 4948 4926
f 5884 6009 5601
f 6212 6009 5884
f 6383 6198 6009
f 6255 5599 6198
f 5435 5599 6255
f 4777 4650 5316
f 5135 4948 4866
f 5135 4926 4948
f 5601 4926 5135
f 6212 6383 6009
f 6255 6198 6383
f 5152 5435 5396
f 5152 5316 5435
f 4985 5316 5152
f 4985 4777 5316
f 4616 4777 4985
f 4616 4650 4777
f 5436 5601 5135
f 5436 5884 5601
f 5811 5884 5436
f 6224 5884 5811
f 6224 6212 5884
f 6235 6255 6382
f 6224 6255 6235
f 5811 6255 6224
f 5811 5435 6255
f 5396 5435 5811
f 5152 5135 4866
f 5436 5135 5152
f 6235 6212 6224
f 6268 6212 6235
f 6413 6212 6268
f 6413 6383 6212
f 6382 6383 6413
f 6382 6255 6383
f 4866 4985 5152
f 4759 4985 4866
f 4982 4985 4759
f 4982 4616 4985
f 4622 4650 4616
f 4863 4650 4622
f 4863 4948 4650
f 4863 4866 4948
f 4759 4866 4863
f 5396 5436 5152
f 5811 5436 5396
f 6241 6413 6268
f 6382 6413 6241
f 5695 5656 5507
f 5430 5507 5258
f 5430 5695 5507
f 5983 5656 5695
f 5507 5656 5647
f 5664 5430 5338
f 5664 5695 5430
f 6123 5647 5656
f 5258 5507 5647
f 5907 5695 5664
f 5177 5430 5258
f 5336 5664 5338
f 5547 5664 5336
f 5547 5907 5664
f 6226 5907 5547
f 5983 5695 5907
f 5983 6123 5656
f 5534 6123 6131
f 5534 5647 6123
f 5344 5647 5534
f 5344 5258 5647
f 5188 5258 5344
f 5338 5430 5177
f 5181 5336 5338
f 5336 5181 5250
f 6382 5907 6226
f 5060 5258 5188
f 5060 5177 5258
f 5181 5338 5177
f 5029 5250 5181
f 5250 5547 5336
f 6235 6382 6226
f 6241 5983 5907
f 6241 6123 5983
f 6241 6131 6123
f 5250 5344 5534
f 4979 5060 5188
f 4799 5177 5060
f 4799 5181 5177
f 5188 5250 5029
f 5534 5547 5250
f 6131 6226 5547
f 6235 6226 6131
f 6382 6241 5907
f 6268 6131 6241
f 6131 6268 6235
f 5547 5534 6131
f 5250 5188 5344
f 4979 5188 5029
f 5051 5181 4799
f 5518 5778 5734
f 5517 5518 5393
f 5731 5778 5914
f 5734 5778 5731
f 5356 5518 5734
f 5356 5393 5518
f 4943 5393 5356
f 5517 5393 4943
f 5914 5778 5518
f 6142 5731 5914
f 5692 5518 5517
f 5914 5518 5692
f 6006 6142 5914
f 6227 6003 5731
f 5440 5356 5734
f 4902 5356 5440
f 4902 4795 5356
f 4795 4943 5356
f 5314 4943 4857
f 5314 5517 4943
f 6006 5914 5692
f 6246 6142 6006
f 6246 5731 6142
f 6227 5731 6246
f 5582 5734 5731
f 5440 5734 5582
f 4857 4943 4795
f 5692 5517 5314
f 5954 6246 6006
f 6104 6003 6227
f 6057 6003 6104
f 5815 5731 6003
f 5659 5731 5815
f 5582 5731 5659
f 5401 4902 5440
f 4750 4857 4795
f 5690 5692 5314
f 5690 6006 5692
f 6001 6006 5690
f 5954 6006 6001
f 6177 6246 5954
f 6249 6246 6177
f 6249 6227 6246
f 6104 6227 6249
f 6001 6003 6057
f 5815 6003 6001
f 5401 5440 5582
f 4907 4902 5401
f 5029 4902 4907
f 5181 4902 5029
f 5051 4902 5181
f 5051 4795 4902
f 5051 4750 4795
f 4799 4750 5051
f 4799 4857 4750
f 5060 4857 4799
f 4979 4857 5060
f 4907 4857 4979
f 5401 4857 4907
f 5690 5314 4857
f 5659 6001 5690
f 6057 5954 6001
f 5942 6104 5976
f 5942 6057 6104
f 5659 5815 6001
f 5690 5582 5659
f 5690 5401 5582
f 4979 5029 4907
f 5401 5690 4857
f 5838 6177 5954
f 5976 6104 6249
f 5529 5533 5809
f 5357 5533 5529
f 5339 5533 5357
f 5585 5529 5809
f 5375 5529 5585
f 5357 5529 5375
f 5654 5339 5504
f 5654 5533 5339
f 5178 5357 5375
f 5504 5339 5333
f 5791 5533 5654
f 5976 5809 5533
f 5795 5585 5809
f 5709 5795 5838
f 5709 5585 5795
f 5469 5585 5709
f 5469 5375 5585
f 5474 5375 5469
f 5474 5178 5375
f 5130 5333 5339
f 5654 5504 5523
f 5942 5533 5791
f 5942 5976 5533
f 5795 5809 5976
f 5117 5339 5357
f 5117 5130 5339
f 5523 5504 5333
f 5474 5469 5709
f 5213 5357 5178
f 5075 5333 5130
f 5791 5654 5523
f 6057 5942 5791
f 6249 5795 5976
f 6177 5795 6249
f 6177 5838 5795
f 5791 5954 6057
f 5791 5838 5954
f 5791 5709 5838
f 5523 5709 5791
f 5523 5474 5709
f 5333 5474 5523
f 5075 5474 5333
f 4954 5474 5075
f 4954 5178 5474
f 5213 5178 4954
f 5117 5357 5213
f 5674 5772 5940
f 5587 5514 5674
f 5515 5352 5514
f 5295 5352 5515
f 5295 5007 5352
f 5772 5674 5514
f 5674 5940 6052
f 5515 5514 5587
f 5225 5007 5295
f 6034 5674 6052
f 6034 5587 5674
f 5056 5007 5225
f 4894 5007 5056
f 4894 4843 5007
f 5101 5007 4843
f 5352 5007 5101
f 5636 5514 5352
f 5636 5772 5514
f 5687 5772 5636
f 6105 5772 5687
f 6105 5940 5772
f 6034 6052 6305
f 5596 5515 5587
f 5094 5056 5225
f 5101 4843 5008
f 5432 5352 5101
f 5636 5352 5432
f 6213 5940 6105
f 6052 5940 6213
f 5668 5587 6034
f 5596 5587 5668
f 5337 5515 5596
f 5337 5295 5515
f 5049 5225 5295
f 5094 5225 5049
f 5117 4894 5056
f 4954 4843 4894
f 4954 5008 4843
f 5432 5101 5242
f 5982 6105 5687
f 6330 6034 6305
f 5668 6034 6330
f 5049 5295 5337
f 5075 5094 5049
f 4954 4894 5117
f 5242 5101 5008
f 5442 5432 5242
f 5442 5636 5432
f 6330 6105 5982
f 6155 6052 6213
f 6155 6282 6052
f 6282 6305 6052
f 6330 6305 6328
f 5713 5596 5668
f 5444 5596 5713
f 5444 5337 5596
f 5130 5094 5075
f 5130 5056 5094
f 5117 5056 5130
f 5213 4954 5117
f 5008 4954 5075
f 5444 5636 5442
f 5713 5636 5444
f 5713 5687 5636
f 5713 5982 5687
f 6328 6305 6282
f 5982 5668 6330
f 5713 5668 5982
f 5049 5008 5075
f 5049 5242 5008
f 5337 5242 5049
f 5337 5442 5242
f 5444 5442 5337
f 6328 6295 6330
f 6295 6105 6330
f 6295 6213 6105
f 6152 6282 6155
f 5419 5118 5248
f 5419 5361 5118
f 5670 5526 5361
f 5716 5526 5670
f 5871 5785 5716
f 6042 5785 5871
f 5526 5716 5785
f 5268 5361 5526
f 5268 5118 5361
f 4785 5118 5268
f 5670 5361 5419
f 6152 6042 5871
f 6155 6042 6152
f 6042 6155 6174
f 5667 5785 6042
f 5667 5526 5785
f 5003 5118 4785
f 5003 5248 5118
f 4770 5248 5003
f 4770 5047 5248
f 5672 5670 5419
f 6065 5716 5670
f 6152 5871 6065
f 5921 6042 6174
f 5667 6042 5921
f 5598 5526 5667
f 5332 5248 5047
f 5460 5248 5332
f 5460 5419 5248
f 5672 5419 5460
f 6065 5670 5672
f 6065 5871 5716
f 6238 6152 6065
f 5921 6174 6295
f 5454 5268 5526
f 4873 4796 5047
f 5332 5047 4796
f 6308 6152 6238
f 5454 5526 5598
f 4869 4785 5268
f 4788 4785 4869
f 4788 4673 4785
f 5003 4785 4673
f 4873 5047 4770
f 4754 4796 4873
f 4788 4796 4754
f 5602 5672 5460
f 5729 5672 5602
f 5729 6065 5672
f 6345 6065 5927
f 6345 6238 6065
f 6295 6308 6238
f 6328 6308 6295
f 6282 6152 6308
f 5729 5667 5921
f 5598 5667 5729
f 5454 5598 5602
f 4869 5268 5454
f 4605 4673 4788
f 4869 4796 4788
f 4869 5332 4796
f 5460 5332 4869
f 5927 6065 5729
f 6295 6238 6345
f 6282 6308 6328
f 6213 6174 6155
f 6213 6295 6174
f 5927 6295 6345
f 5927 5921 6295
f 5729 5921 5927
f 5602 5598 5729
f 5460 5454 5602
f 4869 5454 5460
f 4629 5003 4673
f 4629 4770 5003
f 5528 5590 5776
f 5330 5590 5528
f 5279 4755 4688
f 5279 5017 4755
f 5330 5017 5279
f 5839 5776 5590
f 6026 5776 5839
f 5589 5330 5279
f 5589 5590 5330
f 5839 5590 5589
f 6355 6026 5839
f 6278 6026 6355
f 5896 6026 6402
f 5776 6026 5896
f 5691 5528 5776
f 5293 5528 5691
f 5293 5330 5528
f 4935 4755 5017
f 4688 4755 4657
f 5279 4688 4776
f 6278 6402 6026
f 5691 5776 5896
f 5293 5017 5330
f 5084 5017 5293
f 5084 4935 5017
f 4680 4657 4755
f 4776 4688 4657
f 5379 5589 5279
f 5790 5839 5589
f 6311 6355 5839
f 4731 4935 5084
f 4605 4657 4680
f 5119 5279 4776
f 5379 5279 5119
f 6391 5896 6402
f 5797 5691 5896
f 5434 5691 5797
f 5434 5293 5691
f 5321 5293 5434
f 5084 5293 5321
f 4754 4935 4731
f 4873 4935 4754
f 4873 4755 4935
f 4629 4680 4755
f 4629 4605 4680
f 5650 5589 5379
f 5650 5790 5589
f 6075 5790 5797
f 6075 5839 5790
f 6359 5839 6075
f 6359 6311 5839
f 6478 6311 6359
f 6359 6391 6402
f 6075 5896 6391
f 5797 5896 6075
f 4696 4731 5084
f 4788 4754 4731
f 4770 4755 4873
f 4770 4629 4755
f 4657 4605 4788
f 5119 4776 4657
f 5797 5790 5650
f 5119 5084 5321
f 4696 5084 5119
f 4673 4605 4629
f 4731 4657 4788
f 4696 4657 4731
f 5119 4657 4696
f 5321 5379 5119
f 5434 5379 5321
f 5434 5650 5379
f 5797 5650 5434
f 6391 6359 6075
f 6312 6287 6149
f 5924 6071 5850
f 5915 6071 5924
f 6178 6149 6071
f 6312 6149 6178
f 6406 6287 6312
f 6303 6149 6287
f 5958 6149 6303
f 5958 6071 6149
f 5861 6071 5958
f 5861 5850 6071
f 6178 6071 5915
f 6222 6312 6178
f 6472 6312 6222
f 6472 6398 6312
f 6398 6406 6312
f 6457 6287 6406
f 6324 6287 6457
f 6324 6303 6287
f 5886 5924 5850
f 5886 5891 5924
f 5915 5924 5891
f 6222 6178 5915
f 6487 6398 6472
f 5905 5861 5958
f 5822 5861 5814
f 5891 5911 5865
f 6222 5915 5999
f 6432 6324 6457
f 5817 5861 5905
f 5814 5861 5817
f 5822 5850 5861
f 5875 5850 5863
f 5875 5886 5850
f 5911 5891 5886
f 5854 5891 5865
f 5878 5891 5854
f 5915 5891 5878
f 6417 6222 5999
f 6417 6472 6222
f 6495 6487 6472
f 6402 6487 6359
f 6402 6398 6487
f 6278 6398 6402
f 6278 6406 6398
f 6355 6457 6406
f 6311 6457 6355
f 6492 6457 6478
f 6432 6457 6492
f 5958 6303 6324
f 5828 5822 5814
f 5863 5850 5822
f 5999 5915 5878
f 6495 6472 6417
f 6359 6487 6495
f 6355 6406 6278
f 6478 6457 6311
f 6417 6324 6432
f 5999 5958 6324
f 5905 5958 5999
f 5865 5828 5814
f 5835 5828 5865
f 5918 5911 5886
f 5923 5865 5911
f 5890 5865 5923
f 5853 5865 5890
f 5817 5878 5854
f 6478 6359 6495
f 6495 6492 6478
f 6495 6432 6492
f 6417 6432 6495
f 5999 6324 6417
f 5878 5905 5999
f 5817 5905 5878
f 5854 5814 5817
f 5865 5814 5854
f 5853 5835 5865
f 6466 6497 6427
f 6372 6466 6427
f 6497 6466 6493
f 6455 6497 6493
f 6297 6293 6427
f 6297 6283 6338
f 6372 6427 6293
f 6461 6497 6455
f 6427 6497 6461
f 6283 6379 6338
f 6379 6461 6338
f 6427 6461 6283
f 6297 6427 6283
f 6379 6283 6461
f 4649 4676 4831
f 4987 4676 4768
f 4987 4831 4676
f 4654 4649 4584
f 4837 4831 4956
f 4837 4747 4831
f 4649 4831 4747
f 4747 4837 4645
f 4747 4645 4584
f 4584 4649 4747
f 4769 4746 4828
f 4774 4779 4745
f 4826 4774 4825
f 4826 4779 4774
f 4829 4826 4937
f 4829 4779 4826
f 4761 4745 4779
f 4761 4746 4745
f 4875 4928 4828
f 5038 5011 5030
f 4817 4769 4828
f 4720 4745 4746
f 4922 4937 4959
f 4874 4937 4922
f 4874 4829 4937
f 4797 4746 4761
f 4797 4828 4746
f 4836 4828 4797
f 4836 4875 4828
f 4923 4928 4875
f 4923 5011 4928
f 4961 5011 4923
f 4995 5011 4961
f 5027 5011 4995
f 5027 5030 5011
f 5030 4990 5043
f 4937 5010 4959
f 5030 5027 5010
f 4937 4990 5030
f 4704 4707 4741
f 4661 4707 4704
f 4704 4634 4661
f 4704 4639 4634
f 4643 4639 4655
f 4631 4639 4643
f 4631 4634 4639
f 4636 4661 4634
f 4706 4741 4707
f 4803 4815 4741
f 4793 4846 4849
f 4782 4793 4756
f 4782 4846 4793
f 4818 4846 4782
f 4818 4815 4846
f 4819 4815 4818
f 4804 4815 4819
f 4804 4741 4815
f 4771 4741 4804
f 4734 4741 4771
f 4734 4704 4741
f 4662 4655 4639
f 4655 4662 4679
f 4705 4655 4679
f 4699 4655 4705
f 4908 4903 4955
f 4908 4792 4903
f 4753 4735 4791
f 4753 4708 4735
f 4723 4708 4753
f 4723 4712 4708
f 4723 4744 4712
f 4760 4744 4723
f 4760 4792 4744
f 4949 4955 4903
f 4989 4955 4949
f 4976 4955 4989
f 4969 4908 4955
f 4784 4744 4792
f 4702 4735 4708
f 4946 4851 4791
f 4886 4946 4936
f 4886 4851 4946
f 4800 4791 4851
f 4800 4753 4791
f 4808 4792 4760
f 4859 4792 4808
f 4859 4903 4792
f 4976 4989 4981
f 5000 5016 4976
f 4946 4791 4855
f 4946 4967 4936
f 4976 4967 4946
f 4976 4981 4967
f 4946 5000 4976
f 4635 4868 4695
f 4695 4868 4809
f 4607 4635 4695
f 4972 4868 4821
f 4972 4809 4868
f 4674 4635 4615
f 4674 4868 4635
f 4724 4607 4695
f 4607 4615 4635
f 4674 4821 4868
f 6352 6236 6421
f 6288 6236 6352
f 6200 6236 6288
f 6449 6352 6421
f 6352 6206 6288
f 6322 6206 6352
f 6143 6288 6206
f 6143 6200 6288
f 6200 6332 6236
f 6404 6236 6332
f 6404 6421 6236
f 6322 6352 6449
f 4870 4669 4736
f 4768 4654 4669
f 4827 5041 4781
f 4941 4781 5041
f 4905 4781 4941
f 4905 4736 4781
f 4905 4870 4736
f 4768 4669 4870
f 4737 4781 4736
f 4737 4827 4781
f 4904 5041 4827
f 4676 4654 4768
f 4645 4669 4654
f 4862 4736 4669
f 4737 4736 4862
f 4887 4827 4737
f 4916 4827 4887
f 4877 4827 4916
f 4865 4827 4877
f 4879 4827 4865
f 4879 4904 4827
f 4970 5041 4904
f 5042 5041 4970
f 5090 5041 5042
f 5041 5090 5131
f 5085 5041 5192
f 5085 4941 5041
f 5033 4941 5085
f 5033 4905 4941
f 4900 4905 5033
f 4987 4768 4870
f 4649 4654 4676
f 4645 4654 4584
f 4830 4669 4645
f 4862 4669 4830
f 4802 5091 5086
f 4802 4862 5091
f 4956 4830 4837
f 5033 4830 4900
f 5033 4862 4830
f 5091 4862 5033
f 5086 5091 5192
f 4962 5086 4887
f 4802 5086 4962
f 4900 4830 4956
f 5085 5091 5033
f 5192 5091 5085
f 4645 4837 4830
f 4987 4900 4956
f 5175 5086 5192
f 5028 4887 5086
f 4737 4962 4887
f 4737 4802 4962
f 4862 4802 4737
f 4831 4987 4956
f 4870 4900 4987
f 4905 4900 4870
f 5131 5192 5041
f 5159 5192 5131
f 5170 5192 5159
f 5170 5175 5192
f 5127 5086 5175
f 5083 5086 5127
f 5083 5028 5086
f 4960 4887 5028
f 4887 4960 4916
f 4546 4677 4597
f 4722 4677 4749
f 4722 4597 4677
f 4538 4597 4722
f 4670 4677 4546
f 4749 4677 4670
f 4513 4597 4538
f 4513 4546 4597
f 4561 4546 4513
f 6318 6202 6393
f 6444 6318 6393
f 6141 6202 6318
f 6118 6393 6202
f 6424 6444 6393
f 6442 6444 6424
f 6389 6444 6442
f 6389 6318 6444
f 6361 6393 6118
f 6389 6141 6318
f 6361 6424 6393
f 6118 6202 6141
f 6357 6192 6125
f 6394 6307 6338
f 6394 6356 6307
f 6362 6356 6394
f 6357 6356 6362
f 6182 6357 6125
f 6356 6357 6182
f 6297 6338 6307
f 6423 6357 6362
f 6192 6357 6423
f 6172 6182 6125
f 6455 6338 6461
f 6394 6338 6455
f 6370 6192 6423
f 6231 6182 6172
f 6231 6356 6182
f 6376 6356 6231
f 6376 6307 6356
f 6293 6297 6307
f 6408 6394 6455
f 6343 6370 6367
f 6323 6370 6343
f 6323 6192 6370
f 6294 6192 6323
f 6250 6192 6294
f 6196 6192 6250
f 6196 6125 6192
f 6144 6125 6196
f 6116 6125 6144
f 6107 6125 6116
f 6125 6107 6127
f 5932 6048 5953
f 5932 6062 6048
f 6143 6302 6263
f 6206 6302 6143
f 6234 6263 6302
f 6234 6201 6263
f 6234 6062 6201
f 6228 6062 6234
f 6167 6062 6228
f 6167 6048 6062
f 6058 6062 5932
f 6121 6062 6058
f 6121 6201 6062
f 6322 6302 6206
f 6002 5953 5956
f 6002 5932 5953
f 6058 5932 6002
f 6200 6143 6263
f 6256 6228 6329
f 6256 6167 6228
f 6208 6167 6256
f 6161 6167 6208
f 6106 6167 6161
f 6106 6048 6167
f 6063 6048 6106
f 6013 6048 6063
f 6013 5953 6048
f 6002 5987 6015
f 6002 5956 5987
f 6225 6058 6002
f 6121 6058 6225
f 6121 6263 6201
f 6415 6302 6322
f 6234 6329 6228
f 6337 6325 6368
f 6415 6325 6337
f 6415 6321 6325
f 6321 6415 6404
f 6368 6171 6271
f 6449 6404 6415
f 6321 6404 6332
f 6225 6368 6325
f 6225 6171 6368
f 6111 6171 6225
f 6329 6368 6271
f 6234 6337 6368
f 6421 6404 6449
f 6263 6321 6332
f 6121 6321 6263
f 6121 6325 6321
f 6329 6271 6256
f 6329 6234 6368
f 6302 6337 6234
f 6415 6337 6302
f 6322 6449 6415
f 6200 6263 6332
f 6121 6225 6325
f 6002 6111 6225
f 6068 6002 6015
f 6068 6111 6002
f 6115 6111 6068
f 6115 6171 6111
f 6163 6171 6115
f 6210 6171 6163
f 6210 6271 6171
f 6240 6271 6210
f 6252 6271 6240
f 6252 6256 6271
f 6237 6256 6252
f 6256 6237 6208
f 5066 4839 4917
f 4659 4917 4839
f 4659 4839 4714
f 4596 4659 4714
f 4690 4659 4596
f 4838 4659 4690
f 4838 4917 4659
f 4968 4917 4814
f 4968 5066 4917
f 4991 5066 4968
f 5018 5066 4991
f 5012 5066 5018
f 4963 5066 5012
f 4963 4839 5066
f 4906 4839 4963
f 4842 4839 4906
f 4842 4714 4839
f 4775 4714 4842
f 4732 4714 4775
f 4689 4732 4713
f 4689 4714 4732
f 4619 4690 4596
f 4758 4722 4749
f 4758 4538 4722
f 4575 4538 4682
f 4682 4538 4758
f 4513 4538 4575
f 4575 4690 4619
f 4838 4822 4917
f 4838 4758 4822
f 4682 4690 4575
f 4838 4690 4682
f 4682 4758 4838
f 4725 4847 4703
f 4668 4689 4725
f 4814 4703 4847
f 4714 4689 4638
f 4709 4689 4713
f 4716 4689 4709
f 4716 4725 4689
f 4748 4725 4716
f 4789 4725 4748
f 4789 4847 4725
f 4848 4847 4789
f 4896 4847 4848
f 4896 4968 4847
f 4950 4968 4896
f 4968 4950 4991
f 4814 4847 4968
f 4641 4670 4561
f 4670 4641 4758
f 4546 4561 4670
f 4575 4561 4513
f 4575 4641 4561
f 4619 4641 4575
f 4822 4758 4641
f 4749 4670 4758
f 4814 4917 4822
f 4668 4725 4703
f 4638 4689 4668
f 4638 4596 4714
f 4822 4641 4619
f 4703 4814 4822
f 4638 4668 4703
f 4638 4619 4596
f 4703 4822 4619
f 6331 6425 6231
f 6195 6425 6331
f 6195 6289 6425
f 6425 6289 6367
f 6403 6231 6425
f 6172 6195 6331
f 6172 6331 6231
f 6125 6195 6172
f 6127 6195 6125
f 6153 6195 6127
f 6203 6195 6153
f 6244 6195 6203
f 6244 6289 6195
f 6279 6289 6244
f 6314 6289 6279
f 6314 6367 6289
f 6341 6367 6314
f 6349 6367 6341
f 6367 6349 6343
f 6423 6367 6370
f 6423 6425 6367
f 6362 6425 6423
f 6362 6403 6425
f 6394 6403 6362
f 6394 6408 6403
f 6408 6231 6403
f 6376 6231 6408
f 6376 6293 6307
f 6372 6293 6376
f 6493 6408 6455
f 6466 6372 6376
f 6466 6376 6408
f 5080 5068 4921
f 4918 4835 5080
f 4678 4858 4835
f 4809 4858 4678
f 4858 4809 4972
f 4980 4835 4858
f 5082 4835 4980
f 5082 5080 4835
f 5155 5080 5082
f 5155 5068 5080
f 4889 5080 4921
f 4889 4918 5080
f 4678 4835 4918
f 4724 4809 4678
f 4871 4889 4921
f 4821 4858 4972
f 4942 5155 5082
f 5102 5155 5067
f 5138 5155 5102
f 5148 5155 5138
f 5139 5155 5148
f 5139 5068 5155
f 5105 5068 5139
f 5063 5068 5105
f 5063 4921 5068
f 5001 4921 5063
f 4934 4921 5001
f 4816 4934 4876
f 4816 4921 4934
f 4816 4871 4921
f 4693 4889 4871
f 4918 4889 4693
f 4607 4724 4678
f 4695 4809 4724
f 4674 4671 4683
f 4674 4615 4671
f 4730 4683 4671
f 4816 4911 4711
f 4899 4711 4911
f 4899 4730 4711
f 4772 4730 4899
f 4772 4683 4730
f 4693 4711 4730
f 4816 4711 4693
f 4899 4911 5067
f 4858 4683 4772
f 4821 4683 4858
f 4821 4674 4683
f 4607 4671 4615
f 4942 4899 5067
f 4980 4899 4942
f 4980 4772 4899
f 4678 4671 4607
f 4918 4671 4678
f 4918 4730 4671
f 4918 4693 4730
f 4871 4816 4693
f 4845 4816 4876
f 4824 4816 4845
f 4844 4816 4824
f 4872 4816 4844
f 4872 4911 4816
f 4931 4911 4872
f 4931 5067 4911
f 4994 5067 4931
f 5061 5067 4994
f 5067 5061 5102
f 4942 5067 5155
f 4980 4942 5082
f 4980 4858 4772
f 6119 6070 6169
f 6119 6079 6070
f 6119 5941 6079
f 5997 5941 6119
f 6180 6169 6070
f 6141 6354 6180
f 6169 6180 6354
f 6118 6141 6180
f 6354 6141 6389
f 6273 6119 6169
f 6245 6119 6273
f 6245 5997 6119
f 5970 6079 5941
f 6158 5997 6245
f 6148 6158 6194
f 6148 5997 6158
f 6101 5997 6148
f 6056 5997 6101
f 6007 5997 6056
f 5973 5997 6007
f 5973 5941 5997
f 5961 5941 5973
f 5972 5941 5961
f 5989 5972 6005
f 5989 5941 5972
f 5970 5941 5989
f 6247 6079 5970
f 6315 6079 6247
f 6315 6070 6079
f 6220 6070 6315
f 6220 6180 6070
f 6361 6118 6180
f 6377 6315 6333
f 6424 6361 6377
f 6315 6306 6333
f 6247 6306 6315
f 6147 6306 6247
f 6147 6204 6306
f 6442 6424 6377
f 6377 6361 6220
f 5989 6147 6247
f 6306 6204 6158
f 6354 6377 6333
f 6389 6377 6354
f 6389 6442 6377
f 6220 6315 6377
f 6273 6306 6158
f 6273 6333 6306
f 6180 6220 6361
f 5970 5989 6247
f 6045 5989 6005
f 6045 6147 5989
f 6092 6147 6045
f 6140 6147 6092
f 6140 6204 6147
f 6187 6204 6140
f 6216 6204 6187
f 6230 6204 6216
f 6230 6158 6204
f 6221 6158 6230
f 6158 6221 6194
f 6273 6158 6245
f 6169 6333 6273
f 6354 6333 6169
f 6229 6336 6335
f 6151 6336 6229
f 6067 6300 6151
f 6292 6151 6300
f 6292 6336 6151
f 6292 6300 6265
f 6292 6335 6336
f 6190 6335 6292
f 6133 6335 6190
f 6014 6335 6133
f 6014 6229 6335
f 6151 6229 6120
f 6088 6133 6190
f 6120 6229 6014
f 6061 6151 6120
f 6061 6067 6151
f 5926 6067 6061
f 6292 6265 6162
f 6190 6292 6165
f 6051 6120 6014
f 6060 6162 6265
f 6165 6292 6162
f 6094 6190 6165
f 6088 6190 6094
f 6051 5935 6120
f 5900 6120 5935
f 5900 6061 6120
f 5975 6061 5900
f 6019 6061 5975
f 6019 5926 6061
f 5955 6067 5926
f 6099 6300 6067
f 6066 6265 6300
f 6054 6265 6066
f 5939 6088 6094
f 5876 6088 5939
f 5902 6088 5876
f 5944 6088 5902
f 5977 6088 5944
f 5977 6133 6088
f 6012 6133 5977
f 6031 6133 6012
f 6031 6014 6133
f 5893 5900 5935
f 5880 5926 6019
f 5888 5926 5880
f 5888 5949 5926
f 5995 6067 5955
f 5995 6099 6067
f 6024 6265 6054
f 6024 6060 6265
f 5945 6162 5922
f 5975 6094 6165
f 5899 6094 5975
f 5939 6094 5899
f 5859 5876 5939
f 5996 6014 5985
f 6051 6014 5996
f 5818 5893 5845
f 5844 5893 5818
f 5899 5900 5893
f 5975 5900 5899
f 5887 5880 6019
f 5885 5926 5949
f 5885 5955 5926
f 5981 6300 6099
f 5981 6066 6300
f 5903 6162 6060
f 5903 5922 6162
f 6019 5945 5887
f 6019 6162 5945
f 5975 6162 6019
f 5975 6165 6162
f 5893 5939 5899
f 5844 5939 5893
f 5844 5859 5939
f 5957 6014 6031
f 5957 5985 6014
f 5906 6051 5996
f 5935 5845 5893
f 5860 5845 5935
f 5879 6051 5906
f 5879 5935 6051
f 5935 5879 5860
f 4715 4850 4864
f 4726 4850 4715
f 4850 4726 5057
f 4757 4715 4864
f 4807 4726 4715
f 5022 4850 5057
f 5009 4850 5022
f 5009 4864 4850
f 4715 4757 4751
f 5236 5009 5022
f 4757 4951 4751
f 4751 4951 5026
f 4885 4715 4751
f 4940 4715 4885
f 4940 4807 4715
f 4944 4807 4940
f 5136 5057 5121
f 5136 5022 5057
f 5123 4951 4757
f 4885 4751 5026
f 5236 5022 5136
f 5243 5100 5236
f 5100 5009 5236
f 5100 4864 5009
f 5123 4864 5100
f 4864 5123 4757
f 5089 4951 5123
f 5036 5026 4951
f 5072 5026 5036
f 5015 4885 5026
f 4940 4885 5015
f 5062 4944 4940
f 5122 4944 5062
f 4993 4726 4807
f 5031 4726 4993
f 5031 5057 4726
f 5070 5057 5031
f 5113 5057 5070
f 5157 5057 5113
f 5157 5121 5057
f 5121 5212 5260
f 5239 5236 5136
f 5243 5236 5239
f 5073 4951 5089
f 5073 5036 4951
f 5015 5026 5218
f 5198 4940 5015
f 5161 5122 5062
f 5107 4807 4944
f 5081 4807 5107
f 5235 5121 5157
f 5235 5212 5121
f 5121 5260 5255
f 5198 5136 5121
f 5239 5136 5198
f 5179 5123 5100
f 5209 5123 5179
f 5174 5123 5209
f 5174 5089 5123
f 5211 5026 5072
f 5246 5026 5211
f 5246 5218 5026
f 5274 5218 5246
f 5254 5218 5274
f 5198 5015 5218
f 5121 4940 5198
f 5062 4940 5121
f 5200 5161 5062
f 5207 4944 5122
f 5207 5107 4944
f 5142 4807 5081
f 5142 4993 4807
f 5200 5121 5255
f 5062 5121 5200
f 5218 5239 5198
f 5218 5243 5239
f 5254 5243 5218
f 5304 5243 5254
f 5273 5243 5304
f 5216 5179 5100
f 5100 5292 5216
f 5100 5270 5292
f 5270 5243 5273
f 5270 5100 5243
f 6277 6260 6299
f 6327 6299 6260
f 6344 6299 6327
f 6233 6299 6344
f 6215 6327 6260
f 6199 6344 6327
f 6344 6164 6233
f 6184 6164 6344
f 6184 6205 6164
f 6164 6205 6108
f 6233 6277 6299
f 6000 6277 6233
f 6327 6215 6046
f 6199 6327 6185
f 6184 6344 6199
f 5986 6164 6108
f 6023 6164 5986
f 6023 6233 6164
f 6000 6233 6023
f 6074 6260 6277
f 5990 6327 6046
f 5990 6185 6327
f 6011 6199 6185
f 5874 6199 6011
f 6082 6199 5874
f 6082 6184 6199
f 6050 6184 6082
f 6137 6184 6050
f 6137 6205 6184
f 5912 5986 6108
f 5916 6040 6000
f 6030 6277 6000
f 6030 6074 6277
f 6160 6215 6260
f 6076 6215 6160
f 6033 6215 6076
f 6033 6046 6215
f 6043 6046 6033
f 5950 6046 6043
f 5966 6046 5950
f 5990 6046 5966
f 6011 6185 5990
f 5998 6050 6082
f 5980 6108 6205
f 5980 5931 6108
f 5895 5986 5912
f 6023 5986 5895
f 5966 6000 6023
f 5938 6000 5966
f 5938 5916 6000
f 6098 6260 6074
f 6113 6260 6098
f 6113 6160 6260
f 5919 5966 5950
f 5898 5966 5919
f 5897 5874 6011
f 5910 6082 5901
f 5910 5998 6082
f 6039 6205 6137
f 6022 6205 6039
f 5984 6205 6022
f 5984 5980 6205
f 5869 6108 5931
f 5869 5912 6108
f 5849 5912 5869
f 5837 5912 5849
f 5852 5912 5837
f 5897 5912 5852
f 5897 5895 5912
f 5898 5938 5966
f 5934 6000 6040
f 5934 6030 6000
f 6023 5990 5966
f 5895 5990 6023
f 5895 6011 5990
f 5897 6011 5895
f 5874 5901 6082
f 5874 5857 5901
f 5874 5840 5857
f 5897 5840 5874
f 5897 5852 5840
f 4752 4861 4681
f 4729 4681 4861
f 4925 4681 4729
f 4925 4672 4681
f 4914 4672 4925
f 4893 4672 4914
f 4884 4672 4998
f 4884 4681 4672
f 4729 4861 5040
f 5035 4925 4729
f 5141 4925 5035
f 5141 4914 4925
f 4893 4998 4672
f 4897 4681 4884
f 5054 4752 4681
f 5059 4729 5040
f 5059 5035 4729
f 5006 4998 5153
f 5006 4884 4998
f 5006 4897 4884
f 5054 4681 4897
f 5059 5040 5116
f 5193 5035 5059
f 5193 5141 5035
f 5231 5141 5193
f 4966 4752 5054
f 4930 4752 4966
f 4933 4861 4752
f 5129 5040 5079
f 5129 5116 5040
f 5167 5116 5129
f 5116 5167 5195
f 5201 5141 5231
f 5078 4914 5141
f 5021 4914 5078
f 4999 4893 4914
f 5183 5153 5232
f 5183 5006 5153
f 5183 4897 5006
f 5173 4897 5183
f 5173 5054 4897
f 5163 5054 5112
f 5163 5124 5054
f 5133 5054 5124
f 4933 4752 4930
f 5052 4861 4933
f 5052 5040 4861
f 5092 5040 5052
f 5092 5079 5040
f 5112 5195 5234
f 5112 5116 5195
f 5173 5116 5112
f 5173 5059 5116
f 5193 5059 5173
f 5232 5231 5193
f 5262 5231 5232
f 5020 4893 4999
f 5020 4998 4893
f 5153 4998 5168
f 5112 5054 5173
f 5194 5163 5112
f 5150 5054 5133
f 5150 4966 5054
f 5194 5112 5234
f 5183 5193 5173
f 5183 5232 5193
f 5286 5262 5232
f 5290 5231 5262
f 5278 5231 5290
f 5278 5201 5231
f 5215 5141 5201
f 5215 5078 5141
f 5074 4914 5021
f 5074 4999 4914
f 5103 4998 5020
f 5156 4998 5103
f 5156 5168 4998
f 5232 5223 5286
f 5153 5168 5214
f 5223 5232 5153
f 4701 4579 4606
f 4764 4579 4701
f 4571 4579 4586
f 4571 4606 4579
f 4743 4764 4977
f 4743 4579 4764
f 4743 4586 4579
f 4790 4586 4743
f 4571 4586 4790
f 4687 4606 4571
f 4687 4660 4606
f 4660 4965 4606
f 4927 4606 4965
f 4927 4701 4606
f 4878 4701 4927
f 4878 4764 4701
f 4977 4764 4878
f 4644 4790 4971
f 4644 4571 4790
f 4684 4571 4644
f 4687 4571 4684
f 5071 4977 4878
f 5106 4878 4927
f 5071 4878 5106
f 4983 4644 4971
f 4883 4644 4983
f 4883 4684 4644
f 4883 4687 4684
f 4860 4687 4883
f 4806 4687 4860
f 4763 4687 4806
f 4763 4660 4687
f 4938 5023 5050
f 4938 4965 5023
f 5019 4965 4938
f 5019 4927 4965
f 5098 5071 5106
f 5005 4977 5071
f 4856 4743 4977
f 4794 4743 4856
f 4988 4860 4913
f 4810 4660 4763
f 4811 4660 4810
f 4833 4660 4811
f 4920 4965 4660
f 4978 4965 4920
f 5046 4965 4978
f 5046 5023 4965
f 5019 5106 4927
f 5077 5106 5019
f 5098 5106 5077
f 5077 4983 5098
f 5077 4883 4983
f 5019 4883 5077
f 5019 4860 4883
f 4938 4860 5019
f 4938 4913 4860
f 5088 4913 4938
f 5014 4860 4988
f 5014 4806 4860
f 4947 4660 4833
f 4947 4920 4660
f 5166 4938 5050
f 5088 4938 5166
f 5206 5154 5098
f 5219 5098 5154
f 5219 5071 5098
f 5203 5071 5219
f 5162 5071 5203
f 5162 5005 5071
f 5048 4977 5005
f 5048 4856 4977
f 4881 4743 4794
f 4881 4790 4743
f 4880 4790 4881
f 4912 4790 4880
f 4912 4971 4790
f 4964 4971 4912
f 5044 4971 4964
f 5098 5165 5206
f 4983 5165 5098
f 4983 4997 5165
f 4997 4971 5044
f 4997 4983 4971
f 6193 6422 6351
f 6193 6350 6422
f 6422 6350 6409
f 6443 6351 6422
f 6443 6422 6438
f 6010 6281 6035
f 6010 6351 6281
f 6086 6351 6010
f 6086 6193 6351
f 6176 6350 6193
f 6378 6422 6409
f 6438 6422 6378
f 6275 6443 6326
f 6275 6351 6443
f 6275 6281 6351
f 6388 6443 6438
f 6326 6443 6388
f 6010 6035 6027
f 6112 6193 6086
f 6176 6193 6112
f 6405 6438 6378
f 6405 6388 6438
f 6059 6010 6027
f 6059 6086 6010
f 6112 6086 6059
f 6145 6176 6112
f 6130 6176 6145
f 6130 6021 6176
f 6084 6350 6176
f 6232 6409 6350
f 6223 6409 6232
f 6316 6378 6409
f 6243 6388 6405
f 6214 6388 6243
f 6214 6326 6388
f 6157 6326 6214
f 6218 6326 6157
f 6257 6326 6218
f 6274 6326 6257
f 6274 6275 6326
f 6090 6035 6281
f 5988 6027 6035
f 6069 6027 5979
f 6059 6027 6069
f 6037 6130 6145
f 6049 6176 6021
f 6049 6084 6176
f 6132 6350 6084
f 6132 6232 6350
f 6254 6409 6223
f 6262 6409 6254
f 6262 6316 6409
f 6219 6276 6378
f 6264 6276 6128
f 6264 6378 6276
f 6405 6378 6264
f 6089 6157 6214
f 6243 6059 6069
f 6243 6112 6059
f 6405 6112 6243
f 6264 6112 6405
f 6264 6145 6112
f 6077 6145 6264
f 6077 6037 6145
f 6189 6378 6316
f 6189 6219 6378
f 6077 6264 6128
f 6069 6214 6243
f 6069 6089 6214
f 5993 6089 6069
f 6242 6275 6274
f 6242 6258 6275
f 6173 6275 6258
f 6173 6281 6275
f 6117 6281 6173
f 6117 6090 6281
f 5994 6035 6090
f 5994 5988 6035
f 5930 6027 5988
f 5929 6027 5930
f 5929 5979 6027
f 6069 5979 5993
f 4417 4430 4424
f 4423 4430 4417
f 4437 4424 4430
f 4426 4423 4417
f 4430 4423 4469
f 4543 4437 4430
f 4417 4424 4428
f 4523 4430 4469
f 4543 4430 4523
f 4439 4417 4428
f 4426 4417 4439
f 4455 4424 4437
f 4473 4423 4426
f 4525 4523 4469
f 4600 4523 4533
f 4600 4543 4523
f 4600 4585 4543
f 4507 4543 4585
f 4507 4437 4543
f 4521 4437 4507
f 4521 4455 4437
f 4455 4428 4424
f 4455 4454 4428
f 4483 4454 4455
f 4573 4454 4566
f 4573 4428 4454
f 4534 4428 4573
f 4460 4428 4534
f 4460 4439 4428
f 4460 4426 4439
f 4489 4426 4460
f 4481 4426 4489
f 4481 4479 4426
f 4522 4479 4481
f 4478 4473 4426
f 4503 4423 4473
f 4519 4423 4503
f 4519 4469 4423
f 4544 4469 4527
f 4593 4469 4544
f 4593 4525 4469
f 4533 4523 4525
f 4603 4585 4600
f 4628 4585 4603
f 4573 4566 4576
f 4489 4460 4533
f 4542 4522 4481
f 4512 4426 4479
f 4512 4478 4426
f 4614 4525 4593
f 4614 4581 4525
f 4489 4581 4618
f 4489 4525 4581
f 4533 4525 4489
f 4599 4600 4533
f 4599 4603 4600
f 4602 4585 4628
f 4507 4585 4602
f 4539 4521 4567
f 4539 4487 4521
f 4518 4455 4487
f 4518 4483 4455
f 4536 4454 4483
f 4557 4454 4536
f 4557 4566 4454
f 4573 4576 4663
f 4599 4534 4573
f 4533 4534 4599
f 4533 4460 4534
f 4489 4542 4481
f 4594 4542 4489
f 4568 4469 4519
f 4568 4527 4469
f 4489 4618 4594
f 4573 4603 4599
f 4573 4633 4603
f 4663 4633 4573
f 4692 4603 4633
f 4692 4628 4603
f 4507 4602 4630
f 4521 4487 4455
f 4521 4591 4567
f 4507 4591 4521
f 4507 4630 4591
f 6572 6605 6570
f 6605 6572 6581
f 6605 6494 6570
f 6609 6494 6605
f 6491 6572 6570
f 6501 6494 6460
f 6501 6570 6494
f 6491 6570 6501
f 6613 6609 6605
f 6609 6613 6580
f 6575 6605 6581
f 6613 6605 6575
f 6561 6609 6580
f 6434 6460 6430
f 6434 6501 6460
f 6469 6501 6434
f 6469 6491 6501
f 6575 6581 6542
f 6593 6613 6575
f 6580 6613 6593
f 6561 6494 6609
f 6526 6494 6561
f 6463 6494 6526
f 6463 6460 6494
f 6463 6430 6460
f 6553 6491 6469
f 6459 6491 6553
f 6465 6491 6459
f 6450 6491 6465
f 6518 6572 6491
f 6506 6572 6518
f 6506 6581 6572
f 6562 6542 6581
f 6575 6542 6543
f 6504 6580 6593
f 6530 6580 6504
f 6419 6430 6463
f 6380 6430 6374
f 6418 6430 6380
f 6468 6430 6418
f 6505 6430 6468
f 6505 6434 6430
f 6505 6469 6434
f 6446 6459 6553
f 6431 6459 6446
f 6428 6459 6431
f 6428 6465 6459
f 6464 6491 6450
f 6464 6518 6491
f 6529 6542 6541
f 6529 6543 6542
f 6510 6543 6529
f 6520 6543 6510
f 6505 6593 6575
f 6504 6593 6505
f 6561 6580 6513
f 6437 6419 6463
f 6334 6430 6419
f 6334 6374 6430
f 6468 6418 6416
f 6467 6446 6553
f 6490 6581 6506
f 6490 6562 6581
f 6507 6542 6562
f 6507 6541 6542
f 6553 6520 6467
f 6553 6543 6520
f 6553 6575 6543
f 6469 6575 6553
f 6505 6575 6469
f 6468 6504 6505
f 6416 6504 6468
f 6416 6448 6504
f 6440 6504 6448
f 6440 6530 6504
f 6483 6580 6530
f 6483 6513 6580
f 6561 6513 6508
f 6526 6437 6463
f 6526 6436 6437
f 6526 6433 6436
f 6526 6524 6433
f 6524 6561 6508
f 6524 6526 6561
f 6921 6976 6826
f 6921 7259 6976
f 7344 7346 7308
f 7306 7288 7308
f 6688 6921 6826
f 7206 7259 6921
f 7206 7288 7259
f 7091 7288 7206
f 7091 7308 7288
f 7295 7308 7091
f 7348 7346 7344
f 7347 7346 7348
f 7306 7308 7346
f 6814 6826 6976
f 6701 6826 6690
f 6701 6688 6826
f 7345 7347 7348
f 7306 7346 7347
f 7238 7259 7288
f 7238 6976 7259
f 6552 6701 6690
f 6688 6701 6528
f 6816 6921 6688
f 7323 7344 7308
f 7341 7348 7344
f 7103 6976 7238
f 6814 6976 7103
f 6814 6690 6826
f 6552 6690 6509
f 6528 6701 6552
f 6816 7206 6921
f 7091 7206 6816
f 7323 7308 7295
f 7341 7344 7323
f 7330 7306 7347
f 7238 7306 7330
f 7238 7288 7306
f 6371 6509 5965
f 6371 6552 6509
f 6360 6552 6371
f 6360 6528 6552
f 7343 7341 7316
f 7343 7348 7341
f 7313 7348 7343
f 7313 7345 7348
f 7326 7345 7313
f 6734 6690 6814
f 6734 6509 6690
f 5788 6528 6360
f 6310 6528 5788
f 6620 6688 6528
f 7316 7341 7322
f 7337 7345 7326
f 7335 7347 7345
f 5793 5965 5699
f 5793 6371 5965
f 5704 6371 5793
f 5704 6360 6371
f 5701 6360 5704
f 5701 5788 6360
f 6310 5788 5779
f 6620 6528 6310
f 7091 6816 6893
f 7230 7091 7066
f 7230 7295 7091
f 7270 7295 7230
f 7338 7341 7323
f 7307 7316 7322
f 7307 7343 7316
f 7304 7326 7313
f 7292 7326 7304
f 7337 7335 7345
f 7272 7238 7330
f 7229 7238 7272
f 7229 7103 7238
f 6304 5965 6509
f 5937 5965 6304
f 5937 5699 5965
f 5780 5699 5937
f 5699 5780 5698
f 5641 5788 5701
f 5641 5779 5788
f 6677 6688 6620
f 6733 6688 6677
f 6733 6816 6688
f 6733 6893 6816
f 7287 7295 7270
f 7311 7323 7295
f 7338 7322 7341
f 7280 7343 7307
f 7280 7313 7343
f 7278 7292 7304
f 7305 7326 7292
f 7318 7326 7305
f 7318 7337 7326
f 7329 7337 7318
f 7339 7335 7337
f 7321 7347 7335
f 7321 7330 7347
f 7312 7330 7321
f 7300 7330 7312
f 7289 7330 7300
f 7289 7272 7330
f 7174 7103 7229
f 7005 7103 7174
f 7005 6814 7103
f 6895 6814 7005
f 6799 6814 6895
f 6799 6734 6814
f 6618 6734 6680
f 6618 6509 6734
f 5644 5699 5698
f 5472 5699 5644
f 5472 5793 5699
f 5576 5793 5472
f 5576 5704 5793
f 5575 5704 5576
f 5575 5701 5704
f 6856 6893 6733
f 6946 7091 6893
f 7003 7091 6946
f 7063 7091 7003
f 7063 7066 7091
f 7299 7295 7287
f 7311 7295 7299
f 7319 7323 7311
f 7325 7323 7319
f 7331 7323 7325
f 7331 7338 7323
f 7336 7338 7331
f 7333 7338 7336
f 7328 7338 7333
f 7317 7338 7328
f 7317 7322 7338
f 7303 7322 7317
f 7291 7322 7303
f 7277 7322 7291
f 7322 7277 7257
f 7273 7313 7280
f 7273 7304 7313
f 7221 7278 7304
f 7312 7321 7320
f 7065 7005 7174
f 6947 6895 7005
f 6892 6895 6947
f 6730 6734 6799
f 6680 6734 6730
f 6502 6509 6618
f 6304 6509 6502
f 5643 5644 5698
f 5577 5644 5643
f 5573 5701 5575
f 5573 5641 5701
f 5574 5641 5573
f 5642 5641 5574
f 5697 5641 5642
f 5777 5641 5697
f 5777 5779 5641
f 6290 6310 5779
f 6620 6310 6290
f 6677 6620 6615
f 6798 6856 6733
f 4156 4144 4282
f 3761 3756 4144
f 3761 3716 3756
f 3714 3716 3761
f 3714 3693 3716
f 3719 3693 3714
f 3887 3761 4144
f 3719 3688 3693
f 4117 4144 3756
f 4117 4282 4144
f 4340 4282 4347
f 4340 4156 4282
f 3887 4144 4156
f 3693 3688 3695
f 3720 3716 3693
f 3720 3756 3716
f 4117 4347 4282
f 3692 3688 3719
f 3689 3688 3692
f 3697 3695 3688
f 3892 4117 3756
f 4786 4347 4117
f 4498 4347 4786
f 4498 4340 4347
f 4504 4340 4498
f 4504 4355 4340
f 4355 4156 4340
f 3719 3714 3761
f 3694 3688 3689
f 3694 3697 3688
f 3892 3756 3720
f 5342 4498 4786
f 4063 3887 4156
f 3761 3887 4063
f 3692 3724 3689
f 3694 3689 3724
f 3728 3697 3694
f 3695 3720 3693
f 4132 4117 3892
f 4132 4786 4117
f 5342 4786 4820
f 5189 4498 5342
f 5182 4498 5189
f 5182 4504 4498
f 4548 4355 4504
f 4221 4156 4355
f 4221 4063 4156
f 3830 3761 4063
f 3830 3719 3761
f 3728 3694 3724
f 3833 3720 3708
f 3833 3892 3720
f 5342 4820 5345
f 5410 4504 5182
f 5475 4504 5410
f 5414 4504 5475
f 4548 4504 5414
f 3722 3692 3719
f 3702 3692 3722
f 3795 3728 3724
f 3815 3728 3795
f 3751 3697 3728
f 3700 3697 3711
f 3700 3695 3697
f 3708 3720 3695
f 4366 4786 4132
f 4422 4786 4366
f 4547 4786 4422
f 4547 4820 4786
f 4832 4820 4547
f 5573 5342 5345
f 5412 5342 5573
f 5412 5189 5342
f 5412 5182 5189
f 5410 5182 5412
f 5226 4548 5414
f 3729 3719 3830
f 3722 3719 3729
f 3701 3692 3702
f 3743 3800 3724
f 3800 3743 3785
f 3795 3724 3800
f 3930 3728 3815
f 3751 3728 3930
f 3886 3697 3751
f 3708 3695 3700
f 3748 3833 3708
f 3782 3833 3748
f 3943 3892 3833
f 3943 4132 3892
f 4299 4132 4240
f 4299 4366 4132
f 5229 4820 4832
f 5229 5345 4820
f 5573 5345 5476
f 5471 5410 5412
f 5472 5410 5471
f 5472 5475 5410
f 5416 5414 5475
f 4840 4548 5226
f 4420 4355 4548
f 4367 4355 4420
f 4367 4221 4355
f 4297 4221 4367
f 4297 4238 4221
f 4133 4221 4238
f 4133 4063 4221
f 4028 4063 4133
f 3830 4063 4028
f 3705 3701 3702
f 3707 3692 3701
f 3707 3724 3692
f 3718 3724 3707
f 3727 3724 3718
f 3727 3743 3724
f 3710 3708 3700
f 3717 3708 3710
f 3723 3708 3717
f 3733 3708 3723
f 3748 3708 3733
f 3835 3833 3782
f 3947 3833 3835
f 3947 3943 3833
f 4081 4132 3943
f 4135 4132 4081
f 4174 4132 4135
f 4240 4132 4174
f 5346 5345 5229
f 5418 5345 5346
f 5476 5345 5418
f 5573 5476 5574
f 5575 5412 5573
f 5575 5471 5412
f 5576 5471 5575
f 5576 5472 5471
f 5644 5475 5472
f 5477 5644 5577
f 5477 5475 5644
f 5416 5475 5477
f 5347 5414 5416
f 5226 5414 5347
f 4553 4548 4840
f 4420 4548 4553
f 4080 4133 4134
f 4080 4028 4133
f 3945 3830 4028
f 3834 3830 3945
f 3783 3830 3834
f 3749 3830 3783
f 3729 3830 3749
f 3705 3702 3712
f 3856 3820 3822
f 3909 3785 3820
f 3800 3785 3909
f 3815 3795 3888
f 3823 3886 3858
f 3794 3886 3823
f 3768 3886 3794
f 3745 3886 3768
f 3745 3697 3886
f 3730 3697 3745
f 3730 3711 3697
f 3709 3700 3711
f 3704 3700 3709
f 3706 3700 3704
f 3706 3710 3700
f 7181 7171 7191
f 7157 7160 7128
f 7098 7160 7157
f 7171 7150 7160
f 7143 7132 7191
f 7028 7032 6952
f 7132 7143 7028
f 7181 7191 7132
f 7181 7150 7171
f 7157 7128 7173
f 7098 7171 7160
f 6952 7032 6900
f 7202 7128 7114
f 7173 7128 7202
f 7168 7191 7171
f 7019 7028 7143
f 7019 7032 7028
f 7019 6900 7032
f 6852 6952 6900
f 6942 6952 6852
f 7273 7202 7114
f 7171 7098 7125
f 6775 6900 6842
f 6852 6900 6775
f 7082 7132 7028
f 7120 7160 7150
f 7120 7128 7160
f 7114 7128 7120
f 7220 7173 7202
f 7168 7171 7125
f 7086 7191 7168
f 7086 7143 7191
f 7019 7143 7086
f 7019 6842 6900
f 6780 6852 6775
f 6772 6852 6780
f 6772 6942 6852
f 7001 6952 6942
f 7001 7028 6952
f 7082 7028 7001
f 7181 7132 7082
f 7150 7181 7145
f 7153 7273 7114
f 7157 7173 7220
f 6684 6775 6842
f 6692 6775 6684
f 6692 6780 6775
f 6772 6780 6692
f 6681 6942 6772
f 7145 7181 7082
f 7158 7168 7125
f 6598 6684 6588
f 6598 6692 6684
f 6599 6692 6598
f 6599 6772 6692
f 6280 6772 6599
f 6280 6681 6772
f 6883 6942 6681
f 7001 6942 6883
f 7113 7150 7145
f 7113 7120 7150
f 7153 7114 7120
f 7185 7157 7220
f 7139 7157 7185
f 7139 7098 7157
f 7158 7086 7168
f 7081 7019 7086
f 7013 7019 7081
f 7013 6842 7019
f 6346 6598 6588
f 6346 6599 6598
f 6579 6681 6280
f 7153 7180 7221
f 7070 7098 7139
f 7070 7125 7098
f 7112 7125 7070
f 7134 7125 7112
f 7134 7158 7125
f 7081 7086 7158
f 6925 6842 7013
f 6827 6684 6842
f 5825 6588 5823
f 5825 6346 6588
f 5831 6346 5825
f 5831 6599 6346
f 5819 6599 5831
f 5819 6280 6599
f 5807 6280 5819
f 6269 6280 5807
f 6269 6579 6280
f 6828 6883 6681
f 6926 7001 6883
f 6964 7001 6926
f 6997 7001 6964
f 6997 7082 7001
f 7137 7145 7151
f 7136 7145 7137
f 7113 7145 7136
f 7071 7120 7113
f 7061 7120 7071
f 7060 7120 7061
f 7073 7120 7060
f 7073 7153 7120
f 7092 7153 7073
f 7118 7153 7092
f 7304 7153 7221
f 7273 7153 7304
f 7280 7202 7273
f 7220 7202 7280
f 7322 7185 7220
f 7135 7158 7134
f 7154 7158 7135
f 7155 7158 7154
f 7155 7081 7158
f 7052 7013 7081
f 7052 7000 7013
f 6963 7013 7000
f 6963 6925 7013
f 6882 6842 6925
f 6882 6827 6842
f 6755 6684 6827
f 6673 6684 6755
f 6673 6588 6684
f 6577 6588 6673
f 6577 5823 6588
f 5678 5806 5675
f 5678 5823 5806
f 5678 5825 5823
f 5536 5825 5678
f 5536 5831 5825
f 5538 5831 5536
f 5677 5831 5538
f 5677 5819 5831
f 5676 5819 5677
f 5676 5807 5819
f 6671 6681 6579
f 6751 6681 6671
f 6828 6681 6751
f 7027 7082 6997
f 7048 7082 7027
f 7075 7082 7048
f 7101 7082 7075
f 7124 7082 7101
f 7140 7082 7124
f 7140 7145 7082
f 7147 7145 7140
f 7149 7145 7147
f 7149 7151 7145
f 7130 7137 7131
f 7130 7136 7137
f 7121 7113 7136
f 7108 7113 7121
f 7094 7113 7108
f 7077 7113 7094
f 7071 7113 7077
f 7148 7153 7118
f 7166 7153 7148
f 7166 7180 7153
f 7216 7180 7189
f 7216 7221 7180
f 7232 7221 7216
f 7307 7220 7280
f 7322 7220 7307
f 7231 7322 7257
f 7215 7322 7231
f 7215 7185 7322
f 7165 7185 7178
f 7165 7139 7185
f 7146 7139 7165
f 7115 7139 7146
f 7089 7139 7115
f 7067 7139 7089
f 7054 7139 7067
f 7055 7139 7054
f 7055 7070 7139
f 7093 7070 7076
f 7107 7070 7093
f 7107 7112 7070
f 7119 7112 7107
f 7129 7135 7134
f 7144 7154 7135
f 7141 7081 7155
f 7123 7081 7141
f 7102 7081 7123
f 7074 7081 7102
f 7049 7081 7074
f 7049 7052 7081
f 6267 5823 6577
f 5806 5823 6267
f 5537 5678 5675
f 5535 5678 5537
f 5536 5678 5535
f 5539 5676 5677
f 3863 3851 3846
f 3882 3851 3863
f 3907 4001 3855
f 3844 3907 3855
f 3844 3837 3907
f 3846 3851 3844
f 3862 3851 3882
f 3832 3844 3851
f 3832 3837 3844
f 4138 4046 4084
f 4046 3855 4001
f 3912 3882 3863
f 3908 3882 3888
f 3857 3832 3851
f 4098 4046 4001
f 4098 4084 4046
f 4150 4046 4138
f 3864 3863 3846
f 3913 3912 3863
f 3888 3882 3912
f 3857 3851 3862
f 4204 4084 4294
f 4204 4138 4084
f 4209 4138 4204
f 4209 4150 4138
f 4107 4046 4150
f 4107 3855 4046
f 3914 3882 3908
f 3914 3862 3882
f 3944 3837 3832
f 3944 3907 3837
f 4098 4001 3907
f 4016 3855 4107
f 3846 3844 3855
f 3930 3912 3913
f 3853 3914 3908
f 3865 3862 3914
f 3865 3857 3862
f 4098 3907 3944
f 4294 4084 4098
f 4442 4204 4294
f 4369 4204 4442
f 4369 4209 4204
f 4305 4209 4369
f 4305 4150 4209
f 3889 3863 3864
f 3889 3913 3863
f 3857 3944 3832
f 4451 4294 4384
f 4451 4442 4294
f 4450 4369 4442
f 4450 4305 4369
f 4762 4305 4450
f 3951 3855 4016
f 3864 3855 3951
f 3864 3846 3855
f 3897 3889 3864
f 3959 3930 3913
f 3953 3914 3853
f 3953 3865 3914
f 3881 3857 3865
f 4062 4098 3944
f 4159 4098 4062
f 4159 4294 4098
f 4232 4294 4159
f 4232 4384 4294
f 5283 4442 4451
f 5282 4442 5283
f 5282 4450 4442
f 4234 4150 4305
f 4061 4016 4107
f 4029 4016 4061
f 3853 3908 3888
f 3909 3953 3853
f 3883 3881 3865
f 4801 4451 4384
f 5288 4451 4801
f 5283 4451 5288
f 5287 4450 5282
f 5287 4762 4450
f 4385 4305 4762
f 4163 4150 4234
f 4163 4107 4150
f 4006 4016 4029
f 3983 4016 4006
f 3951 4016 3983
f 3879 3864 3951
f 3910 3889 3897
f 3946 3913 3889
f 3954 3913 3946
f 3959 3913 3954
f 3930 3959 3886
f 3815 3912 3930
f 3815 3888 3912
f 3800 3909 3853
f 3979 3953 3909
f 3916 3865 3953
f 3906 3865 3916
f 3906 3883 3865
f 3872 3857 3881
f 3952 3944 3857
f 3984 3944 3952
f 4007 3944 3984
f 4007 4062 3944
f 4035 4062 4007
f 4164 4232 4159
f 4308 4384 4232
f 5302 5288 4801
f 5288 5302 5427
f 5422 5283 5288
f 5421 5283 5422
f 5421 5282 5283
f 5535 5282 5421
f 5535 5287 5282
f 5426 5287 5535
f 5301 5287 5426
f 5301 4762 5287
f 4805 4762 5301
f 4474 4762 4805
f 4385 4762 4474
f 4309 4305 4385
f 4234 4305 4309
f 4114 4107 4163
f 4061 4107 4114
f 3899 3951 3925
f 3899 3879 3951
f 3874 3864 3879
f 3875 3864 3874
f 3884 3864 3875
f 3884 3897 3864
f 3917 3897 3911
f 3917 3910 3897
f 3922 3910 3917
f 3946 3889 3935
f 3954 3946 3950
f 3965 3959 3954
f 3973 3959 3965
f 3985 3959 3973
f 3982 3959 3985
f 3941 3959 3962
f 3896 3959 3941
f 3896 3886 3959
f 3858 3886 3896
f 3751 3930 3886
f 3795 3853 3888
f 3800 3853 3795
f 3894 3820 3856
f 3894 3909 3820
f 3942 3909 3894
f 3963 3909 3942
f 3979 3909 3986
f 3966 3979 3974
f 3966 3953 3979
f 3955 3953 3966
f 3949 3953 3955
f 3938 3953 3949
f 3936 3953 3938
f 3931 3953 3936
f 3926 3953 3931
f 3926 3916 3953
f 3918 3906 3916
f 3872 3881 3876
f 3885 3857 3872
f 3900 3857 3885
f 3927 3857 3900
f 3927 3952 3857
f 4066 4062 4035
f 4159 4062 4066
f 4386 4384 4308
f 4475 4384 4386
f 4801 4384 4475
f 5539 5288 5427
f 5677 5288 5539
f 5677 5422 5288
f 5538 5422 5677
f 5536 5422 5538
f 5536 5421 5422
f 5535 5421 5536
f 5537 5426 5535
f 4290 4323 4203
f 4315 4323 4290
f 4334 4323 4315
f 4346 4323 4334
f 4360 4323 4346
f 4360 4375 4323
f 4377 4375 4360
f 4393 4375 4377
f 4406 4375 4393
f 4409 4375 4406
f 4421 4375 4409
f 4421 4413 4375
f 4433 4413 4421
f 4444 4413 4433
f 4458 4413 4444
f 4472 4413 4458
f 4491 4413 4472
f 4491 4466 4413
f 4494 4466 4491
f 4497 4466 4494
f 4499 4466 4497
f 4499 4485 4466
f 4502 4485 4499
f 4508 4485 4502
f 4520 4485 4508
f 4520 4531 4485
f 4530 4531 4520
f 4540 4531 4530
f 4563 4531 4540
f 4577 4531 4563
f 4577 4554 4531
f 4582 4554 4577
f 4554 4582 4623
f 6738 6735 6715
f 6738 6795 6735
f 6773 6795 6738
f 6818 6795 6773
f 6873 6795 6818
f 7051 7088 7033
f 7126 7088 7051
f 7126 7169 7088
f 7199 7169 7126
f 7199 7203 7169
f 7199 7218 7203
f 7234 7218 7199
f 7234 7211 7218
f 7195 7211 7234
f 7195 7198 7211
f 7195 7167 7198
f 7195 7133 7167
f 7195 7090 7133
f 7085 7090 7195
f 7085 7042 7090
f 7085 7014 7042
f 7085 6979 7014
f 7007 6979 7085
f 7007 6948 6979
f 7007 6918 6948
f 6939 6918 7007
f 6939 6889 6918
f 6939 6873 6889
f 6939 6795 6873
f 4004 3880 3975
f 3929 3880 4004
f 3843 3880 3929
f 3843 3780 3880
f 3807 3780 3843
f 3799 3780 3807
f 3799 3789 3780
f 3801 3789 3799
f 3814 3789 3801
f 3814 3870 3789
f 3847 3870 3814
f 3869 3870 3847
f 3920 3870 3869
f 3920 4000 3870
f 3988 4000 3920
f 4021 4000 3988
f 4021 3998 4000
f 4054 3998 4021
f 4079 3998 4054
f 4111 3998 4079
f 4137 3998 4111
f 4137 4151 3998
f 4155 4151 4137
f 4186 4151 4155
f 4203 4259 4290
f 4203 4236 4259
f 4203 4186 4236
f 4203 4151 4186
f 5263 4554 4623
f 5263 5341 4554
f 5437 5341 5263
f 5437 5429 5341
f 5486 5429 5437
f 5742 5429 5486
f 6476 6136 6385
f 5787 6136 6476
f 5787 5742 6136
f 5714 5742 5787
f 5429 5742 5714
f 4728 4623 4627
f 4910 4623 4728
f 4910 5263 4623
f 5164 5263 4910
f 5265 5263 5164
f 5374 5263 5348
f 5374 5437 5263
f 5448 5437 5438
f 5448 5486 5437
f 5570 5486 5522
f 5570 5742 5486
f 5594 5742 5570
f 5632 5742 5594
f 5661 5742 5632
f 5740 5742 5706
f 5775 5742 5740
f 5775 6136 5742
f 5821 6136 5775
f 6126 6136 5971
f 6126 6385 6136
f 6266 6385 6126
f 6476 6385 6447
f 6447 6488 6476
f 6456 6488 6447
f 6470 6488 6456
f 6486 6488 6470
f 6500 6488 6486
f 6500 6551 6488
f 6511 6551 6500
f 6523 6551 6511
f 6527 6551 6523
f 6531 6551 6527
f 6531 6574 6551
f 6534 6574 6531
f 6538 6574 6534
f 6546 6574 6538
f 6558 6574 6546
f 6571 6574 6558
f 6584 6574 6571
f 6594 6574 6584
f 6594 6624 6574
f 6607 6624 6594
f 6619 6624 6607
f 6631 6624 6619
f 6649 6624 6631
f 6662 6624 6649
f 6735 6699 6715
f 6735 6687 6699
f 6735 6679 6687
f 6735 6662 6679
f 6735 6624 6662
f 5611 5511 5651
f 5611 5508 5511
f 5611 5560 5508
f 5413 5508 5560
f 5378 5511 5508
f 5633 5560 5611
f 5655 5560 5633
f 5413 5560 5461
f 5285 5413 5317
f 5285 5508 5413
f 5402 5508 5285
f 5402 5378 5508
f 5715 5611 5651
f 5782 5611 5715
f 5782 5633 5611
f 5741 5633 5882
f 5655 5633 5741
f 5461 5317 5413
f 4694 5025 4394
f 5025 5285 5317
f 5694 5715 5651
f 5882 5633 5782
f 6154 5882 5943
f 6628 6154 6452
f 6439 6154 6628
f 6439 5882 6154
f 5532 5560 5655
f 5461 5560 5532
f 4283 4372 4057
f 4694 5285 5025
f 4727 5402 5285
f 5180 5378 5402
f 5399 5378 5180
f 5511 5378 5399
f 5462 5651 5511
f 5569 5651 5462
f 5763 5694 5651
f 5770 5715 5694
f 5770 5782 5715
f 5943 5782 5770
f 5943 5882 5782
f 6628 6452 6707
f 5741 5882 6439
f 5132 5317 5461
f 5132 5025 5317
f 4560 5025 5132
f 4560 4394 5025
f 4303 4394 4560
f 4303 4372 4394
f 4303 4057 4372
f 4283 4057 4123
f 4647 4694 4394
f 4647 5285 4694
f 5099 5285 4647
f 5099 4727 5285
f 5462 5511 5399
f 5763 5651 5569
f 6073 5943 5770
f 6154 5943 6073
f 6550 6452 6154
f 4121 4283 4123
f 4344 4372 4283
f 4372 4647 4394
f 5947 5694 5763
f 5847 5770 5694
f 6550 6154 6073
f 6707 6452 6550
f 4121 4123 3939
f 4283 4121 4217
f 4344 4647 4372
f 4449 5099 4647
f 5689 5763 5569
f 6915 6707 6760
f 6804 6628 6707
f 5452 5461 5532
f 5132 5461 5452
f 3932 4123 4057
f 3932 3939 4123
f 4344 4283 4217
f 4449 4647 4344
f 4958 5402 4727
f 5180 5402 4958
f 4973 5399 5180
f 5756 5763 5689
f 5756 5947 5763
f 5847 5694 5947
f 6207 5770 5847
f 6207 6073 5770
f 6707 6550 6647
f 6760 6707 6647
f 6811 6932 6760
f 6932 6915 6760
f 6804 6707 6915
f 6781 6804 6936
f 6781 6628 6804
f 6685 6628 6781
f 6685 6439 6628
f 6087 6439 6685
f 6087 5741 6439
f 5757 5741 6087
f 5655 5741 5757
f 5581 5532 5655
f 5581 5546 5532
f 5544 5546 5554
f 5544 5532 5546
f 5452 5532 5544
f 5039 5132 5452
f 5039 4560 5132
f 4352 4560 5039
f 4352 4303 4560
f 4091 4303 4352
f 4091 4057 4303
f 3932 4057 4091
f 3793 3932 3845
f 3939 3932 3793
f 4017 4121 3939
f 4217 4121 4017
f 4449 4344 4217
f 4656 5099 4449
f 4656 4727 5099
f 5468 5462 5399
f 5569 5462 5468
f 5689 5569 5519
f 6390 5847 5947
f 6207 6550 6073
f 6811 6907 6932
f 6932 6907 7109
f 6936 6804 6915
f 5581 5655 5757
f 5554 5546 5581
f 5453 5452 5544
f 5039 5452 5453
f 4148 4091 4352
f 4044 4091 4148
f 4044 3932 4091
f 3845 3932 4044
f 3793 3845 3850
f 3996 3939 3793
f 3996 4017 3939
f 4073 4017 3996
f 4958 4727 4656
f 4973 5180 4531
f 5468 5399 4973
f 6488 5947 5756
f 6458 6207 5847
f 6603 6647 6550
f 6811 6760 6647
f 7122 7109 6907
f 6995 6936 6915
f 6961 6936 6995
f 6683 6685 6781
f 6683 6087 6685
f 5584 5554 5581
f 5545 5544 5554
f 5453 5544 5545
f 5065 5039 5453
f 4353 5039 5065
f 4353 4352 5039
f 4148 4352 4353
f 4038 3845 4044
f 4038 3850 3845
f 3871 3850 4038
f 4323 4217 4017
f 5519 5569 5468
f 6458 5847 6390
f 6603 6550 6207
f 6811 6647 6603
f 6907 6811 6795
f 7142 6961 6995
f 7138 6961 7142
f 6908 6936 6961
f 6908 6781 6936
f 6731 6781 6908
f 6731 6683 6781
f 5649 5757 6087
f 5584 5757 5649
f 5584 5581 5757
f 5550 5554 5584
f 5550 5545 5554
f 5456 5453 5545
f 5065 5453 5456
f 4175 4148 4353
f 4120 4148 4175
f 4120 4044 4148
f 4038 4044 4120
f 4040 3871 4038
f 3854 3871 4040
f 4017 4073 4151
f 4375 4449 4217
f 4413 4449 4375
f 4413 4656 4449
f 4531 5180 4958
f 6939 6907 6795
f 7007 6907 6939
f 7007 7122 6907
f 7085 7122 7007
f 7195 7122 7085
f 7209 7109 7122
f 7209 6932 7109
f 7209 6915 6932
f 7209 6995 6915
f 7142 6995 7209
f 6985 6961 7138
f 6985 6908 6961
f 6652 6683 6731
f 6480 6683 6652
f 6480 6087 6683
f 5960 6087 6480
f 5960 5649 6087
f 5543 5545 5550
f 5456 5545 5531
f 5176 5065 5456
f 4552 5065 5176
f 4552 4353 5065
f 4389 4353 4552
f 4175 4353 4389
f 4069 4038 4120
f 4069 4040 4038
f 3780 3854 3880
f 3780 3871 3854
f 3780 3850 3871
f 3789 3850 3780
f 3789 3793 3850
f 3870 3793 3789
f 3870 3996 3793
f 3870 4073 3996
f 3998 4073 3870
f 3998 4151 4073
f 4203 4017 4151
f 4203 4323 4017
f 4375 4217 4323
f 4466 4656 4413
f 4466 4958 4656
f 4485 4958 4466
f 4531 4958 4485
f 4554 4973 4531
f 5341 4973 4554
f 5341 5468 4973
f 5429 5468 5341
f 5429 5519 5468
f 5714 5519 5429
f 5714 5689 5519
f 5714 5756 5689
f 5787 5756 5714
f 5787 6488 5756
f 6476 6488 5787
f 6390 5947 6488
f 6603 6207 6458
f 6735 6811 6603
f 6735 6795 6811
f 7234 7122 7195
f 7209 7122 7234
f 7138 7142 7207
f 7006 6985 7024
f 6986 6985 7006
f 6968 6985 6986
f 6950 6985 6968
f 6927 6985 6950
f 6894 6985 6927
f 6894 6908 6985
f 6867 6908 6894
f 6867 6731 6908
f 6797 6731 6867
f 6717 6731 6797
f 6717 6652 6731
f 5725 5649 5960
f 5648 5649 5725
f 5584 5649 5648
f 5548 5543 5550
f 5543 5531 5545
f 5464 5456 5531
f 5386 5456 5464
f 5386 5176 5456
f 4313 4175 4389
f 4233 4175 4313
f 4233 4120 4175
f 4167 4120 4233
f 4167 4069 4120
f 4099 4040 4069
f 4082 4040 4099
f 4068 4040 4082
f 4055 4040 4068
f 4041 4040 4055
f 4041 3854 4040
f 4018 3854 4041
f 4002 3854 4018
f 4002 3880 3854
f 3976 3880 4002
f 3880 3976 3975
f 4000 3998 3870
f 6551 6390 6488
f 6551 6458 6390
f 6574 6458 6551
f 6574 6603 6458
f 6624 6603 6574
f 6735 6603 6624
f 7053 7126 7051
f 7038 7126 7053
f 7207 7209 7234
f 7142 7209 7207
f 7126 6985 7138
f 7126 7024 6985
f 7126 7038 7024
f 7207 7234 7199
f 7199 7138 7207
f 7199 7126 7138
f 3819 3755 3736
f 3819 4293 3755
f 4177 4293 3819
f 4310 4293 4177
f 7214 7271 7290
f 7214 7193 7271
f 7045 7193 7214
f 7045 6859 7193
f 6875 6859 7045
f 6875 6790 6859
f 6586 6790 6875
f 6586 6445 6790
f 5745 6445 6586
f 5745 5620 6445
f 5524 5620 5745
f 5524 5320 5620
f 5111 5320 5524
f 5111 4592 5320
f 4370 4592 5111
f 4370 4310 4592
f 4370 4293 4310
f 3726 3736 3755
f 3726 3753 3736
f 3848 3753 3726
f 3848 3859 3753
f 3968 3859 3848
f 3968 4089 3859
f 4223 4089 3968
f 4223 4312 4089
f 4339 4312 4223
f 4339 5359 4312
f 5355 5359 4339
f 5451 5359 5355
f 5451 5718 5359
f 5783 5718 5451
f 5783 6540 5718
f 6625 6540 5783
f 6625 6686 6540
f 6625 6823 6686
f 6954 6823 6625
f 6954 6972 6823
f 7179 6972 6954
f 7271 7268 7290
f 7250 7268 7271
f 7250 7222 7268
f 7058 7222 7250
f 7058 7179 7222
f 7058 6972 7179
f 5484 5284 5855
f 5144 5284 5484
f 4620 5144 4345
f 4620 5284 5144
f 5593 5855 5284
f 6535 5855 5593
f 5796 5855 6535
f 5484 5855 5796
f 5781 5796 6239
f 5781 5484 5796
f 5516 5484 5781
f 5439 5484 5516
f 5439 5144 5484
f 4373 5144 5439
f 4373 4345 5144
f 4345 4373 4146
f 4620 5593 5284
f 5851 5593 4620
f 5851 6535 5593
f 6831 6239 5796
f 6709 5796 6535
f 6697 5796 6709
f 6831 5796 6697
f 6858 6831 6919
f 6858 6239 6831
f 6481 6239 6858
f 6481 5781 6239
f 5747 5781 6481
f 5747 5516 5781
f 5425 5439 5516
f 4685 5439 5425
f 4685 4373 5439
f 4337 4373 4685
f 4337 4146 4373
f 5443 4620 5145
f 5443 5851 4620
f 6559 5851 5443
f 6559 6535 5851
f 6709 6535 6559
f 6858 6919 7068
f 6606 6481 6858
f 6102 6481 6606
f 6102 5747 6481
f 5578 5516 5747
f 5578 5425 5516
f 5407 5425 5578
f 4685 5425 5407
f 4410 4337 4685
f 4146 4337 4110
f 5145 4620 4345
f 4345 4146 4145
f 4570 5145 4345
f 5306 5145 4570
f 5657 5145 5306
f 5657 5443 5145
f 6462 5443 5657
f 6462 6559 5443
f 6709 6559 6600
f 6972 6919 6831
f 6855 7068 7161
f 6855 6858 7068
f 6719 6858 6855
f 6719 6606 6858
f 6719 6102 6606
f 6451 6102 6719
f 5794 6102 6451
f 5794 5747 6102
f 5673 5747 5794
f 5673 5578 5747
f 5673 5407 5578
f 5217 5407 5673
f 5217 4685 5407
f 4901 4685 5217
f 4901 4410 4685
f 4330 4410 4901
f 4330 4337 4410
f 4330 4110 4337
f 4187 4110 4330
f 4020 4110 4187
f 4145 4146 4110
f 4285 4345 4145
f 4570 4345 4285
f 6697 6709 6823
f 7110 7161 7186
f 7110 6855 7161
f 5679 5673 5794
f 5679 5217 5673
f 5382 5217 5679
f 5172 5217 5382
f 5172 4901 5217
f 5160 4901 5172
f 4416 4901 5160
f 4416 4330 4901
f 4187 4330 4416
f 3797 4020 4187
f 3859 4110 4020
f 4145 4110 3859
f 5696 5657 5306
f 5696 6462 5657
f 6600 6559 6462
f 6823 6709 6600
f 6972 6697 6823
f 6972 6831 6697
f 7058 6919 6972
f 7058 7068 6919
f 7058 7161 7068
f 6621 6719 6855
f 5826 6719 6621
f 5826 6451 6719
f 5826 5794 6451
f 5621 5794 5826
f 5621 5679 5794
f 5527 5679 5621
f 5527 5382 5679
f 4583 4416 5160
f 4310 4416 4583
f 4310 4187 4416
f 4177 4187 4310
f 4177 3797 4187
f 3819 3797 4177
f 4089 4145 3859
f 4312 4145 4089
f 4312 4285 4145
f 4312 4570 4285
f 5359 4570 4312
f 5359 5306 4570
f 5359 5696 5306
f 6540 6462 5696
f 6686 6462 6540
f 6686 6600 6462
f 6823 6600 6686
f 7250 7161 7058
f 7250 7186 7161
f 7271 7186 7250
f 3736 3797 3819
f 3753 3797 3736
f 3753 4020 3797
f 3859 4020 3753
f 5718 5696 5359
f 6540 5696 5718
f 7193 7186 7271
f 7193 7110 7186
f 6859 7110 7193
f 6859 6855 7110
f 6790 6855 6859
f 6790 6621 6855
f 6445 6621 6790
f 6445 5826 6621
f 5620 5826 6445
f 5620 5621 5826
f 5620 5527 5621
f 5320 5527 5620
f 5320 5382 5527
f 5320 5172 5382
f 5320 5160 5172
f 4592 5160 5320
f 4592 4583 5160
f 4310 4583 4592
f 6284 5858 6657
f 5753 5858 6284
f 5298 5627 5753
f 5298 5398 5627
f 4667 5398 5298
f 5858 5753 5627
f 6270 6657 5858
f 6725 6657 6270
f 5398 4667 4891
f 6284 5298 5753
f 4667 5298 6284
f 4327 4891 4230
f 4327 4408 4891
f 5638 5398 4891
f 5638 5627 5398
f 5858 5627 5638
f 6211 6725 6270
f 6712 6725 6211
f 6935 6725 6712
f 6661 6284 6657
f 4467 4667 6284
f 4249 4891 4667
f 4230 4891 4249
f 4276 4327 4094
f 4276 4408 4327
f 4443 4408 4276
f 5733 5858 5638
f 5733 6270 5858
f 5824 6211 6270
f 6623 6211 5824
f 6623 6712 6211
f 6938 6935 6712
f 5681 4467 6284
f 4249 4667 4467
f 4276 4094 4043
f 5171 4891 4408
f 5171 5638 4891
f 5579 5638 5171
f 5579 5733 5638
f 5824 6270 5733
f 5992 6284 6661
f 5992 5681 6284
f 5171 4408 4443
f 5658 5733 5579
f 5824 5733 5658
f 5963 6623 5824
f 6348 6623 5963
f 6636 6623 6348
f 6853 6623 6636
f 6853 6712 6623
f 6853 6938 6712
f 6917 6938 6853
f 7035 6938 6917
f 6935 6938 7035
f 7179 6725 6935
f 5428 5992 5605
f 5428 5681 5992
f 4467 5681 5428
f 4249 4467 4319
f 3861 4043 4094
f 3901 4043 3861
f 4296 4043 3901
f 4296 4276 4043
f 4314 4276 4296
f 4823 4276 4314
f 4823 4443 4276
f 5424 5171 4443
f 5424 5579 5171
f 5658 5579 5424
f 5669 5824 5658
f 7208 7035 6917
f 6954 6725 7179
f 6954 6657 6725
f 6714 6657 6954
f 6714 6661 6657
f 5992 6661 6714
f 4612 4467 5428
f 4319 4467 4612
f 4172 4249 4319
f 4230 4249 4172
f 3968 4327 4230
f 3868 3901 3861
f 5190 4823 5115
f 5190 4443 4823
f 5404 4443 5190
f 5404 5424 4443
f 5669 5424 5404
f 5669 5658 5424
f 5963 5824 5669
f 5683 5963 5622
f 6064 5963 5683
f 6064 6348 5963
f 6586 6348 6064
f 6586 6636 6348
f 6742 6636 6586
f 6742 6853 6636
f 6875 6853 6742
f 6875 6917 6853
f 7045 6917 6875
f 7045 7208 6917
f 7214 7208 7045
f 7179 6935 7035
f 5783 5992 6714
f 5605 5992 5783
f 3968 4094 4327
f 3848 4094 3968
f 3848 3861 4094
f 3796 3901 3868
f 4293 3901 3796
f 4293 4296 3901
f 4368 4296 4293
f 4368 4314 4296
f 5305 4314 4368
f 5305 4823 4314
f 5305 5115 4823
f 5622 5963 5669
f 7290 7208 7214
f 7268 7208 7290
f 7268 7035 7208
f 7222 7035 7268
f 7179 7035 7222
f 6625 6714 6954
f 5783 6714 6625
f 5451 5605 5783
f 5451 5428 5605
f 5355 5428 5451
f 5355 4612 5428
f 4339 4612 5355
f 4339 4319 4612
f 4223 4319 4339
f 4223 4172 4319
f 4223 4230 4172
f 3968 4230 4223
f 3848 3868 3861
f 3726 3868 3848
f 3726 3796 3868
f 3755 3796 3726
f 5525 5115 5305
f 5622 5404 5190
f 5622 5669 5404
f 5525 5683 5622
f 5745 5525 5524
f 5745 5683 5525
f 5745 6064 5683
f 6586 6064 5745
f 6875 6742 6586
f 4293 3796 3755
f 4370 4368 4293
f 4370 5305 4368
f 5111 5305 4370
f 5524 5305 5111
f 5524 5525 5305
f 5622 5190 5115
f 5525 5622 5115
f 5097 5324 5140
f 5224 5324 5097
f 5251 5324 5224
f 5143 5222 5095
f 4945 5140 5143
f 5097 5140 4945
f 5184 5251 5224
f 5184 5222 5251
f 5095 5222 5184
f 4945 5143 5095
f 4953 5227 4898
f 4953 5024 5227
f 5169 5024 4953
f 5204 5169 4939
f 5204 5308 5169
f 5204 5264 5308
f 5158 5264 5204
f 5158 5227 5264
f 5158 4898 5227
f 4939 5169 4953
f 4617 4919 4882
f 4574 4919 4617
f 4574 4742 4919
f 4787 4742 4574
f 4787 4975 4742
f 5271 4975 4787
f 4617 4882 5271
f 5034 5271 4787
f 4617 5271 5034
f 4516 4589 4556
f 4652 4589 4516
f 4537 4589 4652
f 4537 4640 4589
f 4511 4640 4537
f 4511 4506 4640
f 4510 4506 4511
f 4556 4510 4452
f 4452 4510 4511
f 4516 4556 4452
f 6085 6047 5908
f 6317 6047 6085
f 6317 5967 6047
f 6319 5967 6317
f 6319 5881 5967
f 5925 5881 6319
f 5925 5834 5881
f 5917 5834 5925
f 5917 5908 5834
f 6085 5908 5917
f 6353 6114 6028
f 6109 6114 6353
f 6109 5820 6114
f 5948 5820 6109
f 5948 5868 5820
f 5933 5868 5948
f 5933 5920 5868
f 6353 5920 5933
f 6353 6028 5920
f 6420 6097 6320
f 6036 5873 6097
f 6038 5873 6036
f 6038 5952 5873
f 6093 5952 6038
f 6036 6097 6420
f 6573 6093 6038
f 6420 6093 6573
f 6420 6320 6093
f 6514 6471 6339
f 6643 6471 6514
f 6489 6471 6643
f 6648 6512 6489
f 6397 6339 6515
f 6648 6489 6643
f 6604 6512 6648
f 6604 6515 6512
f 6397 6515 6604
f 6514 6339 6397
f 6253 6272 5872
f 6453 6272 6253
f 6597 6272 6453
f 6597 6601 6272
f 5146 4493 4853
f 5146 4431 4493
f 4427 4431 5146
f 4374 4431 4427
f 4374 4196 4431
f 4272 4196 4374
f 4272 4180 4196
f 4272 4165 4180
f 4244 4165 4272
f 4244 4216 4165
f 4288 4216 4244
f 4288 4301 4216
f 4365 4301 4288
f 4365 4412 4301
f 4545 4412 4365
f 4721 4412 4545
f 4721 5364 4412
f 5381 5364 4721
f 5381 5483 5364
f 5498 5483 5381
f 5623 5483 5498
f 5623 5760 5483
f 5623 6477 5760
f 6363 6477 5623
f 6363 6726 6477
f 6539 6726 6363
f 6539 6819 6726
f 6710 6819 6539
f 6768 6819 6710
f 6768 6869 6819
f 6788 6869 6768
f 6788 6846 6869
f 6788 6805 6846
f 6737 6805 6788
f 6737 6597 6805
f 6601 6597 6737
f 3987 4074 4086
f 3987 4045 4074
f 3933 4045 3987
f 3933 4015 4045
f 3891 4015 3933
f 3891 4025 4015
f 3891 3964 4025
f 3824 3964 3891
f 3824 3919 3964
f 3811 3919 3824
f 4012 3828 4005
f 3970 3828 4012
f 3970 3811 3828
f 3903 3811 3970
f 3919 3811 3903
f 6837 6786 7026
f 6837 6646 6786
f 6705 6646 6837
f 6705 6166 6646
f 6590 6166 6705
f 6197 6166 6590
f 5872 5883 6253
f 5816 5883 5872
f 5816 5813 5883
f 5749 5813 5816
f 5749 5812 5813
f 5762 5812 5749
f 5804 5812 5762
f 5804 5799 5812
f 5800 5799 5804
f 5800 6103 5799
f 5758 6103 5800
f 5758 6183 6103
f 5786 6183 5758
f 5978 6183 5786
f 5978 6197 6183
f 5978 6166 6197
f 6973 7026 6786
f 6973 7080 7026
f 6992 7080 6973
f 7096 6983 7018
f 7096 7047 6983
f 7175 7047 7096
f 7175 7083 7047
f 7201 7083 7175
f 7201 7079 7083
f 7204 7079 7201
f 7204 7039 7079
f 7159 7039 7204
f 7159 7010 7039
f 7097 7010 7159
f 7097 6992 7010
f 7080 6992 7097
f 4853 5312 5146
f 5296 5312 4853
f 5296 5318 5312
f 5313 5318 5296
f 5313 5358 5318
f 5310 5358 5313
f 5310 5322 5358
f 5329 5322 5310
f 5329 5367 5322
f 5328 5367 5329
f 5328 5343 5367
f 5289 5343 5328
f 5289 5237 5343
f 4535 5237 5289
f 4535 4524 5237
f 4436 4524 4535
f 4436 4378 4524
f 4193 4378 4436
f 4193 4074 4378
f 4086 4074 4193
f 6955 7018 6983
f 6955 6971 7018
f 6860 6971 6955
f 6860 6931 6971
f 6860 6870 6931
f 6806 6870 6860
f 6806 6703 6870
f 6645 6703 6806
f 6645 6549 6703
f 6435 6549 6645
f 6435 5892 6549
f 5836 5892 6435
f 5836 5660 5892
f 5553 5660 5836
f 5553 5449 5660
f 5457 5449 5553
f 5457 5253 5449
f 5300 5253 5457
f 5300 4484 5253
f 4588 4484 5300
f 4588 4329 4484
f 4390 4329 4588
f 4390 4162 4329
f 4219 4162 4390
f 4219 4096 4162
f 4143 4096 4219
f 4108 4096 4143
f 4108 4031 4096
f 4108 4005 4031
f 4012 4005 4108
f 4441 4302 4376
f 5275 4733 4653
f 5275 5369 4733
f 6554 6637 6499
f 6634 6499 6637
f 6261 6499 6634
f 6261 6016 6499
f 5798 6016 6261
f 5798 5765 6016
f 5640 5765 5798
f 5640 5630 5765
f 5640 5566 5630
f 5640 5459 5566
f 4532 4653 4733
f 4532 4441 4653
f 4302 4304 4376
f 4246 4376 4304
f 5566 5459 5369
f 6713 6637 6554
f 6822 6821 6713
f 6723 6713 6821
f 6637 6713 6723
f 6634 6637 6626
f 5349 5369 5459
f 5349 4733 5369
f 4324 4441 4532
f 4324 4302 4441
f 4257 4304 4302
f 4195 4246 4304
f 6706 6713 6554
f 6706 6822 6713
f 6896 6723 6821
f 6626 6637 6723
f 4154 4257 4302
f 4100 4257 4154
f 4149 4195 4304
f 4246 4441 4376
f 6612 6554 6499
f 6706 6554 6612
f 6877 6821 6822
f 6886 6821 6877
f 6836 6896 6821
f 4139 4257 4100
f 4149 4304 4257
f 4260 4246 4195
f 4419 4441 4246
f 4783 4441 4419
f 4783 4653 4441
f 5275 4653 4783
f 5618 5630 5566
f 5618 5765 5630
f 6812 6877 6822
f 6836 6886 6897
f 6836 6821 6886
f 4153 4302 4324
f 4153 4154 4302
f 4195 4149 4166
f 5244 5275 4783
f 5394 5275 5244
f 5394 5369 5275
f 5500 5369 5394
f 5500 5566 5369
f 5500 5618 5566
f 5719 5765 5618
f 5719 6016 5765
f 5867 6016 5719
f 5867 6499 6016
f 6384 6499 5867
f 6563 6499 6384
f 6563 6612 6499
f 6812 6822 6706
f 5866 5798 6261
f 5653 5798 5866
f 5653 5640 5798
f 5557 5640 5653
f 5557 5459 5640
f 5261 5349 5459
f 5261 4733 5349
f 4128 4139 4100
f 4093 4139 4128
f 4118 4139 4093
f 4129 4257 4139
f 4129 4149 4257
f 4129 4166 4149
f 4191 4195 4166
f 4419 4246 4260
f 6782 6812 6706
f 6839 6877 6812
f 6888 6877 6857
f 6887 6877 6888
f 6887 6886 6877
f 6929 6897 6912
f 6836 6897 6929
f 6957 6896 6836
f 6626 6723 6872
f 5450 5459 5557
f 5450 5261 5459
f 4402 4532 4733
f 4402 4324 4532
f 4078 4118 4093
f 4129 4139 4118
f 4157 4166 4129
f 4188 4166 4157
f 4178 4166 4188
f 4179 4166 4178
f 4179 4191 4166
f 4208 4195 4191
f 4208 4260 4195
f 4335 4419 4260
f 6668 6612 6563
f 6728 6612 6668
f 6728 6706 6612
f 6782 6706 6728
f 6851 6877 6839
f 6851 6857 6877
f 6865 6888 6857
f 6897 6886 6887
f 6957 6836 6929
f 6991 6723 6896
f 6872 6723 6991
f 6525 6261 6634
f 5866 6261 6525
f 4496 4733 5261
f 4496 4402 4733
f 4103 4154 4153
f 4103 4100 4154
f 4131 4129 4118
f 4131 4157 4129
f 6901 6887 6888
f 6901 6897 6887
f 6913 6897 6901
f 6913 6912 6897
f 6970 6912 6916
f 6981 6896 6957
f 6965 6896 6981
f 6965 6991 6896
f 6774 6626 6872
f 6774 6634 6626
f 6666 6634 6774
f 6666 6525 6634
f 4235 4324 4402
f 4153 4324 4235
f 4100 4103 3960
f 3993 4078 4093
f 4109 4118 4078
f 4131 4118 4109
f 4183 4157 4131
f 5363 5394 5244
f 5500 5394 5363
f 5628 5618 5500
f 5719 5618 5628
f 6863 6857 6851
f 6865 6857 6863
f 6711 6865 6746
f 6884 6865 6711
f 6884 6888 6865
f 6884 6901 6888
f 6916 6912 6913
f 6929 6912 6970
f 4128 4100 3960
f 3993 4109 4078
f 4124 4109 4097
f 4124 4131 4109
f 4183 4131 4124
f 4247 4157 4183
f 4188 4157 4247
f 4456 4783 4419
f 5125 5244 4783
f 5363 5244 5125
f 5481 5500 5363
f 5628 5500 5481
f 5759 5719 5628
f 6025 5719 5759
f 6025 5867 5719
f 6384 5867 6025
f 6801 6865 6863
f 6801 6746 6865
f 6913 6901 6884
f 7031 6929 6970
f 7031 6957 6929
f 7031 6981 6957
f 6704 6666 6774
f 6525 6666 6704
f 5909 5866 6525
f 5653 5866 5909
f 5447 5450 5557
f 5447 5261 5450
f 5221 5261 5447
f 5221 4496 5261
f 4341 4402 4496
f 4341 4235 4402
f 3867 4128 3960
f 3957 4128 3867
f 3957 4093 4128
f 3957 3993 4093
f 4034 4097 4109
f 4101 4097 4034
f 4152 4124 4097
f 4247 4124 4152
f 4247 4183 4124
f 4271 4188 4247
f 4201 4188 4271
f 4178 4188 4201
f 5125 4783 4456
f 6862 6884 6711
f 6862 6913 6884
f 6862 6916 6913
f 6928 6916 6862
f 6951 6970 6916
f 6965 6981 7164
f 5552 5653 5909
f 5552 5557 5653
f 3940 3960 4103
f 4034 4109 3993
f 4170 4097 4101
f 4170 4152 4097
f 4262 4152 4170
f 4262 4247 4152
f 4271 4247 4262
f 4301 4419 4335
f 4456 4419 4301
f 6633 6746 6750
f 6711 6746 6633
f 6716 6711 6678
f 6716 6862 6711
f 6868 6862 6716
f 6868 6928 6862
f 6891 6928 6868
f 6928 6951 6916
f 7031 6970 6951
f 7164 6981 7031
f 7170 6965 7164
f 6991 6965 7170
f 6920 6872 6991
f 6832 6872 6920
f 6832 6774 6872
f 6704 6774 6832
f 6555 6525 6704
f 5909 6525 6555
f 5552 5447 5557
f 4477 4496 5221
f 4477 4341 4496
f 4200 4235 4341
f 4200 4153 4235
f 4112 4153 4200
f 4112 4103 4153
f 4048 4103 4112
f 3940 4103 4048
f 3867 3960 3940
f 4003 3993 3957
f 4003 4034 3993
f 4194 4101 4136
f 4194 4170 4101
f 4251 4170 4194
f 4300 4170 4251
f 4300 4262 4170
f 4361 4262 4300
f 4361 4271 4262
f 4358 4271 4361
f 4241 4271 4358
f 4160 4179 4178
f 4182 4208 4191
f 6611 6384 6025
f 6611 6563 6384
f 6668 6563 6611
f 6670 6711 6633
f 6670 6678 6711
f 6672 6868 6716
f 6791 6868 6672
f 6791 6891 6868
f 3957 3867 3821
f 4243 4136 4085
f 4243 4194 4136
f 4311 4194 4243
f 4311 4251 4194
f 4241 4201 4271
f 4178 4201 4189
f 4161 4179 4160
f 4191 4179 4161
f 6866 6801 6863
f 6794 6801 6866
f 6794 6746 6801
f 6750 6746 6794
f 6639 6678 6670
f 6639 6716 6678
f 6672 6716 6639
f 6729 6791 6672
f 6791 6729 6824
f 6824 6891 6791
f 6891 6966 6928
f 7100 6928 6966
f 7100 6951 6928
f 7100 7031 6951
f 7100 7188 7031
f 7188 7164 7031
f 7194 7164 7188
f 7170 7164 7194
f 7036 6991 7170
f 7036 6920 6991
f 3852 3867 3940
f 3852 3821 3867
f 3805 3821 3852
f 3999 4101 4034
f 3999 4136 4101
f 4085 4136 3999
f 4227 4243 4085
f 4322 4243 4227
f 4471 4243 4322
f 4471 4311 4243
f 4569 4311 4471
f 4569 4251 4311
f 4569 4300 4251
f 4717 4300 4569
f 4578 4300 4717
f 4578 4361 4300
f 4448 4361 4578
f 4448 4358 4361
f 4371 4358 4448
f 4189 4201 4241
f 4160 4178 4189
f 4182 4191 4161
f 4260 4208 4182
f 6784 6782 6728
f 6847 6782 6784
f 6847 6812 6782
f 6847 6839 6812
f 6874 6839 6847
f 6874 6851 6839
f 6866 6851 6874
f 6866 6863 6851
f 6135 6633 6565
f 6135 6670 6633
f 6347 6670 6135
f 6347 6639 6670
f 6317 6672 6639
f 6110 6672 6317
f 6560 6672 6110
f 6560 6729 6672
f 6664 6729 6560
f 6664 6824 6729
f 6824 6966 6891
f 3991 4048 4112
f 3991 3940 4048
f 3852 3940 3991
f 3806 3957 3821
f 4003 3957 3806
f 4332 4322 4227
f 4953 4569 4471
f 4501 4371 4448
f 4241 4358 4267
f 5125 4456 4412
f 6726 6728 6668
f 6726 6784 6728
f 6633 6750 6669
f 6317 6639 5936
f 6353 6560 6110
f 6885 6824 6664
f 6966 6824 6885
f 7188 7100 7204
f 7204 7194 7188
f 7037 7194 7197
f 7037 7170 7194
f 7037 7036 7170
f 6703 6704 6832
f 6703 6555 6704
f 5660 5552 5909
f 5449 5447 5552
f 5221 5447 5449
f 4329 4341 4477
f 4200 4341 4329
f 3839 3852 3991
f 3839 3805 3852
f 3805 3839 3810
f 3806 3821 3805
f 4452 4511 4332
f 4511 4322 4332
f 4511 4471 4322
f 4574 4471 4511
f 4574 4617 4471
f 4710 4898 5158
f 4710 4953 4898
f 4710 4569 4953
f 5220 4569 4710
f 5097 4945 4569
f 5095 4569 4945
f 5095 4717 4569
f 5196 4578 4717
f 4448 4578 5196
f 4267 4358 4371
f 4196 4241 4267
f 4196 4189 4241
f 4216 4260 4182
f 4216 4335 4260
f 5364 5363 5125
f 5481 5363 5364
f 5628 5481 5483
f 5760 5759 5628
f 6025 5759 5760
f 6726 6668 6611
f 6846 6866 6874
f 6669 6750 6794
f 6669 6565 6633
f 5962 6135 6565
f 5936 6639 6347
f 6319 6317 5936
f 6036 6560 6353
f 6420 6560 6036
f 6573 6560 6420
f 6573 6664 6560
f 6604 6664 6573
f 6604 6648 6664
f 6817 6664 6648
f 6817 6885 6664
f 7034 6885 6924
f 7034 6966 6885
f 7034 7100 6966
f 7159 7100 7034
f 7204 7100 7159
f 7175 7194 7201
f 7175 7197 7194
f 6974 7036 7037
f 6974 6920 7036
f 6898 6920 6974
f 6898 6832 6920
f 6809 6832 6898
f 6809 6703 6832
f 6549 6555 6703
f 6549 5909 6555
f 5892 5909 6549
f 5892 5660 5909
f 5449 5552 5660
f 5253 5221 5449
f 4484 5221 5253
f 4484 4477 5221
f 4329 4477 4484
f 4218 4200 4329
f 4127 4200 4218
f 4127 4112 4200
f 4065 4112 4127
f 4065 3991 4112
f 4065 3839 3991
f 3849 3839 4065
f 3849 3810 3839
f 3806 3805 3810
f 3891 4003 3824
f 3891 4034 4003
f 3989 4085 3999
f 4106 4085 3989
f 4106 4227 4085
f 4106 4332 4227
f 4395 4106 4193
f 4395 4332 4106
f 4452 4332 4395
f 4787 4511 4537
f 4787 4574 4511
f 4939 4471 4617
f 4939 4953 4471
f 5097 4569 5220
f 5184 4717 5095
f 5196 4717 5184
f 4853 4448 5296
f 4853 4501 4448
f 4182 4161 4165
f 5364 5125 4412
f 5760 5628 5483
f 6477 6025 5760
f 6611 6025 6477
f 6819 6847 6784
f 6874 6847 6869
f 6794 6866 6846
f 6103 6317 6085
f 6103 6110 6317
f 6109 6353 6110
f 5933 6036 6353
f 6817 6648 6643
f 7034 6924 6980
f 7201 7194 7204
f 7064 7175 7096
f 7064 7197 7175
f 7064 7037 7197
f 6974 7037 7064
f 3915 3849 4065
f 3828 3915 4005
f 3828 3849 3915
f 3828 3810 3849
f 3824 4003 3806
f 3933 4034 3891
f 3933 3999 4034
f 3989 3999 3933
f 4516 4452 4395
f 4787 4537 4652
f 4939 5034 4787
f 4939 4617 5034
f 5328 5158 5204
f 5328 4710 5158
f 5220 4710 5328
f 5220 5224 5097
f 5220 5184 5224
f 5296 4448 5196
f 4180 4160 4189
f 4165 4160 4180
f 4165 4161 4160
f 4301 4335 4216
f 5483 5481 5364
f 6819 6784 6726
f 6869 6847 6819
f 6846 6874 6869
f 6669 6794 6805
f 6347 6135 5962
f 5925 6319 5936
f 6103 6085 5917
f 6103 6109 6110
f 6103 5948 6109
f 5933 5948 6103
f 6183 6038 6036
f 6183 6573 6038
f 6397 6573 6183
f 6397 6604 6573
f 6817 6924 6885
f 7026 6980 6837
f 7080 6980 7026
f 7080 7034 6980
f 7097 7034 7080
f 7159 7034 7097
f 7018 7064 7096
f 6971 7064 7018
f 6971 6974 7064
f 6931 6974 6971
f 6931 6898 6974
f 6870 6898 6931
f 6870 6809 6898
f 6870 6703 6809
f 4162 4218 4329
f 4162 4127 4218
f 4096 4127 4162
f 4096 4065 4127
f 4031 4065 4096
f 4031 3915 4065
f 4005 3915 4031
f 3811 3810 3828
f 3811 3806 3810
f 3824 3806 3811
f 3987 3989 3933
f 3987 4106 3989
f 4086 4106 3987
f 4193 4106 4086
f 4436 4395 4193
f 4535 4395 4436
f 4535 4516 4395
f 4535 4652 4516
f 5289 4652 4535
f 5289 4787 4652
f 5289 4939 4787
f 5328 4939 5289
f 5328 5204 4939
f 5329 5220 5328
f 5329 5184 5220
f 5310 5184 5329
f 5310 5196 5184
f 5313 5196 5310
f 5313 5296 5196
f 4493 4501 4853
f 4431 4501 4493
f 4431 4371 4501
f 4431 4267 4371
f 4196 4267 4431
f 4180 4189 4196
f 4216 4182 4165
f 4412 4456 4301
f 6726 6611 6477
f 6805 6794 6846
f 6597 6669 6805
f 6597 6565 6669
f 6453 6565 6597
f 6253 6565 6453
f 6253 5962 6565
f 5883 5962 6253
f 5813 5962 5883
f 5813 6347 5962
f 5813 5936 6347
f 5812 5936 5813
f 5812 5925 5936
f 5799 5925 5812
f 5799 5917 5925
f 5799 6103 5917
f 6183 5933 6103
f 6183 6036 5933
f 6197 6397 6183
f 6197 6514 6397
f 6197 6643 6514
f 6590 6643 6197
f 6817 6590 6705
f 6817 6643 6590
f 6924 6837 6980
f 6924 6705 6837
f 6817 6705 6924
f 5562 5473 5559
f 4231 4476 4343
f 4392 4476 4231
f 5353 5397 5032
f 5473 5397 5353
f 5752 5712 5559
f 6100 5712 5752
f 6689 6602 6665
f 6548 6602 6689
f 6548 6503 6602
f 5792 6100 6124
f 5792 5712 6100
f 5562 5559 5712
f 5505 5473 5562
f 5397 5473 5505
f 5335 5032 5397
f 4609 5032 5335
f 4609 4529 5032
f 4609 4392 4529
f 4476 4392 4609
f 4318 4343 4476
f 6665 6602 6721
f 6498 6124 6100
f 6498 6503 6124
f 6608 6503 6498
f 6608 6602 6503
f 4250 4343 4318
f 4250 4279 4343
f 4158 4343 4279
f 4231 4343 4158
f 4403 4392 4231
f 4529 4392 4403
f 5645 5752 5559
f 6595 6548 6689
f 6503 6548 6595
f 4380 4476 4609
f 4318 4476 4380
f 4248 4318 4284
f 4250 4318 4248
f 4197 4279 4250
f 4192 4158 4279
f 6771 6721 6770
f 6771 6665 6721
f 6777 6665 6771
f 6366 6503 6595
f 6366 6124 6503
f 6096 6124 6366
f 6096 5792 6124
f 4415 4380 4609
f 4192 4279 4213
f 4613 5032 4529
f 5323 5032 4613
f 5323 5353 5032
f 5473 5353 5323
f 5645 5559 5473
f 5784 5752 5645
f 5784 6100 5752
f 6364 6100 5784
f 6364 6498 6100
f 6632 6498 6364
f 6608 6498 6632
f 6708 6602 6608
f 6708 6721 6602
f 6834 6721 6708
f 6834 6770 6721
f 6838 6770 6834
f 6756 6665 6777
f 6689 6665 6756
f 6366 6595 6519
f 5564 5562 5712
f 5564 5505 5562
f 5137 4609 5335
f 5137 4415 4609
f 4192 4213 4140
f 6756 6777 6792
f 6096 6366 6519
f 5802 5792 6096
f 5693 5792 5802
f 5693 5712 5792
f 5564 5712 5693
f 5423 5397 5505
f 5423 5335 5397
f 5309 5335 5423
f 5309 5137 5335
f 4354 4318 4380
f 4354 4284 4318
f 4212 4248 4228
f 4212 4250 4248
f 4212 4197 4250
f 4197 4213 4279
f 4140 4213 4141
f 6878 6838 6834
f 6890 6838 6878
f 6843 6838 6890
f 6815 6838 6843
f 6815 6770 6838
f 6815 6771 6770
f 6808 6771 6815
f 6808 6777 6771
f 6808 6792 6777
f 6727 6689 6756
f 6691 6689 6727
f 6691 6595 6689
f 6691 6519 6595
f 5567 5505 5564
f 5567 5423 5505
f 4354 4380 4415
f 4281 4248 4284
f 4176 4213 4197
f 4176 4141 4213
f 4104 4158 4192
f 4126 4231 4158
f 4226 4231 4126
f 4226 4403 4231
f 4316 4403 4226
f 4411 4403 4316
f 4411 4529 4403
f 4613 4529 4411
f 5458 5473 5323
f 5458 5645 5473
f 6829 6708 6608
f 6835 6792 6808
f 6783 6792 6835
f 6767 6756 6792
f 6743 6756 6767
f 6614 6519 6691
f 4396 4415 5137
f 4354 4415 4396
f 4281 4284 4354
f 4265 4248 4281
f 4252 4248 4265
f 4252 4228 4248
f 4207 4228 4252
f 4207 4212 4228
f 4185 4212 4207
f 4185 4197 4212
f 4176 4197 4185
f 4104 4126 4158
f 6761 6608 6632
f 6829 6608 6761
f 6930 6708 6829
f 6834 6708 6930
f 6990 6843 6890
f 6845 6843 6990
f 6850 6815 6843
f 6841 6815 6850
f 6841 6808 6815
f 6835 6808 6841
f 4396 5137 4545
f 4181 4141 4176
f 4011 4140 4141
f 4104 4192 4023
f 5556 5645 5458
f 5652 5645 5556
f 5652 5784 5645
f 6407 6364 5784
f 6407 6632 6364
f 7017 6878 6834
f 6845 6990 6902
f 6850 6843 6845
f 6825 6835 6841
f 6825 6783 6835
f 6720 6783 6825
f 6753 6783 6720
f 6767 6792 6783
f 6096 6519 6614
f 5616 5567 5564
f 5501 5567 5616
f 5423 5567 5501
f 4274 4252 4265
f 4325 4252 4274
f 4317 4252 4325
f 4261 4252 4317
f 4261 4207 4252
f 4261 4185 4207
f 4261 4176 4185
f 4181 4176 4261
f 4113 4141 4181
f 4011 4192 4140
f 4023 4192 4011
f 7017 6834 6930
f 6990 6890 6959
f 6748 6850 6845
f 6748 6841 6850
f 6748 6825 6841
f 6748 6720 6825
f 6767 6783 6753
f 5722 5693 5802
f 5616 5693 5722
f 5616 5564 5693
f 4813 5137 5309
f 4545 5137 4813
f 4333 4261 4317
f 4205 4261 4333
f 4205 4181 4261
f 4198 4181 4205
f 4198 4113 4181
f 4116 4113 4198
f 4011 4141 4113
f 7029 6878 7017
f 6959 6878 7029
f 6959 6890 6878
f 6854 6845 6902
f 6820 6845 6854
f 6820 6748 6845
f 6700 6748 6820
f 6700 6720 6748
f 6682 6720 6700
f 6732 6720 6682
f 6753 6720 6732
f 6727 6756 6743
f 5380 5423 5501
f 5252 5423 5380
f 5252 5309 5423
f 4813 5309 5252
f 4281 4354 4298
f 4359 4317 4325
f 4333 4317 4414
f 4287 4205 4333
f 4287 4198 4205
f 4190 4198 4287
f 4190 4116 4198
f 4126 4104 4072
f 4379 4411 4316
f 4613 4411 4379
f 6660 6632 6407
f 6660 6761 6632
f 6967 6930 6829
f 6967 7017 6930
f 6803 6854 6840
f 6803 6820 6854
f 6700 6820 6803
f 6610 6732 6682
f 5864 6096 6614
f 5864 5802 6096
f 5722 5802 5864
f 4349 4359 4325
f 4418 4317 4359
f 4418 4414 4317
f 4465 4333 4414
f 4429 4333 4465
f 4429 4287 4333
f 4273 4287 4429
f 4273 4190 4287
f 4211 4190 4273
f 4011 4113 4064
f 3971 4023 4011
f 4072 4104 4023
f 4168 4126 4072
f 4168 4226 4126
f 4269 4226 4168
f 4269 4316 4226
f 4379 4316 4269
f 5294 5323 4613
f 5455 5323 5294
f 5455 5458 5323
f 5455 5556 5458
f 6861 6829 6761
f 6861 6967 6829
f 6944 6902 6990
f 6975 6902 6944
f 6776 6840 6833
f 6776 6803 6840
f 6622 6803 6776
f 6622 6700 6803
f 6651 6700 6622
f 6544 6700 6651
f 6544 6682 6700
f 6610 6682 6544
f 6695 6732 6610
f 4365 4396 4545
f 4397 4359 4349
f 4418 4359 4397
f 4326 4273 4429
f 4326 4211 4273
f 3971 4011 4064
f 5846 5784 5652
f 6407 5784 5846
f 7041 6990 6959
f 6944 6990 7041
f 6975 6854 6902
f 6975 6840 6854
f 6724 6776 6833
f 6659 6776 6724
f 6622 6776 6659
f 6564 6610 6544
f 6564 6695 6610
f 6762 6732 6695
f 6785 6767 6753
f 6614 6691 6667
f 5623 5616 5722
f 5501 5616 5623
f 4336 4396 4365
f 4336 4354 4396
f 4298 4354 4336
f 4258 4281 4298
f 4265 4281 4258
f 4274 4265 4242
f 4280 4274 4254
f 4280 4325 4274
f 4349 4325 4280
f 4841 4465 4414
f 5319 4465 4841
f 5093 4465 5319
f 5093 4429 4465
f 4698 4429 5093
f 4698 4326 4429
f 4445 4326 4698
f 4362 4326 4445
f 4362 4211 4326
f 4292 4211 4362
f 3937 3971 3904
f 3937 4023 3971
f 3937 4072 4023
f 4588 4613 4379
f 4588 5294 4613
f 7059 7017 6967
f 7059 7029 7017
f 7099 7029 7059
f 7041 7029 7099
f 7041 6959 7029
f 6833 6840 6975
f 6740 6724 6833
f 6654 6724 6740
f 6582 6724 6654
f 6582 6659 6724
f 6482 6659 6582
f 6482 6622 6659
f 6091 6622 6482
f 6091 6651 6622
f 6395 6544 6651
f 5877 6544 6395
f 6139 6544 5877
f 6139 6564 6544
f 6762 6753 6732
f 6779 6753 6762
f 6785 6753 6779
f 6787 6743 6767
f 6667 6743 6787
f 6667 6727 6743
f 6667 6691 6727
f 4242 4265 4258
f 4254 4274 4242
f 4517 4418 4397
f 4852 4418 4517
f 4852 4414 4418
f 4852 4841 4414
f 4206 4211 4292
f 4206 4190 4211
f 4206 4116 4190
f 4116 4064 4113
f 3904 3971 4064
f 4070 4072 3937
f 4070 4168 4072
f 4169 4168 4070
f 4169 4269 4168
f 4286 4269 4169
f 4286 4379 4269
f 5553 5556 5455
f 5652 5556 5553
f 6435 6407 5846
f 6660 6407 6435
f 6764 6761 6660
f 6864 6761 6764
f 6864 6861 6761
f 6958 6861 6864
f 6958 6967 6861
f 7059 6967 6958
f 6844 6740 6833
f 6053 6582 6654
f 6041 6651 6091
f 6395 6651 6041
f 6787 6767 6785
f 5380 5501 5498
f 5319 5140 5093
f 5143 5140 5319
f 5024 4698 5093
f 4698 5024 5169
f 4882 4445 4698
f 4742 4445 4882
f 5191 4445 4742
f 4506 4445 5191
f 4510 4445 4506
f 4510 4362 4445
f 4556 4362 4510
f 4401 4362 4556
f 4401 4292 4362
f 3924 3937 3904
f 3924 4070 3937
f 4390 4379 4286
f 4390 4588 4379
f 5457 5455 5294
f 5457 5553 5455
f 6645 6660 6435
f 6764 6660 6645
f 7040 7059 6958
f 7046 7059 7040
f 7046 7099 7059
f 6592 6654 6740
f 6592 6512 6654
f 6489 6512 6592
f 6515 6654 6512
f 6320 6582 6053
f 6179 6320 6097
f 6179 6582 6320
f 6179 6482 6582
f 6028 6482 6179
f 6114 6482 6028
f 6091 6482 6114
f 6047 6041 6091
f 6041 6047 5967
f 6539 6614 6667
f 6539 5864 6614
f 6363 5864 6539
f 5623 5864 6363
f 5623 5722 5864
f 5318 4841 4852
f 5222 5143 5319
f 5324 5093 5140
f 5367 5093 5324
f 5227 5093 5367
f 5227 5024 5093
f 4742 4882 4919
f 5191 4742 4975
f 4640 4506 5191
f 4199 4401 4378
f 4199 4292 4401
f 4199 4206 4292
f 4045 4206 4199
f 4045 4116 4206
f 4025 4064 4116
f 3964 4064 4025
f 3904 4064 3919
f 4070 3924 3980
f 5300 5294 4588
f 5300 5457 5294
f 5836 5652 5553
f 5836 5846 5652
f 6435 5846 5836
f 7099 7046 7083
f 7079 7041 7099
f 6944 7041 7079
f 7010 6944 7039
f 7010 6975 6944
f 6943 6833 6975
f 6943 6844 6833
f 6871 6844 6943
f 6871 6740 6844
f 6646 6740 6871
f 6592 6740 6646
f 6471 6489 6592
f 6053 6654 6515
f 6093 6320 6053
f 5920 6028 6179
f 5800 6047 6091
f 5908 6047 5800
f 5881 6041 5967
f 5762 6395 6041
f 6272 6564 6139
f 6539 6667 6710
f 5381 5380 5498
f 5381 5252 5380
f 4721 5252 5381
f 4721 4813 5252
f 4545 4813 4721
f 4397 4349 4374
f 5358 5319 4841
f 5322 5222 5319
f 5322 5251 5222
f 5324 5251 5322
f 5367 5264 5227
f 5308 5264 5367
f 5308 4698 5169
f 4882 4698 5308
f 5343 4975 5271
f 5191 4975 5343
f 5191 4589 4640
f 4401 4556 4589
f 4015 4116 4045
f 4025 4116 4015
f 3919 4064 3964
f 3903 3904 3919
f 3970 3904 3903
f 3970 3924 3904
f 3970 3980 3924
f 4026 3970 4012
f 4026 3980 3970
f 4143 3980 4026
f 4143 4070 3980
f 6903 7040 6958
f 6998 7040 6903
f 6998 7046 7040
f 7047 7046 6998
f 7047 7083 7046
f 7083 7079 7099
f 7039 6944 7079
f 6992 6975 7010
f 6992 6943 6975
f 6973 6871 6943
f 6592 6339 6471
f 6053 6515 6339
f 5786 6093 6053
f 5786 5952 6093
f 5873 5952 5786
f 5873 6179 6097
f 5758 5920 6179
f 5758 5868 5920
f 5758 5820 5868
f 6091 6114 5820
f 5800 5834 5908
f 5804 5834 5800
f 5804 5881 5834
f 5804 6041 5881
f 5762 6041 5804
f 5762 5877 6395
f 5816 6139 5877
f 5872 6139 5816
f 5872 6272 6139
f 6601 6564 6272
f 6601 6695 6564
f 6737 6695 6601
f 6737 6762 6695
f 6737 6779 6762
f 6788 6779 6737
f 6788 6785 6779
f 6768 6667 6787
f 6710 6667 6768
f 5498 5501 5623
f 4288 4336 4365
f 4288 4298 4336
f 4258 4298 4288
f 4244 4242 4258
f 4272 4242 4244
f 4272 4254 4242
f 4272 4280 4254
f 4374 4349 4280
f 5146 4852 4517
f 5146 5318 4852
f 5358 4841 5318
f 5358 5322 5319
f 5322 5367 5324
f 5367 4882 5308
f 5343 4882 5367
f 5343 5271 4882
f 5237 5191 5343
f 5237 4589 5191
f 5237 4401 4589
f 4524 4401 5237
f 4524 4378 4401
f 4074 4199 4378
f 4045 4199 4074
f 4108 4026 4012
f 4108 4143 4026
f 4143 4169 4070
f 4219 4169 4143
f 4219 4286 4169
f 4219 4390 4286
f 6806 6764 6645
f 6806 6864 6764
f 6860 6864 6806
f 6860 6958 6864
f 6860 6903 6958
f 6860 6998 6903
f 6955 6998 6860
f 6955 7047 6998
f 6983 7047 6955
f 6973 6943 6992
f 6786 6871 6973
f 6786 6646 6871
f 6166 6592 6646
f 6166 6339 6592
f 5978 6339 6166
f 5978 6053 6339
f 5786 6053 5978
f 5786 6179 5873
f 5758 6179 5786
f 5758 6091 5820
f 5800 6091 5758
f 5749 5877 5762
f 5749 5816 5877
f 6788 6787 6785
f 6768 6787 6788
f 4244 4258 4288
f 4374 4280 4272
f 4427 4397 4374
f 4427 4517 4397
f 5146 4517 4427
f 5312 5318 5146
f 4060 4059 4037
f 4092 4059 4060
f 4092 4050 4059
f 4092 4033 4050
f 4067 4033 4092
f 3732 3776 3742
f 3732 3739 3776
f 3698 3739 3732
f 3698 3738 3739
f 3699 3738 3698
f 3699 3779 3738
f 3747 3779 3699
f 3747 3981 3779
f 3873 3981 3747
f 3873 4067 3981
f 4033 4067 3873
f 4056 4030 4087
f 4056 3977 4030
f 4071 3977 4056
f 4071 3978 3977
f 4036 3978 4071
f 4037 4032 4060
f 3967 4032 4037
f 3898 4032 3967
f 3898 4008 4032
f 3878 4008 3898
f 3878 4013 4008
f 3893 4013 3878
f 3934 4013 3893
f 3934 4036 4013
f 3978 4036 3934
f 6516 6567 6484
f 6188 6567 6516
f 4462 4924 4514
f 4637 4924 4462
f 4637 5297 4924
f 5126 5297 4637
f 5126 5408 5297
f 5496 5408 5126
f 5496 5509 5408
f 5496 5610 5509
f 5572 5610 5496
f 5746 5610 5572
f 5746 5703 5610
f 6008 5703 5746
f 6008 5843 5703
f 6411 5843 6008
f 6411 6188 5843
f 6411 6567 6188
f 6962 6906 6999
f 6880 6906 6962
f 6718 6906 6880
f 6718 6757 6906
f 6718 6769 6757
f 6745 6769 6718
f 6745 6800 6769
f 6778 6800 6745
f 6722 6800 6778
f 6722 6848 6800
f 6807 6848 6722
f 6807 6793 6848
f 6694 6793 6807
f 6694 6754 6793
f 6641 6754 6694
f 6641 6765 6754
f 6702 6765 6641
f 6616 6765 6702
f 6616 6644 6765
f 6616 6674 6644
f 6484 6674 6616
f 6484 6642 6674
f 6567 6642 6484
f 6941 7043 6993
f 7002 7043 6941
f 7002 7095 7043
f 7023 7095 7002
f 7023 7127 7095
f 7016 7127 7023
f 7016 7106 7127
f 6994 7106 7016
f 6994 7062 7106
f 6994 7057 7062
f 6956 7057 6994
f 6956 7030 7057
f 6956 7022 7030
f 7022 6962 6999
f 7022 6956 6962
f 6993 6922 6941
f 6969 6922 6993
f 6987 6922 6969
f 6987 6934 6922
f 6987 6978 6934
f 7084 6978 6987
f 7084 7177 6978
f 7224 7177 7084
f 7301 7177 7224
f 7301 7266 7177
f 7301 7281 7266
f 7334 7281 7301
f 7302 7281 7334
f 7302 7265 7281
f 7302 7240 7265
f 7310 7240 7302
f 7240 7310 7285
f 5735 5754 5558
f 6081 5754 5735
f 4077 4047 3813
f 4077 4173 4047
f 4356 4173 4077
f 6676 6739 6556
f 6736 6739 6676
f 6953 6739 6736
f 6953 7011 6739
f 7116 7011 6953
f 6186 5754 6081
f 5754 5491 5558
f 5631 5491 5754
f 5494 5558 5491
f 3877 3813 3737
f 4077 3813 3877
f 4356 4486 4173
f 7228 7116 6953
f 6596 6081 6556
f 6596 6186 6081
f 5635 5480 5764
f 5639 5480 5635
f 5639 5478 5480
f 5565 5478 5639
f 5634 5479 5565
f 5634 5485 5479
f 5626 5485 5634
f 5485 5626 5490
f 5478 5565 5479
f 5365 5491 5631
f 5365 5494 5491
f 5365 5110 5494
f 5365 4486 5110
f 4446 4486 5365
f 4446 4173 4486
f 4338 4173 4446
f 3757 3737 3813
f 4245 4077 4039
f 4245 4356 4077
f 4215 4356 4245
f 4486 4356 4215
f 6747 6736 6676
f 7296 7228 7315
f 7296 7116 7228
f 7296 6996 7116
f 7253 6996 7296
f 6996 7011 7116
f 6960 6739 7011
f 6744 6739 6960
f 6693 6739 6744
f 6693 6556 6739
f 6693 6596 6556
f 5764 5631 5754
f 5771 5565 5639
f 5751 5565 5771
f 5751 5634 5565
f 5751 5626 5634
f 5737 5626 5751
f 5370 5490 5373
f 5370 5485 5490
f 5370 5479 5485
f 5351 5479 5370
f 5351 5478 5479
f 4767 5478 5351
f 4767 5480 5478
f 5354 5480 4767
f 5354 5764 5480
f 4932 5764 5354
f 4932 5631 5764
f 4932 5365 5631
f 4047 4173 4338
f 4049 3813 4047
f 3757 3813 4049
f 3812 3757 3840
f 3715 3737 3757
f 4039 4077 3877
f 4382 4486 4215
f 4382 5110 4486
f 5233 5110 4382
f 5233 5494 5110
f 5510 5494 5233
f 5510 5558 5494
f 5608 5558 5510
f 5608 5735 5558
f 6474 5735 5608
f 6474 6081 5735
f 6474 6556 6081
f 6474 6676 6556
f 6747 6953 6736
f 6914 6953 6747
f 7078 7228 6953
f 7276 7228 7078
f 7276 7315 7228
f 7235 7253 7296
f 7235 7117 7253
f 7235 7152 7117
f 7183 7152 7235
f 7152 7183 7087
f 6996 7253 7117
f 6186 5764 5754
f 6291 5764 6186
f 6291 5635 5764
f 6291 5639 5635
f 6301 5639 6291
f 6301 5771 5639
f 6259 5771 6301
f 6259 5751 5771
f 6134 5751 6259
f 6020 5751 6134
f 6020 5737 5751
f 5739 5737 6020
f 5624 5737 5739
f 5624 5626 5737
f 5497 5490 5626
f 5497 5373 5490
f 5372 5373 5497
f 5149 5373 5372
f 5114 5373 5149
f 5114 5370 5373
f 4992 5370 5114
f 4834 5370 4992
f 4834 5351 5370
f 4767 5351 4834
f 4446 5365 4932
f 4049 4047 4338
f 3902 3860 3840
f 3923 3860 3902
f 3895 3860 3923
f 3928 3860 3898
f 3841 3860 3928
f 3841 3840 3860
f 3841 3812 3840
f 3735 3757 3812
f 3713 3757 3735
f 3713 3715 3757
f 3696 3715 3713
f 3725 3715 3696
f 3725 3737 3715
f 3725 3877 3737
f 6658 6676 6474
f 6658 6747 6676
f 7309 7315 7276
f 7324 7315 7309
f 7340 7315 7324
f 7340 7296 7315
f 7298 7296 7340
f 7298 7235 7296
f 7227 7235 7298
f 7227 7183 7235
f 7072 7183 7227
f 7025 7183 7072
f 7095 7183 7025
f 7095 7087 7183
f 7105 7087 7095
f 6996 6960 7011
f 6627 6186 6596
f 6627 6291 6186
f 6630 6291 6627
f 6630 6301 6291
f 6630 6259 6301
f 6537 6259 6630
f 6537 6134 6259
f 6537 6020 6134
f 6485 6020 6537
f 6411 6020 6485
f 6008 6020 6411
f 5739 6020 6008
f 5624 5497 5626
f 5126 5149 5372
f 4637 5149 5126
f 4541 5149 4637
f 4541 5114 5149
f 4461 5114 4541
f 4461 4992 5114
f 4425 4992 4461
f 4425 4834 4992
f 4405 4834 4425
f 4405 4767 4834
f 4407 4767 4405
f 4407 5354 4767
f 4434 5354 4407
f 4434 4932 5354
f 4434 4446 4932
f 4434 4338 4446
f 4321 4338 4434
f 4239 4338 4321
f 4239 4049 4338
f 4115 4049 4239
f 4115 3757 4049
f 4115 3840 3757
f 3902 3840 4115
f 3898 3860 3895
f 3967 3928 3898
f 3928 3967 3972
f 3818 3928 3873
f 3818 3841 3928
f 3735 3812 3841
f 4215 4245 4039
f 6474 5608 5726
f 7078 6953 6914
f 7239 7227 7298
f 7087 7105 7062
f 7022 7087 7057
f 7022 7152 7087
f 7022 7117 7152
f 7004 7117 7022
f 7004 6996 7117
f 6906 6996 7004
f 6906 6960 6996
f 6757 6960 6906
f 6757 6744 6960
f 6757 6693 6744
f 6758 6596 6693
f 6758 6627 6596
f 6766 6627 6758
f 6766 6630 6627
f 6741 6630 6766
f 6696 6630 6741
f 6696 6537 6630
f 6644 6537 6696
f 6644 6485 6537
f 6674 6485 6644
f 6674 6411 6485
f 6642 6411 6674
f 4388 4637 4404
f 4388 4541 4637
f 4461 4541 4388
f 4328 4425 4461
f 4328 4405 4425
f 4255 4405 4328
f 4255 4407 4405
f 4263 4407 4255
f 4263 4434 4407
f 4229 4434 4263
f 4321 4434 4229
f 3977 3902 4115
f 3977 3923 3902
f 3978 3923 3977
f 3978 3895 3923
f 3934 3895 3978
f 4033 3928 3972
f 3747 3841 3818
f 3747 3735 3841
f 3747 3713 3735
f 3699 3713 3747
f 3698 3713 3699
f 3698 3696 3713
f 3731 3732 3742
f 3731 3696 3732
f 3731 3725 3696
f 3760 3725 3731
f 3760 3877 3725
f 3866 3877 3760
f 3866 4039 3877
f 4102 4039 3866
f 4256 4039 4102
f 4256 4215 4039
f 4256 4382 4215
f 5245 4382 4256
f 5245 5233 4382
f 5245 5510 5233
f 5503 5510 5245
f 5503 5608 5510
f 5503 5726 5608
f 6399 6474 5726
f 6399 6658 6474
f 6617 6658 6399
f 6617 6747 6658
f 6617 6914 6747
f 6881 6914 6617
f 6881 7078 6914
f 7021 7078 6881
f 7021 7276 7078
f 7219 7276 7021
f 7219 7309 7276
f 7285 7309 7219
f 7310 7309 7285
f 7324 7309 7310
f 7334 7340 7324
f 7301 7340 7334
f 7224 7340 7301
f 7224 7298 7340
f 7239 7298 7224
f 7084 7227 7239
f 6987 7227 7084
f 6987 7072 7227
f 7025 7072 6987
f 6969 7025 6987
f 6993 7025 6969
f 7043 7025 6993
f 7095 7025 7043
f 7127 7105 7095
f 7127 7062 7105
f 7106 7062 7127
f 7057 7087 7062
f 6757 6758 6693
f 6800 6758 6769
f 6800 6766 6758
f 6848 6766 6800
f 6848 6741 6766
f 6793 6741 6848
f 6793 6696 6741
f 6754 6696 6793
f 6765 6696 6754
f 6765 6644 6696
f 6411 6642 6567
f 5746 5739 6008
f 5572 5739 5746
f 5572 5624 5739
f 5572 5497 5624
f 5496 5497 5572
f 5496 5372 5497
f 5126 5372 5496
f 4462 4404 4637
f 4348 4461 4388
f 4289 4461 4348
f 4289 4328 4461
f 4264 4328 4289
f 4210 4328 4264
f 4210 4255 4328
f 4202 4255 4210
f 4202 4263 4255
f 4237 4263 4202
f 4229 4263 4237
f 4277 4321 4229
f 4239 4321 4277
f 4115 4239 4225
f 3893 3895 3934
f 3878 3895 3893
f 3878 3898 3895
f 4037 3972 3967
f 4050 4037 4059
f 4050 3972 4037
f 4033 3972 4050
f 3873 3928 4033
f 3698 3732 3696
f 7302 7324 7310
f 7334 7324 7302
f 7084 7239 7224
f 7030 7022 7057
f 6999 7004 7022
f 6999 6906 7004
f 6769 6758 6757
f 4225 4239 4277
f 4122 4115 4225
f 4030 4115 4122
f 3977 4115 4030
f 3873 3747 3818
f 3760 3731 3742
f 4514 4404 4462
f 4470 4404 4514
f 4470 4388 4404
f 4400 4388 4470
f 4400 4348 4388
f 4357 4348 4400
f 4357 4289 4348
f 4320 4289 4357
f 4320 4264 4289
f 4220 4264 4320
f 4220 4210 4264
f 4307 4210 4220
f 4307 4202 4210
f 4278 4202 4307
f 4278 4237 4202
f 4278 4229 4237
f 4351 4229 4278
f 4295 4229 4351
f 4295 4277 4229
f 4295 4225 4277
f 4266 4225 4295
f 4090 4225 4266
f 4090 4122 4225
f 4122 4087 4030
f 4122 4090 4087
f 7285 7226 7240
f 7219 7226 7285
f 7219 7172 7226
f 7021 7172 7219
f 7021 6989 7172
f 6881 6989 7021
f 6881 6923 6989
f 6881 6749 6923
f 6617 6749 6881
f 6399 6749 6617
f 6399 6373 6749
f 5726 6373 6399
f 5726 5555 6373
f 5503 5555 5726
f 3777 3742 3776
f 3798 3742 3777
f 3798 3760 3742
f 3948 3760 3798
f 3948 3866 3760
f 4171 3866 3948
f 4171 4102 3866
f 4171 4256 4102
f 4275 4256 4171
f 4275 5245 4256
f 5391 5245 4275
f 5391 5503 5245
f 5555 5503 5391
f 5499 5383 5377
f 5612 5499 5732
f 4095 4083 3997
f 4331 4222 4083
f 5377 5383 4559
f 6899 6945 7111
f 6899 6810 6945
f 6752 6810 6899
f 6653 6810 6752
f 6653 6475 6810
f 5383 5499 5612
f 5377 5619 5499
f 5619 5493 5625
f 6899 7111 7162
f 6698 6653 6752
f 6412 6475 6653
f 6412 5951 6475
f 4632 4559 5383
f 4632 4331 4559
f 4391 4331 4632
f 4391 4222 4331
f 4076 4083 4222
f 3997 4083 4076
f 3827 3997 3775
f 3997 3827 3958
f 4492 5377 4559
f 5377 5493 5619
f 5368 5625 5493
f 5368 5561 5625
f 5487 5561 5368
f 5487 5563 5561
f 5488 5563 5487
f 5488 5629 5563
f 5495 5629 5488
f 5495 5568 5629
f 5502 5568 5495
f 5614 5568 5502
f 5969 5499 5619
f 5969 5732 5499
f 5969 5951 5732
f 5969 6475 5951
f 6496 6475 5969
f 6496 6810 6475
f 6650 6810 6496
f 7187 7162 7111
f 7267 7162 7187
f 6904 6899 7162
f 6904 6752 6899
f 5708 5732 5951
f 5612 5732 5708
f 5257 5383 5612
f 4253 4222 4391
f 4076 4222 4253
f 4019 3997 4076
f 3792 3997 4019
f 3792 3775 3997
f 3803 3827 3775
f 3803 3958 3827
f 3961 3958 3803
f 4009 3992 4024
f 4009 3961 3992
f 4009 3958 3961
f 4042 3958 4009
f 4075 3997 3958
f 4075 4095 3997
f 4291 4095 4130
f 4291 4083 4095
f 4291 4331 4083
f 4383 4331 4291
f 4383 4559 4331
f 4383 4492 4559
f 5147 5377 4492
f 5147 5493 5377
f 5395 5495 5488
f 5395 5502 5495
f 5406 5502 5395
f 5571 5502 5406
f 5571 5614 5502
f 5720 5614 5705
f 5720 5568 5614
f 5720 5629 5568
f 5750 5629 5720
f 5750 5563 5629
f 6150 5563 5750
f 6150 5561 5563
f 6129 5561 6150
f 6129 5625 5561
f 5744 5625 6129
f 5744 5619 5625
f 5969 5619 5744
f 6876 6810 6650
f 6876 6945 6810
f 7020 6945 6876
f 7020 7111 6945
f 7187 7111 7020
f 7190 7044 7015
f 7190 7187 7044
f 7249 7187 7190
f 7267 7187 7249
f 7225 7267 7242
f 7225 7162 7267
f 6904 7162 7225
f 6698 6752 6904
f 6640 6653 6698
f 6640 6412 6653
f 6412 5708 5951
f 5708 5257 5612
f 4632 5383 5257
f 3744 3775 3792
f 3746 3775 3744
f 3746 3803 3775
f 3769 3803 3746
f 3836 3803 3769
f 3836 3961 3803
f 3992 3961 3836
f 4027 3992 4022
f 4024 3992 4027
f 4075 3958 4042
f 5147 5368 5493
f 4957 5368 5147
f 4957 5487 5368
f 4957 5488 5487
f 5055 5488 4957
f 5055 5395 5488
f 5240 5395 5055
f 5240 5406 5395
f 5408 5406 5297
f 5571 5406 5408
f 5609 5614 5571
f 5609 5705 5614
f 5703 5705 5609
f 5843 5705 5703
f 5870 5705 5843
f 5870 5720 5705
f 5946 5720 5870
f 6083 5720 5946
f 6083 5750 5720
f 6150 5750 6083
f 6656 6650 6496
f 6977 7187 7020
f 7044 7187 6977
f 7009 7015 7044
f 7008 7015 7009
f 7012 7008 6984
f 7012 7015 7008
f 7104 7015 7012
f 7104 7190 7015
f 7182 7190 7104
f 7182 7249 7190
f 7283 7249 7182
f 7283 7267 7249
f 7274 7267 7283
f 7274 7242 7267
f 6923 6698 6904
f 4042 4009 4024
f 4075 4130 4095
f 4295 4383 4291
f 4295 4492 4383
f 4438 5147 4492
f 4438 4957 5147
f 4440 4957 4438
f 4464 4957 4440
f 4464 5055 4957
f 4387 5055 4464
f 4387 5240 5055
f 4580 5240 4387
f 4718 5240 4580
f 4718 5406 5240
f 4718 5297 5406
f 4924 5297 4718
f 6342 5843 6188
f 6342 5870 5843
f 6401 5870 6342
f 6401 5946 5870
f 6536 5946 6401
f 6536 6083 5946
f 6587 6083 6536
f 6587 6150 6083
f 6589 6150 6587
f 6589 6129 6150
f 6517 6129 6589
f 6517 5744 6129
f 6517 5969 5744
f 6517 6496 5969
f 6517 6656 6496
f 6656 6876 6650
f 6909 7020 6876
f 6977 7020 6909
f 7009 7044 6977
f 6373 6412 6640
f 6373 5708 6412
f 5555 5708 6373
f 5555 5257 5708
f 5391 5257 5555
f 5391 4632 5257
f 5391 4391 4632
f 4275 4391 5391
f 4275 4253 4391
f 4275 4076 4253
f 4171 4076 4275
f 4171 4019 4076
f 3948 4019 4171
f 3948 3792 4019
f 3798 3792 3948
f 3798 3744 3792
f 3777 3744 3798
f 3739 3777 3776
f 3739 3744 3777
f 3738 3744 3739
f 3738 3746 3744
f 3779 3746 3738
f 3769 3746 3779
f 3836 3769 3779
f 3992 3836 3981
f 4067 4022 3992
f 4058 4022 4067
f 4058 4027 4022
f 4036 4024 4027
f 4071 4024 4036
f 4056 4024 4071
f 4056 4042 4024
f 4087 4042 4056
f 4087 4075 4042
f 4090 4075 4087
f 4090 4130 4075
f 4266 4130 4090
f 4266 4291 4130
f 4266 4295 4291
f 4351 4492 4295
f 4351 4438 4492
f 4278 4438 4351
f 4307 4438 4278
f 4307 4440 4438
f 4342 4440 4307
f 4342 4464 4440
f 4387 4464 4342
f 4400 4580 4387
f 4400 4718 4580
f 4924 4718 4400
f 4924 4470 4514
f 5509 5571 5408
f 5609 5571 5509
f 5610 5703 5609
f 6484 6188 6516
f 6616 6342 6188
f 6616 6401 6342
f 6641 6401 6616
f 6641 6536 6401
f 6663 6536 6641
f 6663 6587 6536
f 6722 6587 6663
f 6722 6589 6587
f 6778 6589 6722
f 6778 6517 6589
f 6745 6517 6778
f 6656 6517 6745
f 6718 6876 6656
f 6880 6876 6718
f 6909 6876 6880
f 6956 7009 6977
f 6994 7009 6956
f 7008 7009 6994
f 6978 7012 6984
f 6978 7104 7012
f 7266 7283 7182
f 7281 7274 7283
f 7265 7274 7281
f 7226 7265 7240
f 7226 7274 7265
f 7226 7242 7274
f 7172 7242 7226
f 7172 7225 7242
f 6989 7225 7172
f 6989 6904 7225
f 6989 6923 6904
f 6749 6698 6923
f 6749 6640 6698
f 6749 6373 6640
f 3981 3836 3779
f 3981 4067 3992
f 4092 4058 4067
f 4060 4058 4092
f 4032 4058 4060
f 4032 4027 4058
f 4008 4027 4032
f 4008 4036 4027
f 4013 4036 4008
f 4220 4342 4307
f 4320 4387 4342
f 4357 4387 4320
f 4357 4400 4387
f 4470 4924 4400
f 5610 5609 5509
f 6616 6188 6484
f 6702 6641 6616
f 6694 6663 6641
f 6807 6663 6694
f 6807 6722 6663
f 6718 6656 6745
f 6962 6909 6880
f 6962 6977 6909
f 6956 6977 6962
f 7016 7008 6994
f 7023 7008 7016
f 7023 6984 7008
f 7002 6984 7023
f 6941 6984 7002
f 6922 6984 6941
f 6934 6984 6922
f 6978 6984 6934
f 7177 7104 6978
f 7177 7182 7104
f 7266 7182 7177
f 7266 7281 7283
f 4320 4342 4220
f 5214 5223 5153
f 6493 6466 6408
f 4638 4703 4619
f 4705 4756 4699
f 5010 4937 5030
f 732 123 3578
f 123 3570 3578
f 1 3674 890
f 153 3570 433
f 3570 123 433
f 3531 3594 727
f 3674 3669 6
f 727 3594 170
f 3546 2961 3577
f 2961 44 3577
f 3674 1 3673
f 732 3531 727
f 2907 1639 3306
f 1639 170 3306
f 3306 170 3594
f 732 3578 3531
f 3570 153 3546
f 153 2961 3546
f 3577 44 3662
f 1696 2892 3335
f 3343 3670 3055
f 3674 6 890
f 3669 3662 6
f 257 1639 534
f 1 3055 3673
f 3055 3670 3673
f 3343 3055 1983
f 3055 7 1983
f 170 1639 257
f 3343 1983 3335
f 1983 7 55
f 7 3055 1
f 6 3662 44
f 44 2961 83
f 83 2961 153
f 3335 2892 3209
f 2892 1696 2259
f 2259 1696 977
f 842 977 1696
f 3335 1983 1696
f 55 7 10
f 6 44 35
f 44 83 35
f 727 170 100
f 317 257 534
f 604 534 689
f 689 534 791
f 534 1639 791
f 1637 1639 1799
f 1639 2907 1799
f 1799 2907 1970
f 1970 2907 2372
f 2372 2907 2899
f 2899 2907 2997
f 2997 2907 3091
f 2907 3306 3392
f 3209 2892 3052
f 3052 2892 2903
f 2892 2259 2903
f 2259 977 1890
f 1890 977 1719
f 129 55 120
f 153 433 123
f 100 170 105
f 2907 3392 3308
f 3306 3594 3584
f 3670 3343 3651
f 710 977 842
f 55 129 1983
f 153 123 113
f 732 727 123
f 3594 3531 3581
f 3531 3578 3581
f 3581 3578 3570
f 3570 3546 3566
f 2259 1890 2033
f 1890 1719 1889
f 1696 1983 842
f 429 565 129
f 710 842 565
f 1983 129 842
f 842 129 565
f 3563 3571 3566
f 3570 3571 3588
f 3566 3571 3570
f 3570 3588 3581
f 3581 3588 3596
f 3588 3571 3600
f 3571 3563 3554
f 3596 3588 3600
f 3600 3571 3554
f 3554 3563 3547
f 3596 3600 3589
f 3589 3600 3297
f 3297 3600 3568
f 3600 3554 3568
f 3568 3554 3268
f 727 102 123
f 102 108 123
f 123 108 113
f 79 153 108
f 108 153 113
f 153 79 83
f 67 83 79
f 108 102 97
f 79 108 97
f 97 102 104
f 67 79 86
f 86 79 117
f 117 79 112
f 79 97 112
f 112 97 115
f 97 104 115
f 2997 3091 2996
f 3403 3550 3517
f 3517 3550 3580
f 3580 3595 3601
f 3595 3602 3601
f 3601 3602 3597
f 3595 3580 3550
f 3403 3307 3244
f 3307 3171 3244
f 3244 3171 2907
f 3171 3091 2907
f 2899 2997 2371
f 2997 2996 2371
f 2996 3091 3094
f 3091 3171 3094
f 3307 3403 3517
f 3590 3597 3596
f 3597 3602 3596
f 2899 2371 2369
f 1970 2369 1969
f 3590 3596 3573
f 3573 3596 3583
f 1970 1969 1798
f 1798 1969 1968
f 1969 2369 1968
f 1968 2369 2371
f 3307 3517 3580
f 3597 3590 3601
f 3590 3573 3601
f 3293 156 2502
f 2502 156 744
f 156 3293 2469
f 3293 2502 3374
f 3374 2502 3094
f 2469 3293 2464
f 2464 3293 3538
f 1968 2502 777
f 2502 744 777
f 777 744 600
f 285 744 156
f 3538 3293 3573
f 3573 3293 3601
f 3601 3293 3580
f 3293 3374 3580
f 3580 3374 3307
f 3374 3094 3307
f 3307 3094 3171
f 2996 3094 2371
f 3094 2502 2371
f 2371 2502 1968
f 1968 777 1243
f 600 744 388
f 744 285 388
f 388 285 208
f 208 285 143
f 285 156 143
f 143 156 118
f 156 2469 118
f 118 2469 151
f 2464 1634 550
f 3424 1634 3538
f 3538 1634 2464
f 2464 550 2469
f 2469 550 151
f 151 550 128
f 128 550 145
f 550 1634 145
f 145 1634 3424
f 3583 3424 3573
f 3424 3538 3573
f 117 3568 516
f 112 3568 117
f 3568 112 3297
f 115 3297 112
f 86 516 3268
f 3589 3297 115
f 117 516 86
f 86 3268 167
f 167 3268 3367
f 3589 115 145
f 95 167 1982
f 167 3367 1982
f 1982 3367 3235
f 3235 3367 3537
f 3537 3367 3547
f 3547 3367 3554
f 3554 3367 3268
f 3268 516 3568
f 3589 3583 3596
f 3583 3589 3424
f 3589 145 3424
f 128 145 115
f 86 167 67
f 67 167 70
f 167 95 70
f 95 1982 144
f 144 1982 997
f 70 95 144
f 997 1982 1620
f 1982 3235 1620
f 964 710 782
f 484 429 421
f 890 2 1
f 7 9 10
f 10 9 28
f 28 75 55
f 75 164 120
f 484 558 565
f 565 558 782
f 710 964 977
f 977 964 1344
f 9 7 3
f 17 35 63
f 1 3 7
f 10 28 55
f 55 75 120
f 120 164 129
f 164 421 129
f 129 421 429
f 429 484 565
f 565 782 710
f 1654 1344 964
f 3 1 2
f 6 35 17
f 63 35 67
f 2 890 6
f 1719 1344 1654
f 67 35 83
f 1719 1654 1652
f 2 6 17
f 63 67 70
f 977 1344 1719
f 1889 1719 1652
f 881 3519 2008
f 958 2008 2625
f 2800 909 2514
f 905 3519 881
f 958 2625 1119
f 2625 2514 1119
f 3366 3519 905
f 2012 909 2800
f 3585 2514 2625
f 3267 2008 3519
f 453 2514 909
f 2012 2800 2075
f 2800 2514 3585
f 2625 2008 3267
f 905 881 186
f 881 2008 186
f 186 2008 958
f 1119 2514 453
f 909 2012 1646
f 3519 3366 3613
f 186 958 65
f 958 1119 65
f 65 1119 132
f 132 1119 453
f 1646 2012 2075
f 3585 2625 3631
f 2625 3267 3631
f 3631 3267 3672
f 3672 3267 3667
f 3267 3519 3667
f 3667 3519 3613
f 3613 3366 3530
f 3530 3366 1620
f 1620 3366 997
f 3366 905 997
f 997 905 144
f 144 905 8
f 905 186 8
f 8 186 4
f 4 186 5
f 186 65 5
f 453 909 558
f 558 909 782
f 909 1646 782
f 1646 2075 1894
f 1894 2075 2051
f 2075 2800 3438
f 2800 3585 3438
f 3667 3613 3663
f 5 65 28
f 65 132 28
f 132 453 421
f 453 558 421
f 964 1646 1652
f 1646 1894 1652
f 1894 2051 1953
f 2051 2075 2910
f 2981 2075 3213
f 2075 3438 3213
f 3438 3585 3612
f 3585 3631 3612
f 3672 3667 3671
f 3667 3663 3671
f 3663 3613 3530
f 3537 3530 3235
f 3530 1620 3235
f 144 8 63
f 63 8 17
f 17 8 2
f 8 4 2
f 2 4 3
f 4 5 3
f 3 5 9
f 5 28 9
f 28 132 75
f 75 132 164
f 132 421 164
f 421 558 484
f 782 1646 964
f 964 1652 1654
f 2910 2075 2981
f 3213 3438 3351
f 3351 3438 3593
f 3438 3612 3593
f 3612 3631 3666
f 3666 3631 3668
f 3631 3672 3668
f 3668 3672 3675
f 3675 3672 3676
f 3672 3671 3676
f 3663 3530 3621
f 3530 3537 3621
f 144 63 70
f 2981 3213 3052
f 3052 3213 3209
f 1953 2051 2033
f 2033 2051 2259
f 2051 2910 2259
f 2259 2910 2903
f 2910 2981 2903
f 2903 2981 3052
f 3335 3209 3351
f 1953 2033 1890
f 3669 3663 3662
f 3662 3663 3621
f 3663 3669 3671
f 3671 3669 3674
f 3674 3673 3676
f 3676 3673 3675
f 3662 3621 3566
f 3566 3621 3563
f 3547 3563 3621
f 3671 3674 3676
f 3675 3673 3670
f 3547 3621 3537
f 3668 3675 3670
f 3670 3651 3666
f 3209 3213 3351
f 1894 1953 1889
f 1953 1890 1889
f 3335 3593 3343
f 3335 3351 3593
f 1894 1889 1652
f 3662 3566 3577
f 3577 3566 3546
f 3668 3670 3666
f 3612 3666 3651
f 3593 3612 3651
f 3651 3343 3593
f 1635 1243 1637
f 689 790 777
f 790 1243 777
f 1968 1243 1798
f 1243 1635 1798
f 1635 1637 1798
f 98 102 99
f 104 102 119
f 102 98 119
f 98 99 109
f 109 99 134
f 104 119 128
f 128 119 151
f 119 98 151
f 151 98 118
f 98 109 118
f 118 109 143
f 689 777 604
f 604 777 600
f 388 208 307
f 109 134 143
f 143 134 157
f 454 604 388
f 604 600 388
f 208 143 200
f 143 157 200
f 208 200 307
f 307 200 382
f 454 388 382
f 388 307 382
f 257 200 157
f 105 99 100
f 100 99 102
f 200 257 382
f 382 257 317
f 99 105 134
f 105 157 134
f 257 157 170
f 157 105 170
f 100 102 727
f 454 382 534
f 382 317 534
f 790 1639 1243
f 1639 1637 1243
f 1798 1637 1799
f 115 104 128
f 454 534 604
f 689 791 790
f 791 1639 790
f 3584 3595 3550
f 3306 3550 3392
f 3550 3403 3392
f 3392 3403 3308
f 3595 3594 3602
f 3602 3594 3596
f 3594 3595 3584
f 3244 2907 3308
f 3308 3403 3244
f 3596 3594 3581
f 3584 3550 3306
f 1970 2372 2369
f 2369 2372 2899
f 1799 1970 1798
f 2724 2814 2561
f 2561 2814 2422
f 2814 2643 2422
f 2422 2643 2174
f 2405 2174 2643
f 2851 2724 2847
f 2174 2405 2166
f 2814 2724 2851
f 2422 2174 2161
f 2161 2174 2166
f 2166 2405 2319
f 2319 2405 2677
f 2405 2643 2677
f 2677 2643 2814
f 2837 2851 2790
f 2851 2847 2790
f 2847 2724 2754
f 2754 2724 2561
f 2561 2422 2253
f 2422 2161 2253
f 2253 2161 2120
f 2166 2319 2171
f 2814 2851 2837
f 2754 2561 2665
f 2665 2561 2576
f 2561 2253 2576
f 2253 2120 2190
f 2319 2677 2699
f 2677 2814 2699
f 2814 2837 2864
f 2864 2837 2790
f 2847 2754 2756
f 2576 2253 2479
f 2479 2253 2190
f 2161 2166 2085
f 2166 2171 2124
f 2171 2319 2180
f 2319 2316 2180
f 2699 2814 2773
f 2773 2814 2864
f 2847 2756 2776
f 2756 2754 2773
f 2754 2665 2773
f 2479 2190 2232
f 2120 2161 2098
f 2085 2166 2090
f 2090 2166 2124
f 2229 2316 2232
f 2232 2316 2479
f 2316 2319 2479
f 2479 2319 2576
f 2319 2699 2576
f 2773 2864 2791
f 2791 2864 2767
f 2767 2864 2790
f 2691 2678 2791
f 2678 2756 2791
f 2791 2756 2773
f 2773 2665 2699
f 2232 2190 2210
f 2098 2161 2085
f 2180 2316 2229
f 2229 2232 2235
f 2210 2235 2232
f 2576 2699 2665
f 2691 2791 2740
f 2791 2767 2740
f 2847 2776 2790
f 982 1388 1551
f 1551 1388 1751
f 1972 2043 2004
f 2043 1972 1993
f 1972 1778 1993
f 1388 982 1194
f 1194 982 1076
f 1076 982 991
f 1062 982 1505
f 1505 982 1551
f 1551 1751 1674
f 1751 1778 1674
f 1674 1778 1942
f 1778 1972 1942
f 1942 1972 2004
f 2004 2043 2645
f 1751 1388 1591
f 1591 1388 1194
f 991 982 972
f 982 1062 972
f 2473 2043 2060
f 2060 2043 1993
f 1993 1778 1711
f 1778 1751 1711
f 1711 1751 1591
f 1194 1076 1220
f 1076 991 1078
f 971 972 1030
f 1030 972 1062
f 1062 1505 1404
f 1505 1551 1674
f 1674 1942 2004
f 2060 1993 1965
f 1965 1993 1711
f 1711 1591 1649
f 1591 1194 1649
f 1649 1194 1220
f 1220 1076 1141
f 1141 1076 1078
f 1030 1062 1404
f 1505 1674 1598
f 2038 2004 2154
f 2004 2645 2154
f 2154 2645 2678
f 2645 2043 2790
f 2043 2473 2790
f 2473 2060 2740
f 2740 2060 2037
f 2037 2060 1965
f 1030 1404 1208
f 1404 1505 1523
f 1523 1505 1598
f 1598 1674 1752
f 1752 1674 1830
f 1830 1674 1887
f 1674 2004 1887
f 1887 2004 2038
f 2037 1965 1955
f 1955 1965 1830
f 1965 1711 1830
f 1830 1711 1752
f 1711 1649 1752
f 1649 1220 1346
f 1346 1220 1141
f 1008 971 1153
f 1153 971 1030
f 1523 1598 1752
f 2038 2154 2691
f 2691 2154 2678
f 2678 2645 2776
f 2645 2790 2776
f 2473 2767 2790
f 2767 2473 2740
f 2691 2740 2037
f 1752 1649 1523
f 1649 1346 1523
f 1346 1141 1153
f 1141 1078 1177
f 1177 1078 991
f 991 972 1003
f 972 971 1003
f 971 1008 1003
f 1008 1153 1229
f 1153 1030 1208
f 1208 1404 1346
f 1346 1404 1523
f 1830 1887 1955
f 1887 2038 2037
f 2678 2776 2756
f 2691 2037 2038
f 2037 1955 1887
f 1346 1153 1208
f 1153 1141 1229
f 2744 2301 2355
f 2355 2301 2084
f 2301 2123 2084
f 1250 1593 1406
f 1593 1693 1698
f 1698 1693 1849
f 1693 1783 1849
f 1783 2084 2123
f 2355 2084 2025
f 2025 2084 1693
f 2084 1783 1693
f 1693 1593 1653
f 1653 1593 1250
f 1849 1783 2123
f 2744 2355 2716
f 2133 2355 2025
f 1250 1406 1073
f 1406 1593 1495
f 1495 1593 1698
f 1849 2123 2306
f 2123 2301 2306
f 2301 2744 2498
f 2716 2355 2594
f 2594 2355 2133
f 2133 2025 2039
f 2039 2025 1842
f 2025 1693 1842
f 1842 1693 1653
f 1653 1250 1397
f 1250 1199 1397
f 1199 1250 1003
f 1250 1073 1003
f 1073 1406 1305
f 1305 1406 1495
f 1698 1849 2306
f 2306 2301 2498
f 2716 2594 2680
f 1653 1397 1842
f 1397 1199 1229
f 1495 1698 1608
f 2498 2744 2719
f 2744 2716 2804
f 2716 2680 2626
f 2680 2594 2378
f 2594 2133 2378
f 2378 2133 2125
f 2125 2133 2039
f 1842 1397 1517
f 1177 1305 1513
f 1305 1495 1513
f 1608 1698 1789
f 1789 1698 2144
f 1698 2306 2144
f 2144 2306 2390
f 2390 2306 2450
f 2306 2498 2450
f 2450 2498 2719
f 2763 2719 2803
f 2719 2744 2803
f 2125 2039 2055
f 2055 2039 1789
f 2039 1842 1789
f 1789 1842 1699
f 1842 1517 1699
f 1517 1397 1513
f 1513 1397 1229
f 1229 1199 1003
f 1073 1305 1177
f 1513 1495 1517
f 1517 1495 1608
f 1699 1608 1789
f 2450 2719 2763
f 2803 2744 2804
f 2626 2680 2558
f 2558 2680 2533
f 2533 2680 2763
f 2680 2378 2763
f 2378 2125 2390
f 2390 2125 2055
f 1229 1003 1008
f 1003 1073 991
f 1073 1177 991
f 1141 1177 1229
f 1229 1177 1513
f 1517 1608 1699
f 1789 2144 2055
f 2055 2144 2390
f 2390 2450 2378
f 2378 2450 2763
f 2533 2763 2722
f 2804 2716 2737
f 2716 2626 2737
f 2267 2496 2626
f 2267 2111 2496
f 2496 2111 1937
f 2111 1912 1937
f 1937 1912 1836
f 1912 1717 1836
f 1836 1717 1673
f 1578 1673 1464
f 1464 1673 1557
f 1557 1673 1717
f 1912 2111 2267
f 2626 2496 2737
f 2737 2496 2804
f 2804 2496 2325
f 1836 1673 1578
f 1717 1912 1715
f 2267 2626 2558
f 2325 2496 1937
f 1937 1836 1967
f 1578 1384 1255
f 1578 1464 1384
f 1384 1464 1209
f 1209 1464 1557
f 1557 1717 1715
f 1715 1912 1910
f 1910 1912 2296
f 1912 2267 2296
f 2296 2267 2558
f 2804 2325 2742
f 2325 1937 1967
f 1967 1836 1729
f 1836 1578 1729
f 1729 1578 1518
f 1518 1578 1255
f 1255 1384 1085
f 1384 1209 1085
f 1676 1715 1910
f 2742 2325 2263
f 2325 1967 2263
f 1518 1255 1343
f 1343 1255 1326
f 1085 1209 1149
f 1149 1209 1276
f 1276 1209 1294
f 1294 1209 1557
f 1502 1557 1676
f 1557 1715 1676
f 2296 2558 2533
f 2722 2742 2263
f 2263 1967 1938
f 1938 1967 1772
f 1772 1967 1729
f 1255 1085 1115
f 1085 1149 1115
f 1382 1149 1370
f 1149 1276 1370
f 1294 1557 1502
f 1772 1676 1975
f 1676 1910 1975
f 1975 1910 2328
f 1910 2296 2328
f 2296 2533 2328
f 2804 2742 2803
f 2742 2722 2803
f 2722 2263 2328
f 2328 2263 1975
f 2263 1938 1975
f 1729 1518 1502
f 1343 1326 1276
f 1326 1255 1555
f 1555 1255 1354
f 1255 1115 1354
f 1354 1115 1382
f 1115 1149 1382
f 1382 1370 1433
f 1433 1370 1555
f 1370 1276 1326
f 1276 1294 1343
f 1343 1294 1502
f 1502 1676 1729
f 1729 1676 1772
f 2803 2722 2763
f 2533 2722 2328
f 1975 1938 1772
f 1502 1518 1343
f 1326 1555 1370
f 1561 1590 1534
f 1561 1680 1630
f 1614 1680 1561
f 1561 1534 1531
f 1534 1629 1823
f 1534 1590 1629
f 1590 1561 1630
f 1630 1680 1665
f 1665 1680 1614
f 1534 1529 1531
f 1555 1529 1588
f 1529 1534 1588
f 1588 1534 1682
f 1682 1534 1823
f 1555 1614 1433
f 1614 1561 1433
f 1433 1561 1382
f 1630 1665 1775
f 1775 1665 1835
f 1665 1614 1588
f 1561 1531 1382
f 1382 1531 1354
f 1531 1529 1354
f 1354 1529 1555
f 1555 1588 1614
f 1588 1682 1665
f 1665 1682 1835
f 1835 1682 1823
f 1629 1590 1758
f 1590 1630 1758
f 1911 2654 1948
f 2471 1911 1892
f 1780 1948 2189
f 2654 1911 2471
f 2086 2471 1892
f 1892 1911 1758
f 1758 1911 1948
f 1823 1780 1914
f 1780 2189 1914
f 1914 2189 2703
f 2189 1948 2764
f 1948 2654 2764
f 1823 1914 1922
f 2654 2471 2086
f 2834 2086 2818
f 2818 2086 2289
f 2086 1892 2289
f 1892 1775 1835
f 1892 1758 1775
f 1948 1780 1758
f 1835 1823 1922
f 2703 2189 2818
f 2764 2654 2801
f 2654 2086 2801
f 2801 2086 2834
f 2818 2289 2703
f 2289 1892 1922
f 1922 1892 1835
f 1775 1758 1630
f 1758 1780 1629
f 1780 1823 1629
f 1922 1914 2289
f 2289 1914 2703
f 2818 2189 2877
f 2877 2189 2764
f 1416 1875 1824
f 1875 2066 1824
f 976 1416 1592
f 1592 1416 1824
f 2757 2066 2058
f 2066 1875 2058
f 2058 1875 1762
f 1875 1416 1206
f 1206 1416 937
f 1416 976 937
f 1592 1824 1759
f 1824 2066 2277
f 2066 2873 2277
f 2746 2757 2058
f 1762 1875 1206
f 1206 937 885
f 2873 2066 2869
f 2066 2757 2869
f 2869 2757 2882
f 2757 2746 2882
f 937 976 821
f 1659 976 1592
f 1759 1824 1996
f 1996 1824 2277
f 2277 2873 2924
f 2924 2873 2869
f 2880 2882 2746
f 2058 1762 1924
f 1762 1206 1924
f 1924 1206 939
f 1206 885 939
f 939 885 833
f 937 821 784
f 821 976 816
f 816 976 1659
f 1659 1592 1759
f 2922 2924 2869
f 833 885 832
f 885 937 832
f 937 784 832
f 784 821 768
f 821 816 768
f 768 816 771
f 1659 1759 1761
f 1761 1759 1996
f 1996 2277 2585
f 2277 2924 2585
f 2585 2924 2855
f 2855 2924 2922
f 2922 2869 2834
f 2882 2880 2877
f 2880 2746 2855
f 2855 2746 2585
f 2746 2058 2585
f 2058 1924 2585
f 1761 1924 816
f 1924 939 816
f 939 833 816
f 816 833 808
f 816 1659 1761
f 2922 2834 2818
f 2834 2869 2801
f 2869 2882 2801
f 2801 2882 2764
f 2882 2877 2764
f 2877 2880 2818
f 2818 2880 2922
f 2880 2855 2922
f 2585 1924 1996
f 1996 1924 1761
f 816 808 771
f 833 832 815
f 832 784 815
f 784 768 815
f 1869 1624 1057
f 1624 1869 2104
f 2104 1869 2437
f 2437 1869 2031
f 2031 1869 1706
f 1706 1869 1057
f 1057 1624 952
f 1624 1292 952
f 1624 2104 1832
f 1832 2104 1952
f 2104 2437 2501
f 2031 1706 2094
f 1292 1624 1458
f 1458 1624 1832
f 1952 2104 2501
f 2094 1706 1943
f 1943 1706 1195
f 1706 1057 1195
f 1195 1057 926
f 926 1057 952
f 808 1292 1458
f 1458 1832 1760
f 2590 1952 2501
f 2437 2031 2700
f 2031 2094 2700
f 2094 2391 2700
f 926 952 786
f 952 1292 815
f 1832 1952 1760
f 2391 2094 1943
f 1943 1195 1700
f 1195 926 771
f 786 952 815
f 815 1292 833
f 1292 808 833
f 1760 1952 2391
f 2501 2437 2725
f 2725 2437 2700
f 2725 2700 2748
f 2700 2391 2748
f 1195 771 808
f 771 926 768
f 926 786 768
f 786 815 768
f 808 1458 1195
f 1195 1458 1700
f 1458 1760 1700
f 1700 1760 1943
f 1760 2391 1943
f 2391 1952 2590
f 1532 1973 1925
f 2139 1925 2274
f 2274 1925 1973
f 1973 1532 1227
f 1925 2139 2009
f 1973 1227 1765
f 1227 1532 1166
f 1532 1766 1166
f 1766 1532 1921
f 1532 1925 1921
f 2274 1973 1765
f 1921 1925 2009
f 2009 2139 2701
f 2139 2274 2701
f 2274 2426 2701
f 1765 1227 1480
f 1480 1227 1154
f 1227 1166 981
f 1166 1766 1116
f 1116 1766 1921
f 2009 2701 2557
f 2483 2426 2230
f 2426 2274 2230
f 2230 2274 1765
f 1227 981 1154
f 981 1166 1116
f 1959 1921 2102
f 1921 2009 2102
f 2102 2009 2221
f 2009 2557 2221
f 2221 2557 2748
f 2557 2701 2748
f 2230 1765 1919
f 1765 1480 1919
f 1919 1480 1489
f 1489 1480 1145
f 1480 1154 1145
f 979 1116 1128
f 1128 1116 1145
f 1145 1116 1489
f 1116 1921 1489
f 1489 1921 1959
f 2483 2230 2102
f 2102 2230 1919
f 1145 1154 1128
f 1128 1154 1061
f 1061 1154 953
f 1154 981 953
f 953 981 979
f 981 1116 979
f 2102 2221 2483
f 2483 2221 2590
f 2590 2221 2391
f 2221 2748 2391
f 2748 2701 2725
f 2725 2701 2501
f 2701 2426 2501
f 2426 2483 2501
f 2501 2483 2590
f 2102 1919 1959
f 1959 1919 1489
f 1061 953 1071
f 1071 953 979
f 1820 1670 1666
f 2107 1820 1927
f 1820 1666 1927
f 1666 1670 1367
f 1679 1670 1820
f 1997 1927 1697
f 1927 1666 1697
f 1670 1679 1244
f 1679 1820 2107
f 1697 1666 1462
f 2107 1927 2175
f 1997 1697 2027
f 2027 1697 1763
f 1697 1462 1763
f 1763 1462 1142
f 1462 1666 1367
f 1670 1244 1367
f 1217 1244 1770
f 1244 1679 1770
f 1770 1679 1990
f 1679 2107 1990
f 1990 2107 2185
f 2175 1927 1997
f 1997 2027 2176
f 2108 2176 2027
f 1142 1462 979
f 2185 2107 2203
f 2107 2175 2203
f 2175 1997 2176
f 2176 2108 2343
f 2027 1763 2108
f 1142 979 1128
f 1462 1367 1071
f 1367 1244 1071
f 1244 1217 1071
f 1770 1990 2108
f 2185 2203 2338
f 2203 2175 2570
f 2175 2176 2570
f 2343 2108 2185
f 2108 1763 1770
f 1763 1142 1217
f 1217 1142 1128
f 1462 1071 979
f 1071 1217 1061
f 1128 1061 1217
f 1217 1770 1763
f 1990 2185 2108
f 2343 2185 2338
f 2570 2176 2317
f 1626 1583 1846
f 1961 1846 1845
f 1451 1583 1631
f 1631 1583 1626
f 1626 1846 2007
f 1846 1961 2007
f 2007 1961 2260
f 2260 1961 1845
f 1846 1583 1451
f 1451 1631 1204
f 1845 1846 1671
f 1671 1846 1451
f 1451 1204 1364
f 1631 1302 1143
f 1626 2007 1915
f 1915 2007 2457
f 2007 2573 2457
f 2007 2260 2573
f 2401 2260 2050
f 2260 1845 2050
f 1671 1451 1364
f 1364 1204 1114
f 1204 1631 1114
f 1114 1631 1143
f 1631 1626 1785
f 1785 1626 1915
f 2573 2260 2401
f 2050 1845 1671
f 1364 1114 1347
f 1143 1302 1264
f 1264 1302 1310
f 1302 1631 1546
f 1546 1631 1708
f 1708 1631 1785
f 1915 2457 1957
f 2573 2401 2615
f 2050 1671 1672
f 1671 1364 1672
f 1672 1364 1368
f 1368 1364 1347
f 1347 1114 1191
f 1191 1114 1113
f 1114 1143 1113
f 1113 1143 1264
f 1310 1302 1368
f 1368 1302 1546
f 1785 1915 1957
f 1957 2457 2452
f 2452 2457 2343
f 2343 2457 2176
f 2176 2457 2317
f 2457 2573 2317
f 2573 2615 2317
f 2317 2615 2570
f 2615 2401 2570
f 2570 2401 2203
f 2203 2401 2338
f 2338 2401 2452
f 2452 2401 1957
f 2401 2050 1672
f 1672 1368 1708
f 1368 1347 1310
f 1286 1264 1429
f 1264 1310 1429
f 1368 1546 1708
f 1708 1785 1672
f 1785 1957 1672
f 2452 2343 2338
f 2401 1672 1957
f 1347 1191 1527
f 1113 1264 1286
f 1552 1773 1837
f 1837 1773 1962
f 1962 1773 2024
f 1552 1837 1781
f 1781 1837 1984
f 1984 1837 1962
f 1834 2024 1678
f 2024 1773 1678
f 1984 1962 2196
f 2006 2024 1834
f 1678 1773 1570
f 1773 1552 1286
f 1552 1781 1568
f 1527 1568 1605
f 1568 1781 1605
f 1605 1781 1886
f 1781 1984 1886
f 1886 1984 1843
f 1984 2196 1843
f 2024 2006 2237
f 1784 1834 1678
f 1570 1773 1429
f 1773 1286 1429
f 1286 1552 1568
f 1962 2024 2172
f 2024 2237 2172
f 2006 1834 1784
f 1605 1886 1843
f 2196 1962 2155
f 2237 2006 2295
f 1784 1678 1570
f 1570 1429 1310
f 1286 1568 1113
f 1113 1568 1191
f 1568 1527 1191
f 1310 1347 1570
f 1347 1527 1570
f 1527 1605 1570
f 1570 1605 1784
f 1605 1843 1784
f 1784 1843 2006
f 2006 1843 2295
f 2295 1843 2308
f 1843 2196 2308
f 2308 2196 2155
f 2155 1962 2172
f 1430 1563 1690
f 1690 1848 1779
f 1848 2014 1844
f 1844 2014 2070
f 2014 2370 2070
f 1848 1690 1563
f 1278 1430 1690
f 1779 1848 1844
f 2070 2370 2138
f 1278 1690 1342
f 1690 1779 1342
f 2138 2370 2312
f 2312 2370 2427
f 2370 2523 2427
f 2523 2370 2271
f 2271 2370 2014
f 2014 1848 1705
f 1848 1563 1705
f 1705 1563 1675
f 1675 1563 1190
f 1563 1430 1190
f 1064 1278 1342
f 1779 1844 1768
f 2138 2312 2275
f 2366 2523 2271
f 2271 2014 1920
f 1920 2014 1705
f 1190 1430 1155
f 1155 1430 1278
f 1342 1779 1677
f 1677 1779 1768
f 1768 1844 2026
f 1844 2070 2026
f 2070 2138 2322
f 2322 2138 2275
f 2312 2427 2172
f 2427 2523 2308
f 2523 2366 2308
f 2113 2271 1920
f 1675 1190 1393
f 1064 1342 1036
f 1036 1342 1677
f 2026 2070 2322
f 2322 2275 2295
f 2172 2427 2308
f 2366 2271 2113
f 2113 1920 1913
f 1920 1705 1913
f 1393 1190 1036
f 1155 1278 1210
f 1278 1091 1210
f 1278 1064 1091
f 1039 1064 1036
f 1677 1768 1650
f 1650 1768 1879
f 1768 2026 1879
f 2295 2275 2237
f 2275 2312 2237
f 2237 2312 2172
f 2172 2308 2155
f 2295 2308 2366
f 1913 1705 1879
f 1879 1705 1650
f 1705 1675 1650
f 1675 1393 1650
f 1091 1064 1039
f 1036 1677 1393
f 1393 1677 1650
f 2295 2366 2322
f 2366 2113 2322
f 2322 2113 2026
f 2113 1913 2026
f 2026 1913 1879
f 1036 1075 1039
f 1036 1190 1075
f 1190 1155 1075
f 1210 1091 1214
f 2119 2251 1939
f 2251 2000 1939
f 2000 1769 1694
f 1694 1769 1648
f 1648 1576 1483
f 1483 1576 1333
f 1576 1648 1769
f 1769 2000 2097
f 2000 2251 2097
f 2097 2251 2583
f 1939 2000 1694
f 1483 1333 1214
f 1214 1333 1210
f 1193 1210 1333
f 1333 1576 1644
f 1576 1769 1644
f 2583 2251 2379
f 2251 2119 2379
f 2379 2119 2552
f 2119 2326 2552
f 1939 1694 1692
f 1694 1648 1284
f 1284 1483 1214
f 1193 1333 1449
f 1449 1333 1644
f 1644 1769 1767
f 2326 2119 2032
f 2032 2119 1838
f 2119 1939 1838
f 1838 1939 1692
f 1692 1694 1284
f 1648 1483 1284
f 1284 1214 1131
f 1075 1193 1449
f 1769 2097 1902
f 2326 2512 2492
f 2512 2326 2032
f 1131 1214 1029
f 1767 1769 1902
f 2097 2583 2418
f 2418 2583 2579
f 2583 2693 2579
f 2693 2583 2379
f 2552 2326 2492
f 2492 2512 2612
f 2612 2512 2579
f 1838 1692 1764
f 1764 1692 1632
f 1692 1284 1632
f 1442 1284 1022
f 1284 1131 1022
f 1131 1029 1075
f 1075 1029 1039
f 1029 1214 1091
f 1449 1644 1632
f 1632 1644 1767
f 1764 1767 1902
f 1902 2097 2418
f 2579 2693 2745
f 2579 2512 2418
f 2512 2032 2418
f 2418 2032 1838
f 1632 1284 1442
f 1022 1131 1075
f 1039 1029 1091
f 1210 1193 1155
f 1193 1075 1155
f 1022 1075 1442
f 1075 1449 1442
f 1442 1449 1632
f 1632 1767 1764
f 1764 1902 1838
f 1838 1902 2418
f 2693 2379 2714
f 2379 2552 2714
f 1585 1776 1774
f 1774 1776 2036
f 2675 2614 2089
f 2614 2364 2089
f 2089 2364 2036
f 1776 1585 1526
f 1526 1585 1353
f 2089 2036 1777
f 2036 1776 1777
f 1777 1776 1526
f 1526 1353 1011
f 1011 1353 1096
f 956 1353 1374
f 1374 1353 1585
f 1585 1774 1622
f 1622 1774 2042
f 1774 2036 2042
f 2364 2614 2436
f 2709 2614 2675
f 2587 2675 2089
f 1353 956 1096
f 1374 1585 1622
f 2036 2364 2042
f 2042 2364 2288
f 2364 2436 2288
f 2614 2709 2650
f 2709 2675 2587
f 2089 1777 1979
f 1777 1526 1571
f 1526 1011 999
f 2288 2436 2632
f 2650 2709 2745
f 2587 2089 2252
f 2252 2089 1979
f 956 1374 974
f 1374 1622 1566
f 1566 1622 1923
f 1622 2042 1923
f 1923 2042 2045
f 2045 2042 2288
f 2632 2436 2612
f 2612 2436 2492
f 2436 2614 2492
f 2614 2650 2714
f 2650 2745 2714
f 1979 1777 1716
f 1777 1571 1716
f 1566 1571 1303
f 1571 1526 1303
f 1303 1526 1009
f 1526 999 1009
f 1009 999 887
f 956 974 1009
f 974 1374 1303
f 1303 1374 1566
f 2288 2632 2669
f 2632 2612 2579
f 2492 2614 2552
f 2614 2714 2552
f 2579 2745 2709
f 2709 2587 2252
f 1716 1571 1566
f 2045 2288 2252
f 2252 2288 2669
f 2714 2745 2693
f 2579 2709 2632
f 2632 2709 2669
f 2669 2709 2252
f 2252 1979 2045
f 2045 1979 1923
f 1979 1716 1923
f 1923 1716 1566
f 1303 1009 974
f 1184 1049 1060
f 1515 1307 1446
f 1446 1307 1455
f 1307 1184 1160
f 1160 1184 1060
f 1060 1049 963
f 1049 1184 1070
f 1070 1184 1415
f 1184 1307 1415
f 1415 1307 1510
f 1307 1515 1510
f 1455 1307 1160
f 1160 1060 1103
f 1103 1060 893
f 1060 969 893
f 1060 963 969
f 963 1049 907
f 907 1049 1047
f 1049 1070 1047
f 1515 1446 1476
f 1446 1470 1476
f 1470 1446 1455
f 1455 1160 1103
f 893 969 880
f 1415 1510 1466
f 1548 1510 1541
f 1465 1454 1470
f 1375 1455 1103
f 907 1047 933
f 1466 1510 1544
f 1544 1510 1548
f 1541 1510 1530
f 1510 1515 1530
f 1515 1476 1487
f 1476 1470 1454
f 1465 1470 1509
f 1509 1470 1492
f 1492 1470 1455
f 1375 1103 948
f 1103 893 948
f 893 880 872
f 1009 880 956
f 880 969 956
f 956 969 1096
f 969 963 1096
f 963 907 1011
f 1011 907 999
f 887 907 874
f 874 907 933
f 1047 1070 1415
f 1535 1548 1541
f 1515 1487 1530
f 1506 1465 1509
f 1492 1455 1375
f 948 893 872
f 872 880 1009
f 1096 963 1011
f 999 907 887
f 933 1047 948
f 1047 1415 1375
f 1375 1415 1466
f 1548 1535 1506
f 1476 1454 1453
f 1454 1465 1445
f 1445 1465 1475
f 1465 1506 1475
f 1475 1506 1501
f 1509 1492 1544
f 872 1009 887
f 887 874 872
f 874 933 872
f 872 933 948
f 948 1047 1375
f 1375 1466 1492
f 1492 1466 1544
f 1544 1548 1509
f 1509 1548 1506
f 940 865 889
f 940 889 989
f 873 889 865
f 873 865 902
f 940 1066 1077
f 1035 1074 1077
f 1066 940 989
f 902 865 903
f 903 865 940
f 1035 986 1074
f 1035 903 986
f 1074 903 940
f 1074 940 1077
f 903 1074 986
f 2508 2687 2717
f 2599 2687 2383
f 2687 2508 2383
f 2781 2717 2713
f 2403 2508 2535
f 2508 2624 2535
f 2624 2508 2717
f 2706 2535 2624
f 2781 2706 2624
f 2624 2717 2781
f 2541 2623 2600
f 2622 2584 2595
f 2544 2595 2539
f 2595 2584 2539
f 2433 2539 2584
f 2584 2622 2605
f 2622 2623 2605
f 2541 2440 2493
f 2344 2356 2336
f 2541 2600 2553
f 2623 2622 2640
f 2413 2433 2584
f 2605 2623 2607
f 2607 2623 2602
f 2602 2623 2575
f 2623 2541 2575
f 2575 2541 2534
f 2541 2493 2534
f 2493 2440 2342
f 2440 2356 2342
f 2356 2344 2342
f 2332 2386 2344
f 2413 2367 2433
f 2367 2342 2344
f 2344 2386 2433
f 2589 2658 2661
f 2661 2658 2684
f 2684 2735 2720
f 2735 2729 2720
f 2689 2729 2723
f 2723 2729 2738
f 2729 2735 2738
f 2735 2684 2732
f 2658 2589 2657
f 2589 2548 2567
f 2522 2513 2569
f 2569 2513 2554
f 2513 2548 2554
f 2554 2548 2568
f 2548 2589 2568
f 2568 2589 2598
f 2598 2589 2628
f 2589 2661 2628
f 2661 2684 2683
f 2683 2684 2698
f 2684 2720 2698
f 2720 2729 2721
f 2729 2689 2704
f 2686 2704 2689
f 2686 2689 2662
f 2662 2689 2664
f 2664 2609 2554
f 2609 2569 2554
f 2417 2460 2455
f 2460 2574 2455
f 2577 2617 2611
f 2617 2655 2611
f 2611 2655 2638
f 2655 2649 2637
f 2649 2621 2637
f 2637 2621 2608
f 2621 2574 2608
f 2460 2417 2428
f 2428 2417 2385
f 2385 2417 2389
f 2417 2455 2408
f 2574 2621 2582
f 2655 2617 2660
f 2577 2517 2423
f 2432 2423 2477
f 2423 2517 2477
f 2517 2577 2571
f 2577 2611 2571
f 2638 2655 2639
f 2655 2637 2639
f 2608 2574 2564
f 2564 2574 2510
f 2574 2460 2510
f 2398 2385 2389
f 2389 2363 2375
f 2515 2577 2423
f 2432 2411 2423
f 2423 2411 2389
f 2411 2398 2389
f 2389 2375 2423
f 2666 2497 2731
f 2551 2497 2666
f 2666 2731 2759
f 2547 2497 2402
f 2497 2551 2402
f 2753 2731 2690
f 2731 2497 2690
f 2666 2759 2635
f 2731 2753 2759
f 2497 2547 2690
f 945 1129 1016
f 1016 1129 1048
f 1048 1129 1157
f 945 1016 917
f 1048 1164 1016
f 1016 1164 994
f 1164 1048 1222
f 1048 1157 1222
f 1129 1025 1157
f 1025 1129 955
f 1129 945 955
f 917 1016 994
f 2627 2696 2488
f 2696 2713 2599
f 2559 2330 2540
f 2330 2559 2431
f 2431 2559 2462
f 2559 2627 2462
f 2627 2488 2462
f 2488 2696 2599
f 2627 2559 2613
f 2559 2540 2613
f 2540 2330 2461
f 2599 2713 2687
f 2713 2696 2706
f 2696 2627 2504
f 2504 2627 2613
f 2613 2540 2478
f 2478 2540 2451
f 2451 2540 2490
f 2490 2540 2499
f 2461 2330 2406
f 2406 2330 2331
f 2331 2330 2283
f 2238 2283 2330
f 2169 2330 2284
f 2330 2431 2284
f 2284 2431 2302
f 2431 2462 2302
f 2302 2462 2468
f 2488 2599 2383
f 2687 2713 2717
f 2781 2713 2706
f 2706 2696 2537
f 2537 2696 2504
f 2280 2256 2560
f 2256 2504 2560
f 2535 2537 2403
f 2468 2537 2302
f 2537 2504 2302
f 2302 2504 2256
f 2169 2256 2280
f 2478 2280 2387
f 2387 2280 2560
f 2403 2537 2468
f 2302 2256 2284
f 2284 2256 2169
f 2537 2535 2706
f 2403 2468 2383
f 2169 2280 2201
f 2280 2478 2346
f 2478 2387 2613
f 2387 2560 2613
f 2613 2560 2504
f 2403 2383 2508
f 2383 2468 2488
f 2488 2468 2462
f 2330 2169 2238
f 2238 2169 2212
f 2212 2169 2205
f 2169 2201 2205
f 2201 2280 2241
f 2241 2280 2287
f 2280 2346 2287
f 2346 2478 2414
f 2451 2414 2478
f 2769 2688 2816
f 2603 2688 2642
f 2688 2769 2642
f 2642 2769 2829
f 2816 2688 2668
f 2668 2688 2603
f 2829 2769 2843
f 2769 2816 2843
f 2843 2816 2796
f 959 1168 1054
f 959 1054 923
f 1054 1168 1225
f 1168 959 1252
f 959 923 942
f 942 923 927
f 927 923 975
f 923 1054 975
f 1252 959 1006
f 1054 1225 975
f 959 942 1006
f 1225 1168 1252
f 1246 1117 1013
f 1035 1067 973
f 1067 1012 973
f 973 1012 1007
f 1007 1012 1013
f 1246 1013 1186
f 1186 1013 1012
f 1067 1035 1077
f 1007 1013 943
f 943 1013 1117
f 1246 1186 1196
f 903 1035 902
f 902 1035 973
f 943 1117 996
f 1196 1186 1110
f 1186 1012 1110
f 1110 1012 987
f 1012 1067 987
f 1067 1077 1066
f 902 973 962
f 1000 996 1024
f 1024 996 1046
f 996 1117 1046
f 1046 1117 1086
f 1086 1117 1120
f 1120 1117 1173
f 1117 1246 1173
f 1173 1246 1223
f 1223 1246 1258
f 1258 1246 1263
f 1242 1263 1246
f 1409 1320 1440
f 1320 1289 1440
f 1107 1069 1222
f 1222 1069 1164
f 1069 1107 1121
f 1107 1147 1121
f 1147 1289 1121
f 1121 1289 1139
f 1139 1289 1198
f 1289 1320 1198
f 1440 1289 1317
f 1317 1289 1249
f 1289 1147 1249
f 1164 1069 994
f 1408 1409 1316
f 1409 1440 1316
f 1316 1440 1317
f 1107 1222 1157
f 1040 1139 1101
f 1139 1198 1101
f 1101 1198 1162
f 1162 1198 1205
f 1205 1198 1262
f 1198 1320 1262
f 1262 1320 1314
f 1314 1320 1361
f 1320 1409 1361
f 1360 1387 1316
f 1387 1408 1316
f 1316 1317 1146
f 1146 1317 1249
f 1147 1107 1249
f 994 1069 951
f 1139 1040 1121
f 985 1043 1034
f 1034 1043 951
f 1043 1045 951
f 955 951 1045
f 1100 1144 985
f 951 955 917
f 1025 955 1045
f 1043 985 1146
f 985 1144 1146
f 1146 1144 1256
f 1100 985 1040
f 985 1034 1121
f 917 955 945
f 1025 1045 1107
f 1107 1045 1249
f 1045 1043 1249
f 1101 1100 1040
f 985 1121 1040
f 1121 1034 1069
f 1069 1034 951
f 951 917 994
f 1025 1107 1157
f 1043 1146 1249
f 1146 1256 1316
f 1360 1316 1312
f 1316 1256 1312
f 1312 1256 1257
f 1256 1144 1257
f 1257 1144 1202
f 1202 1144 1159
f 1144 1100 1159
f 1159 1100 1127
f 1100 1101 1130
f 1162 1130 1101
f 2447 2536 2303
f 2536 2447 2710
f 2606 2536 2710
f 2606 2710 2768
f 2768 2710 2676
f 2676 2710 2500
f 2710 2447 2500
f 2518 2447 2357
f 2447 2303 2357
f 2357 2303 2388
f 2388 2303 2359
f 2359 2303 2368
f 2368 2303 2415
f 2303 2536 2415
f 2415 2536 2463
f 2463 2536 2530
f 2536 2606 2530
f 2530 2606 2597
f 2597 2606 2633
f 2652 2633 2667
f 2633 2606 2667
f 2768 2676 2741
f 2603 2642 2596
f 2642 2829 2596
f 2672 2829 2794
f 2596 2829 2672
f 2794 2829 2843
f 2741 2676 2794
f 2447 2549 2500
f 2549 2596 2500
f 2794 2676 2672
f 2672 2676 2500
f 2500 2596 2672
f 2651 2458 2588
f 2588 2667 2697
f 2458 2651 2518
f 2728 2667 2606
f 2652 2667 2656
f 2656 2667 2646
f 2667 2588 2646
f 2646 2588 2618
f 2618 2588 2580
f 2588 2458 2580
f 2580 2458 2521
f 2521 2458 2474
f 2458 2357 2474
f 2474 2357 2424
f 2388 2424 2357
f 2357 2458 2518
f 2796 2668 2726
f 2596 2726 2668
f 2668 2796 2816
f 2843 2796 2794
f 2796 2726 2794
f 2794 2726 2741
f 2726 2596 2549
f 2596 2668 2603
f 2549 2447 2518
f 2651 2588 2697
f 2697 2667 2728
f 2606 2768 2728
f 2741 2726 2549
f 2549 2518 2651
f 2651 2697 2728
f 2768 2741 2728
f 2741 2549 2651
f 1110 941 1037
f 1037 941 1123
f 941 1042 1123
f 1000 1042 941
f 941 1110 965
f 1037 1123 1196
f 1110 1037 1196
f 1196 1123 1246
f 1246 1123 1242
f 1242 1123 1215
f 1215 1123 1169
f 1169 1123 1125
f 1123 1042 1125
f 1125 1042 1092
f 1092 1042 1059
f 1042 1000 1059
f 1059 1000 1031
f 1031 1000 1019
f 1024 1019 1000
f 996 1000 943
f 1000 941 943
f 943 941 1007
f 941 965 1007
f 1007 965 973
f 965 962 973
f 965 1110 962
f 962 1110 987
f 1067 1066 987
f 987 1066 989
f 902 962 873
f 987 989 889
f 962 987 889
f 2377 2245 2293
f 2293 2507 2446
f 2507 2511 2685
f 2685 2511 2551
f 2402 2551 2511
f 2511 2507 2397
f 2397 2507 2286
f 2507 2293 2286
f 2286 2293 2202
f 2293 2245 2202
f 2377 2293 2475
f 2293 2446 2475
f 2446 2507 2685
f 2685 2551 2635
f 2377 2475 2495
f 2402 2511 2547
f 2286 2202 2407
f 2248 2202 2268
f 2268 2202 2227
f 2227 2202 2218
f 2218 2202 2228
f 2202 2245 2228
f 2228 2245 2264
f 2264 2245 2305
f 2245 2377 2305
f 2305 2377 2376
f 2376 2377 2435
f 2489 2435 2503
f 2435 2377 2503
f 2377 2495 2503
f 2495 2475 2671
f 2671 2475 2446
f 2685 2635 2759
f 2635 2551 2666
f 2681 2695 2690
f 2695 2753 2690
f 2695 2681 2631
f 2648 2445 2503
f 2445 2648 2467
f 2648 2631 2467
f 2467 2631 2593
f 2631 2681 2593
f 2631 2648 2671
f 2671 2648 2503
f 2248 2445 2467
f 2593 2681 2511
f 2511 2681 2547
f 2681 2690 2547
f 2753 2695 2759
f 2248 2467 2407
f 2407 2467 2397
f 2467 2593 2397
f 2759 2695 2685
f 2685 2695 2446
f 2695 2631 2446
f 2631 2671 2446
f 2671 2503 2495
f 2489 2503 2525
f 2525 2503 2543
f 2543 2503 2524
f 2524 2503 2491
f 2503 2445 2491
f 2491 2445 2438
f 2445 2248 2438
f 2438 2248 2381
f 2381 2248 2309
f 2268 2309 2248
f 2202 2248 2407
f 2286 2407 2397
f 2593 2511 2397
f 1200 1306 1253
f 1306 1296 1253
f 1296 1420 1253
f 1253 1420 1379
f 1306 1200 1172
f 1172 995 1225
f 995 1172 1200
f 1172 1225 1252
f 975 1225 995
f 1200 1253 1097
f 1097 1253 1109
f 1253 1379 1109
f 1420 1296 1401
f 1109 1379 1163
f 1174 1163 1219
f 1163 1379 1219
f 1219 1379 1268
f 1268 1379 1321
f 1321 1379 1365
f 1365 1379 1398
f 1379 1420 1398
f 1398 1420 1410
f 1410 1420 1399
f 1371 1399 1341
f 1399 1420 1341
f 1341 1420 1401
f 1401 1296 1122
f 1122 1296 1056
f 1296 1306 1056
f 1056 1306 1132
f 1306 1172 1132
f 1172 1252 1006
f 1018 1056 988
f 988 1006 942
f 1018 1065 1056
f 1056 1065 1122
f 1122 1065 1218
f 1065 1135 1218
f 988 942 927
f 1132 1006 988
f 1122 1218 1341
f 1163 1135 1065
f 1018 988 995
f 995 988 975
f 988 927 975
f 988 1056 1132
f 1163 1065 1097
f 1065 1018 1097
f 1006 1132 1172
f 1122 1341 1401
f 1371 1341 1327
f 1341 1218 1327
f 1327 1218 1281
f 1281 1218 1224
f 1218 1135 1224
f 1224 1135 1178
f 1178 1135 1152
f 1152 1135 1140
f 1135 1163 1140
f 1140 1163 1150
f 1174 1150 1163
f 1109 1163 1097
f 1097 1018 1200
f 1200 1018 995
f 1033 1015 1138
f 1138 1015 1213
f 1213 1058 1241
f 1058 1213 1084
f 1213 1015 1084
f 1095 1058 1084
f 1015 1033 1084
f 1084 1033 1176
f 1176 1033 1188
f 1188 1033 1359
f 1033 1138 1359
f 1228 1138 1213
f 1176 1188 1283
f 1359 1138 1228
f 1228 1213 1261
f 1213 1241 1261
f 1261 1241 1396
f 1170 1095 1084
f 1201 1084 1176
f 1359 1228 1309
f 1095 1170 1315
f 1170 1084 1201
f 1201 1176 1275
f 1275 1176 1283
f 1228 1437 1309
f 1437 1228 1471
f 1228 1261 1471
f 1471 1261 1372
f 1372 1261 1355
f 1261 1396 1355
f 1396 1241 1418
f 1241 1058 1271
f 1058 1095 1311
f 1311 1095 1319
f 1275 1283 1434
f 1434 1283 1463
f 1463 1283 1427
f 1427 1283 1383
f 1383 1283 1336
f 1283 1188 1336
f 1336 1188 1297
f 1297 1188 1287
f 1188 1359 1287
f 1437 1471 1473
f 1355 1396 1485
f 1485 1396 1477
f 1396 1423 1477
f 1418 1241 1377
f 1241 1271 1377
f 1319 1095 1351
f 1095 1315 1351
f 1447 1170 1428
f 1201 1275 1372
f 1372 1275 1459
f 1459 1275 1434
f 1434 1463 1488
f 1331 1359 1378
f 1378 1359 1309
f 1521 1473 1545
f 1545 1473 1504
f 1473 1471 1459
f 1459 1471 1372
f 1355 1485 1478
f 1423 1396 1479
f 1396 1418 1479
f 1271 1058 1392
f 1058 1311 1392
f 1315 1170 1469
f 1170 1447 1469
f 1478 1428 1355
f 1428 1170 1355
f 1355 1170 1372
f 1170 1201 1372
f 1459 1434 1473
f 1473 1434 1504
f 1434 1488 1504
f 1287 1359 1414
f 1359 1331 1414
f 1378 1309 1424
f 1473 1521 1437
f 1437 1521 1508
f 1424 1309 1490
f 1309 1437 1490
f 1508 1490 1437
f 2476 2516 2630
f 2630 2516 2634
f 2273 2634 2516
f 2476 2630 2586
f 2630 2634 2563
f 2273 2516 2345
f 2345 2516 2339
f 2516 2476 2339
f 2616 2586 2630
f 2345 2339 2131
f 2616 2421 2586
f 2347 2421 2616
f 2616 2630 2482
f 2482 2630 2348
f 2630 2563 2348
f 2348 2563 2365
f 2247 2273 2214
f 2273 2345 2214
f 2586 2421 2244
f 2347 2616 2482
f 2214 2345 2131
f 2131 2231 2127
f 2131 2339 2231
f 2339 2476 2231
f 2231 2476 2244
f 2586 2244 2476
f 2244 2421 2282
f 2421 2347 2335
f 2335 2347 2297
f 2347 2482 2362
f 2362 2482 2348
f 2348 2365 2304
f 2304 2365 2188
f 2563 2634 2292
f 2292 2634 2266
f 2634 2273 2266
f 2266 2273 2224
f 2224 2273 2254
f 2254 2273 2158
f 2273 2247 2158
f 2105 2112 2247
f 2214 2131 2130
f 2130 2131 2127
f 2282 2421 2298
f 2421 2335 2298
f 2116 2347 2362
f 2362 2348 2173
f 2304 2188 2156
f 2365 2563 2261
f 2261 2563 2285
f 2158 2247 2137
f 2247 2112 2137
f 2109 2105 2247
f 2247 2214 2173
f 2173 2214 2130
f 2231 2244 2197
f 2197 2244 2160
f 2160 2244 2200
f 2244 2282 2200
f 2297 2347 2157
f 2157 2347 2121
f 2347 2116 2121
f 2121 2116 2092
f 2092 2116 2115
f 2116 2362 2173
f 2173 2348 2247
f 2247 2348 2304
f 2304 2156 2129
f 2188 2365 2163
f 2365 2261 2163
f 2285 2563 2222
f 2563 2292 2222
f 2109 2247 2129
f 2129 2247 2304
f 2173 2130 2116
f 2130 2127 2116
f 2116 2127 2115
f 2115 2127 2061
f 2061 2127 2078
f 2231 2197 2122
f 2122 2076 2231
f 2076 2096 2231
f 2078 2127 2096
f 2127 2231 2096
f 1072 1108 1088
f 1108 1072 1041
f 1041 1072 1021
f 1021 1072 1134
f 1108 1041 1137
f 1041 1021 1167
f 1134 1187 1021
f 1021 1187 1339
f 1259 1339 1187
f 1072 1088 1134
f 1021 1339 1182
f 1134 1088 1340
f 1323 1137 1041
f 1183 1041 1167
f 1167 1021 1182
f 1259 1187 1386
f 1386 1187 1350
f 1187 1134 1350
f 1350 1134 1340
f 1088 1108 1301
f 1323 1041 1335
f 1041 1183 1335
f 1183 1167 1358
f 1358 1167 1493
f 1493 1167 1293
f 1167 1182 1293
f 1293 1182 1269
f 1269 1182 1233
f 1182 1339 1295
f 1259 1386 1456
f 1340 1330 1417
f 1340 1088 1345
f 1088 1301 1345
f 1108 1137 1203
f 1203 1137 1235
f 1235 1137 1282
f 1137 1323 1282
f 1282 1323 1325
f 1325 1323 1421
f 1421 1323 1369
f 1369 1323 1335
f 1335 1183 1358
f 1293 1269 1373
f 1339 1259 1391
f 1259 1405 1391
f 1456 1386 1468
f 1468 1386 1350
f 1350 1340 1369
f 1369 1340 1432
f 1340 1417 1432
f 1301 1108 1270
f 1108 1203 1270
f 1421 1369 1450
f 1450 1369 1431
f 1358 1493 1472
f 1467 1293 1460
f 1293 1373 1460
f 1233 1182 1329
f 1182 1295 1329
f 1295 1339 1389
f 1339 1391 1389
f 1405 1259 1497
f 1259 1456 1497
f 1497 1456 1516
f 1516 1456 1528
f 1528 1456 1500
f 1500 1456 1472
f 1456 1468 1472
f 1369 1432 1413
f 1330 1340 1436
f 1340 1345 1436
f 1431 1369 1413
f 1369 1335 1350
f 1350 1335 1468
f 1335 1358 1468
f 1468 1358 1472
f 1293 1467 1493
f 1467 1512 1493
f 1512 1525 1493
f 1493 1525 1472
f 1525 1500 1472
f 2682 2506 2592
f 2506 2682 2629
f 2629 2682 2429
f 2682 2692 2429
f 2429 2692 2449
f 2449 2692 2472
f 2373 2692 2481
f 2692 2682 2481
f 2329 2506 2629
f 2629 2429 2334
f 2334 2429 2187
f 2429 2449 2187
f 2692 2373 2472
f 2481 2682 2465
f 2682 2592 2313
f 2329 2629 2311
f 2629 2334 2311
f 2184 2373 2350
f 2373 2481 2350
f 2481 2465 2350
f 2465 2682 2313
f 2250 2329 2311
f 2311 2334 2181
f 2334 2187 2181
f 2181 2187 2106
f 2313 2592 2321
f 2321 2592 2361
f 2592 2506 2358
f 2291 2329 2239
f 2329 2250 2239
f 2239 2250 2207
f 2141 2207 2250
f 2106 2187 2170
f 2187 2449 2240
f 2240 2449 2354
f 2449 2472 2374
f 2128 2184 2186
f 2184 2350 2186
f 2350 2465 2186
f 2186 2465 2199
f 2465 2313 2199
f 2236 2313 2159
f 2313 2193 2159
f 2193 2313 2234
f 2361 2592 2380
f 2592 2358 2380
f 2358 2506 2318
f 2506 2329 2318
f 2318 2329 2278
f 2329 2291 2278
f 2136 2141 2236
f 2141 2250 2236
f 2236 2250 2199
f 2250 2311 2199
f 2199 2311 2181
f 2181 2106 2128
f 2128 2106 2087
f 2374 2472 2353
f 2472 2373 2353
f 2204 2373 2184
f 2199 2313 2236
f 2236 2159 2143
f 2234 2313 2215
f 2313 2321 2215
f 2136 2236 2143
f 2199 2181 2186
f 2181 2128 2186
f 2128 2087 2079
f 2087 2106 2077
f 2077 2106 2088
f 2106 2170 2088
f 2170 2187 2153
f 2187 2240 2153
f 2354 2449 2294
f 2449 2374 2294
f 2353 2373 2262
f 2262 2373 2213
f 2373 2204 2213
f 2079 2147 2128
f 2152 2204 2184
f 2184 2128 2147
f 2758 2784 2659
f 2659 2784 2591
f 2777 2784 2789
f 2784 2758 2789
f 2395 2591 2620
f 2591 2784 2620
f 2784 2777 2620
f 2620 2777 2509
f 2509 2777 2789
f 2789 2758 2674
f 2758 2705 2674
f 2758 2410 2705
f 2410 2758 2439
f 2758 2659 2439
f 2439 2659 2484
f 2659 2591 2484
f 2484 2591 2395
f 2399 2509 2711
f 2509 2789 2711
f 2711 2789 2679
f 2679 2789 2674
f 2484 2395 2300
f 2439 2484 2246
f 2246 2484 2300
f 2399 2711 2392
f 2392 2711 2480
f 2711 2679 2480
f 2679 2674 2480
f 2480 2674 2505
f 2505 2674 2494
f 2494 2674 2528
f 2674 2705 2528
f 2265 2349 2393
f 2349 2410 2393
f 2393 2410 2352
f 2410 2439 2352
f 2246 2300 2269
f 2300 2395 2307
f 2395 2620 2453
f 2453 2620 2572
f 2400 2505 2384
f 2528 2705 2555
f 2555 2705 2556
f 2556 2705 2531
f 2705 2410 2442
f 2442 2410 2396
f 2396 2410 2324
f 2410 2349 2324
f 2439 2246 2352
f 2352 2246 2290
f 2290 2246 2269
f 2269 2392 2290
f 2392 2480 2290
f 2290 2480 2352
f 2480 2505 2352
f 2352 2505 2393
f 2505 2400 2393
f 2393 2400 2281
f 2384 2505 2360
f 2505 2494 2360
f 2531 2705 2425
f 2705 2442 2425
f 2265 2393 2281
f 2269 2179 2162
f 2179 2269 2149
f 2269 2300 2149
f 2149 2300 2168
f 2168 2300 2208
f 2300 2307 2208
f 2307 2395 2320
f 2395 2453 2320
f 2572 2620 2486
f 2620 2509 2486
f 2486 2509 2485
f 2485 2509 2448
f 2509 2399 2448
f 2448 2399 2409
f 2409 2399 2327
f 2162 2206 2269
f 2269 2206 2392
f 2206 2310 2392
f 2327 2399 2310
f 2399 2392 2310
f 1014 935 1136
f 935 1017 1136
f 960 1017 935
f 935 1014 922
f 914 935 922
f 1298 1090 1362
f 1090 1014 1362
f 1362 1014 1285
f 1014 1136 1285
f 1136 1017 1181
f 960 935 984
f 984 935 914
f 1005 922 1055
f 922 1014 1055
f 1014 1090 1055
f 914 922 966
f 966 922 1005
f 1337 1298 1362
f 1285 1136 1232
f 1232 1136 1181
f 984 914 961
f 914 966 961
f 1337 1362 1304
f 1362 1285 1304
f 1304 1285 1232
f 1232 1181 1185
f 1185 1181 1240
f 1181 1348 1240
f 1181 1017 1221
f 1017 960 1133
f 1133 960 1099
f 960 984 1052
f 961 966 1112
f 1112 966 1151
f 966 1005 1151
f 1151 1005 1207
f 1207 1005 1111
f 1111 1005 1080
f 1080 1005 1093
f 1005 1055 1093
f 1090 1298 1234
f 1298 1337 1349
f 1356 1337 1308
f 1308 1337 1304
f 1185 1240 1274
f 1348 1181 1322
f 1181 1221 1322
f 1221 1017 1236
f 1017 1133 1236
f 1099 960 1106
f 960 1052 1106
f 984 1094 1148
f 1239 1094 1087
f 1094 984 1087
f 1087 984 961
f 1151 1207 1279
f 1308 1304 1112
f 1304 1232 1112
f 1112 1232 961
f 961 1232 1087
f 1232 1185 1087
f 1087 1185 1231
f 1185 1274 1231
f 1052 984 1175
f 984 1148 1175
f 1239 1087 1231
f 1112 1151 1308
f 1151 1279 1308
f 1308 1279 1381
f 1093 1055 1124
f 1055 1081 1124
f 1081 1055 1192
f 1055 1090 1192
f 1192 1090 1251
f 1090 1234 1251
f 1234 1298 1376
f 1298 1349 1376
f 1349 1337 1439
f 1439 1337 1441
f 1337 1356 1441
f 1381 1356 1308
f 2936 2929 2942
f 2942 2929 2930
f 2929 2936 2921
f 2942 2930 2933
f 2890 2930 2929
f 2929 2921 2822
f 2927 2936 2942
f 2890 2929 2838
f 2838 2929 2822
f 2927 2942 2917
f 2917 2942 2933
f 2921 2936 2893
f 2933 2930 2862
f 2890 2838 2836
f 2831 2838 2762
f 2838 2822 2762
f 2822 2778 2762
f 2778 2822 2853
f 2822 2921 2853
f 2853 2921 2839
f 2921 2893 2839
f 2936 2927 2893
f 2927 2904 2893
f 2893 2904 2861
f 2802 2904 2792
f 2904 2927 2792
f 2792 2927 2827
f 2827 2927 2896
f 2927 2917 2896
f 2917 2933 2896
f 2896 2933 2875
f 2875 2933 2881
f 2933 2863 2881
f 2881 2863 2812
f 2933 2862 2884
f 2862 2930 2856
f 2856 2930 2841
f 2930 2890 2841
f 2809 2890 2785
f 2785 2890 2770
f 2890 2836 2770
f 2836 2838 2831
f 2762 2778 2761
f 2761 2778 2739
f 2765 2802 2792
f 2831 2896 2875
f 2881 2812 2821
f 2863 2933 2845
f 2933 2884 2845
f 2770 2836 2752
f 2836 2782 2752
f 2747 2782 2875
f 2782 2836 2875
f 2875 2836 2831
f 2831 2762 2760
f 2762 2761 2760
f 2739 2778 2730
f 2730 2778 2853
f 2799 2839 2826
f 2839 2858 2826
f 2858 2893 2840
f 2893 2861 2840
f 2861 2904 2830
f 2830 2904 2807
f 2904 2802 2807
f 2702 2765 2792
f 2792 2827 2760
f 2760 2827 2831
f 2827 2896 2831
f 2881 2821 2875
f 2875 2821 2766
f 2841 2890 2797
f 2890 2809 2797
f 2766 2747 2875
f 2760 2761 2792
f 2761 2707 2792
f 2792 2707 2702
f 2707 2761 2670
f 2761 2739 2670
f 2736 2730 2853
f 2893 2858 2839
f 2799 2772 2839
f 2839 2772 2853
f 2772 2736 2853
f 792 758 788
f 778 788 758
f 792 871 758
f 758 871 753
f 792 788 863
f 904 871 864
f 871 792 864
f 864 792 863
f 758 753 748
f 781 748 753
f 778 758 770
f 770 758 748
f 781 753 800
f 932 904 920
f 904 864 920
f 920 864 895
f 864 863 895
f 797 778 770
f 770 748 765
f 765 748 781
f 753 871 800
f 800 871 818
f 818 871 901
f 871 904 901
f 904 932 901
f 895 863 811
f 811 863 906
f 906 863 899
f 899 863 884
f 863 788 846
f 846 788 859
f 788 778 859
f 778 797 801
f 822 797 770
f 765 781 858
f 858 781 834
f 901 932 947
f 990 932 983
f 983 932 946
f 946 932 894
f 894 932 857
f 932 920 857
f 920 895 857
f 811 906 919
f 919 906 934
f 934 906 936
f 906 899 936
f 884 863 898
f 863 846 898
f 824 797 837
f 797 822 837
f 837 822 853
f 853 822 845
f 770 765 857
f 857 765 858
f 847 781 800
f 901 947 928
f 947 932 1032
f 932 990 1032
f 918 946 894
f 811 919 897
f 859 778 875
f 778 801 875
f 801 797 855
f 797 824 855
f 897 845 811
f 845 822 811
f 822 770 811
f 811 770 895
f 895 770 857
f 857 858 894
f 894 858 918
f 858 916 918
f 916 858 925
f 858 834 925
f 834 781 882
f 781 847 882
f 856 847 800
f 901 928 818
f 928 929 818
f 929 931 818
f 931 841 818
f 856 800 841
f 800 818 841
f 536 392 444
f 392 101 444
f 51 13 15
f 51 74 54
f 536 444 615
f 444 101 155
f 101 74 155
f 155 74 280
f 74 51 280
f 280 51 66
f 15 13 11
f 11 13 12
f 13 51 54
f 392 536 549
f 610 536 663
f 536 615 663
f 11 12 14
f 12 13 54
f 74 101 124
f 101 392 124
f 610 663 810
f 836 663 615
f 615 444 494
f 51 15 37
f 15 11 18
f 124 392 265
f 265 392 549
f 536 610 549
f 852 610 810
f 810 663 836
f 444 155 494
f 494 155 280
f 66 51 37
f 37 15 18
f 12 54 19
f 19 54 124
f 54 74 124
f 1394 852 993
f 852 810 993
f 993 810 1001
f 810 836 1001
f 39 18 16
f 18 11 16
f 16 11 46
f 11 14 46
f 46 14 34
f 549 610 629
f 610 852 629
f 1001 836 1573
f 1573 836 1050
f 836 615 745
f 38 18 39
f 34 14 23
f 14 12 26
f 1661 1394 1569
f 1394 993 1569
f 1569 993 1657
f 993 1001 1657
f 1657 1001 1660
f 1001 1573 1660
f 1579 1573 1050
f 1050 836 745
f 467 494 280
f 189 280 136
f 280 66 136
f 136 66 90
f 37 18 22
f 38 39 52
f 39 16 52
f 46 34 56
f 56 34 68
f 14 26 23
f 19 124 89
f 89 124 140
f 124 265 140
f 852 1394 1063
f 1063 1394 1426
f 1394 1661 1426
f 1426 1661 1580
f 1662 1580 1661
f 1660 1573 1722
f 1573 1579 1722
f 745 615 683
f 683 615 631
f 615 494 631
f 494 467 631
f 90 66 73
f 66 37 49
f 18 38 22
f 52 16 81
f 16 46 81
f 56 68 84
f 68 34 53
f 53 34 42
f 34 23 42
f 42 23 30
f 23 26 20
f 26 12 31
f 12 19 31
f 31 19 47
f 47 19 61
f 61 19 71
f 19 89 71
f 140 265 187
f 187 265 360
f 265 549 360
f 360 549 466
f 466 549 563
f 549 629 563
f 685 629 747
f 629 852 747
f 1662 1661 1721
f 1721 1661 1884
f 1661 1569 1884
f 1884 1569 1794
f 1569 1657 1794
f 1794 1657 1793
f 1657 1660 1793
f 631 467 507
f 467 280 417
f 417 280 364
f 364 280 303
f 280 189 303
f 73 66 62
f 62 66 49
f 49 37 41
f 41 37 33
f 33 37 29
f 37 22 29
f 29 22 24
f 24 22 27
f 27 22 32
f 32 22 43
f 22 38 43
f 43 38 58
f 58 38 69
f 69 38 85
f 103 85 38
f 81 46 88
f 46 56 88
f 56 84 131
f 40 31 47
f 187 360 302
f 360 466 416
f 416 466 469
f 563 629 632
f 632 629 685
f 747 852 861
f 861 852 1063
f 1662 1721 1724
f 1724 1721 1795
f 1793 1660 1791
f 1660 1722 1791
f 1791 1722 1792
f 1792 1722 1723
f 1723 1722 1663
f 1663 1722 1582
f 1722 1579 1582
f 1579 1050 1082
f 1082 1050 745
f 749 745 683
f 631 507 564
f 3082 3210 3198
f 3210 3599 3591
f 3599 3637 3591
f 3591 3637 3639
f 3637 3660 3639
f 3639 3660 3633
f 3210 3591 3476
f 3660 3665 3633
f 3599 3210 3246
f 3210 3082 3246
f 3014 3082 3019
f 3082 3198 3019
f 3198 3210 3476
f 3659 3665 3660
f 3660 3637 3634
f 3637 3599 3634
f 3082 3014 3246
f 3633 3665 3661
f 3661 3665 3664
f 3665 3659 3648
f 3599 3246 3469
f 3246 3014 2578
f 2578 3014 2865
f 3014 3019 2865
f 2865 3019 2850
f 3019 3005 2850
f 3019 3198 3005
f 3591 3639 3633
f 3664 3665 3658
f 3665 3648 3658
f 3634 3599 3469
f 2578 2865 2021
f 3198 3476 3298
f 3298 3476 3591
f 3664 3629 3661
f 3629 3664 3658
f 3658 3648 3626
f 3660 3634 3659
f 3469 3246 3225
f 3246 2578 3225
f 2545 2578 2021
f 2021 2865 2178
f 2178 2865 2191
f 2865 2850 2191
f 2850 3005 2817
f 3005 3198 3073
f 3198 3298 3073
f 3298 3591 3528
f 3591 3633 3528
f 3629 3658 3626
f 3645 3634 3527
f 3634 3469 3527
f 2019 2545 2021
f 2191 2850 1947
f 1947 2850 1882
f 1882 2850 1944
f 1944 2850 2817
f 3633 3661 3632
f 3632 3661 3654
f 3629 3626 3560
f 3560 3626 3539
f 3626 3648 3603
f 3642 3648 3652
f 3648 3659 3652
f 3659 3634 3645
f 3225 2578 2992
f 2992 2578 2938
f 2938 2578 2810
f 2578 2545 2810
f 2810 2545 2520
f 2019 2021 1791
f 1791 2021 1946
f 2021 2178 1946
f 2178 2191 1946
f 1946 2191 1947
f 1944 2817 2145
f 3528 3633 3623
f 3623 3633 3632
f 3654 3661 3653
f 3629 3553 3610
f 3569 3610 3553
f 3553 3629 3560
f 3539 3626 3430
f 3430 3626 3603
f 3603 3648 3478
f 3652 3659 3645
f 3645 3527 3606
f 3606 3527 3576
f 3527 3469 3331
f 3469 3225 3331
f 3119 3225 3059
f 3225 2992 3059
f 2520 2545 2140
f 2545 2019 2140
f 1880 2019 1791
f 1946 1947 1885
f 1885 1947 1884
f 1947 1882 1884
f 1882 1944 1941
f 2145 2817 2527
f 2817 3005 2941
f 2941 3005 2993
f 3005 3073 2993
f 2993 3073 3062
f 3073 3122 3062
f 3122 3073 3182
f 3073 3298 3182
f 3182 3298 3333
f 3333 3298 3528
f 3654 3653 3650
f 3653 3661 3646
f 3661 3629 3646
f 3646 3629 3635
f 3635 3629 3627
f 3629 3610 3627
f 3652 3645 3643
f 3643 3645 3636
f 3636 3645 3630
f 3630 3645 3622
f 3622 3645 3606
f 3576 3527 3524
f 3524 3527 3412
f 3527 3331 3412
f 3331 3225 3274
f 3274 3225 3222
f 3222 3225 3181
f 3181 3225 3119
f 2140 2019 2017
f 2017 2019 1940
f 1940 2019 1880
f 1792 1880 1791
f 1791 1946 1793
f 1946 1885 1793
f 1793 1885 1794
f 1885 1884 1794
f 1884 1882 1721
f 1795 1721 1881
f 1721 1882 1881
f 1881 1882 1941
f 1941 1944 2018
f 2018 1944 2145
f 2527 2817 2811
f 2811 2817 2941
f 3224 3182 3276
f 3182 3333 3276
f 3333 3528 3414
f 3414 3528 3526
f 3526 3528 3575
f 3575 3528 3605
f 3605 3528 3623
f 3640 3654 3650
f 3534 3506 3504
f 3506 3569 3432
f 3432 3569 3553
f 3477 3560 3539
f 3503 3478 3533
f 3533 3478 3561
f 3561 3478 3587
f 3587 3478 3608
f 3478 3648 3608
f 3608 3648 3625
f 3648 3642 3625
f 3642 3652 3644
f 3644 3652 3649
f 3649 3652 3647
f 3652 3643 3647
f 171 184 180
f 238 203 206
f 206 203 271
f 203 205 184
f 171 232 219
f 410 335 339
f 339 219 232
f 232 171 180
f 184 205 180
f 190 238 206
f 203 184 271
f 461 335 410
f 234 238 158
f 158 238 190
f 184 171 192
f 219 339 321
f 339 335 321
f 335 461 321
f 461 410 511
f 511 410 423
f 234 158 88
f 243 271 184
f 519 461 587
f 587 461 511
f 339 232 260
f 205 203 239
f 203 238 239
f 239 238 234
f 158 190 147
f 243 184 192
f 192 171 251
f 171 219 251
f 251 219 321
f 461 519 321
f 587 511 581
f 581 511 588
f 511 423 588
f 423 410 365
f 410 339 365
f 365 339 260
f 260 232 180
f 221 180 205
f 234 88 210
f 147 190 206
f 519 587 680
f 680 587 670
f 587 581 670
f 670 581 588
f 588 423 681
f 260 180 221
f 243 192 202
f 773 680 762
f 680 670 762
f 762 670 763
f 670 588 763
f 763 588 1079
f 588 681 1079
f 681 423 479
f 479 423 365
f 221 205 247
f 205 239 247
f 239 234 210
f 147 206 176
f 176 206 224
f 206 271 224
f 192 251 202
f 251 321 259
f 259 321 351
f 321 519 351
f 773 762 1020
f 762 763 1020
f 1079 681 780
f 131 179 210
f 224 271 281
f 271 243 281
f 281 243 246
f 246 243 225
f 243 202 225
f 202 251 259
f 351 519 439
f 519 680 530
f 1539 773 1536
f 773 1020 1536
f 1536 1020 1533
f 1020 763 1533
f 1533 763 1540
f 763 1079 1540
f 1540 1079 1554
f 1554 1079 1098
f 1079 780 1098
f 681 479 537
f 479 365 442
f 442 365 404
f 404 365 373
f 365 260 373
f 213 221 229
f 229 221 228
f 228 221 247
f 247 239 299
f 299 239 306
f 306 239 305
f 305 239 297
f 239 210 297
f 297 210 279
f 279 210 249
f 131 210 56
f 56 210 88
f 88 158 81
f 81 158 147
f 147 176 38
f 225 202 227
f 227 202 211
f 211 202 212
f 202 259 212
f 259 351 314
f 351 372 314
f 372 351 403
f 351 439 403
f 439 519 478
f 519 530 478
f 530 680 611
f 611 680 690
f 680 773 690
f 690 773 783
f 773 1539 783
f 1688 1553 1685
f 1553 1539 1685
f 1539 1536 1685
f 1685 1536 1826
f 1536 1533 1826
f 1826 1533 1828
f 1828 1533 1687
f 1533 1540 1687
f 1687 1540 1689
f 1540 1554 1689
f 780 681 691
f 691 681 612
f 612 681 537
f 373 260 338
f 338 260 318
f 318 260 295
f 295 260 270
f 270 260 245
f 245 260 226
f 260 221 226
f 226 221 218
f 218 221 216
f 221 213 216
f 237 229 236
f 229 228 236
f 228 247 252
f 252 247 263
f 263 247 277
f 277 247 291
f 291 247 299
f 249 210 215
f 215 210 198
f 210 179 198
f 172 179 150
f 179 131 150
f 150 131 138
f 81 147 52
f 52 147 38
f 103 38 137
f 137 38 149
f 38 176 149
f 183 176 197
f 176 224 197
f 197 224 217
f 217 224 253
f 253 224 283
f 283 224 300
f 300 224 310
f 310 224 309
f 224 281 309
f 290 281 276
f 276 281 262
f 281 246 262
f 262 246 250
f 225 227 235
f 227 211 220
f 212 259 222
f 222 259 244
f 244 259 269
f 269 259 294
f 294 259 316
f 259 314 316
f 783 1539 1104
f 1104 1539 1553
f 1688 1685 1827
f 1827 1685 1825
f 1825 1685 1826
f 1687 1689 1829
f 3514 3510 3499
f 3499 3510 3480
f 3505 3361 3453
f 3505 3453 3518
f 3453 3525 3518
f 3518 3510 3514
f 3480 3510 3497
f 3510 3518 3529
f 3518 3525 3529
f 3270 3314 3219
f 3361 3505 3314
f 3499 3480 3449
f 3477 3480 3454
f 3510 3529 3495
f 3361 3314 3261
f 3314 3270 3261
f 3219 3314 3197
f 3514 3499 3498
f 3499 3449 3450
f 3449 3480 3477
f 3497 3510 3495
f 3060 3270 3151
f 3270 3219 3151
f 3151 3219 3147
f 3219 3197 3147
f 3197 3314 3250
f 3314 3505 3250
f 3454 3480 3447
f 3480 3497 3447
f 3529 3525 3416
f 3525 3453 3416
f 3453 3361 3261
f 3250 3505 3338
f 3505 3518 3514
f 3450 3449 3430
f 3454 3447 3508
f 3447 3497 3491
f 3497 3495 3491
f 3416 3453 3261
f 3261 3270 3060
f 3060 3151 2914
f 2914 3151 2991
f 3151 3147 2991
f 2991 3147 3050
f 3147 3197 3050
f 3498 3499 3475
f 3499 3450 3475
f 3529 3416 3495
f 2978 3060 2908
f 3060 2914 2908
f 2914 2991 2906
f 2991 3050 2906
f 2906 3050 2604
f 3338 3505 3406
f 3406 3505 3498
f 3505 3514 3498
f 3498 3475 3455
f 3450 3430 3390
f 3508 3447 3401
f 3447 3491 3401
f 3491 3495 3473
f 3416 3261 3295
f 3295 3261 3196
f 3261 3060 3196
f 3196 3060 3128
f 3060 2978 3128
f 2908 2914 2080
f 2080 2914 2082
f 2914 2906 2082
f 3050 3197 3125
f 3250 3338 3294
f 3294 3338 3325
f 3477 3454 3508
f 3508 3401 3432
f 3491 3473 3472
f 2978 2908 2565
f 2565 2908 2074
f 2074 2908 2080
f 2082 2906 2073
f 2906 2604 2073
f 2604 3050 2977
f 3125 3197 3193
f 3197 3250 3193
f 3325 3338 3355
f 3355 3338 3382
f 3382 3338 3406
f 3406 3498 3467
f 3455 3475 3446
f 3475 3450 3415
f 3415 3450 3405
f 3405 3450 3390
f 3478 3390 3430
f 3430 3449 3539
f 3449 3477 3539
f 3508 3432 3553
f 3432 3401 3384
f 3401 3491 3441
f 3441 3491 3452
f 3491 3472 3452
f 3473 3495 3488
f 3495 3416 3407
f 3407 3416 3383
f 3383 3416 3356
f 3416 3295 3356
f 3356 3295 3326
f 3196 3128 3194
f 3128 2978 3051
f 2565 2074 2063
f 1931 2063 2074
f 2074 2080 1933
f 1933 2080 1936
f 2080 2082 1936
f 1936 2082 1825
f 2082 2073 1825
f 1825 2073 1930
f 1930 2073 2062
f 2073 2604 2062
f 2062 2604 2562
f 2562 2604 2885
f 2885 2604 2977
f 2977 3050 3049
f 3049 3050 3125
f 3193 3250 3247
f 3247 3250 3294
f 3435 3406 3461
f 3406 3467 3461
f 3467 3498 3487
f 3487 3498 3483
f 3483 3498 3471
f 3498 3455 3471
f 3451 3455 3443
f 3455 3446 3443
f 3443 3446 3439
f 3425 3475 3415
f 3408 3415 3405
f 3405 3390 3395
f 3395 3390 3387
f 3387 3390 3379
f 3379 3390 3381
f 3397 3390 3417
f 3417 3390 3463
f 3390 3478 3463
f 3463 3478 3503
f 3478 3430 3603
f 3477 3508 3560
f 3560 3508 3553
f 3504 3506 3465
f 3506 3432 3465
f 3465 3432 3418
f 3418 3432 3398
f 3376 3432 3384
f 3388 3384 3396
f 3384 3401 3396
f 3396 3401 3404
f 3404 3401 3409
f 3409 3401 3420
f 3420 3401 3426
f 3426 3401 3431
f 3431 3401 3436
f 3401 3441 3436
f 3441 3452 3444
f 3484 3473 3488
f 3488 3495 3479
f 3479 3495 3462
f 3462 3495 3437
f 3495 3407 3437
f 3326 3295 3292
f 3292 3295 3196
f 3051 2978 2975
f 2975 2978 2886
f 2886 2978 2565
f 1931 2074 1829
f 1829 2074 1687
f 2074 1933 1687
f 1687 1933 1828
f 1828 1933 1826
f 1933 1936 1826
f 1826 1936 1825
f 1825 1930 1827
f 3152 3038 3068
f 3068 3038 3044
f 3044 3038 3028
f 3028 3038 3015
f 3015 3038 3001
f 3038 2974 3001
f 3001 2974 2985
f 2985 2974 2970
f 2970 2974 2955
f 2955 2974 2951
f 2951 2974 2940
f 2974 2945 2940
f 2940 2945 2925
f 2925 2945 2913
f 2913 2945 2900
f 2900 2945 2888
f 2888 2945 2874
f 2945 2891 2874
f 2874 2891 2871
f 2871 2891 2867
f 2867 2891 2866
f 2891 2879 2866
f 2866 2879 2859
f 2859 2879 2854
f 2854 2879 2842
f 2879 2824 2842
f 2842 2824 2833
f 2833 2824 2825
f 2825 2824 2805
f 2805 2824 2788
f 2824 2813 2788
f 2788 2813 2783
f 2743 2783 2813
f 649 630 626
f 630 567 626
f 626 567 589
f 589 567 544
f 544 567 492
f 334 286 315
f 315 286 241
f 286 194 241
f 241 194 163
f 194 159 163
f 159 148 163
f 163 148 135
f 148 152 135
f 135 152 168
f 152 166 168
f 166 199 168
f 199 233 168
f 233 284 168
f 168 284 287
f 284 325 287
f 325 350 287
f 350 390 287
f 287 390 359
f 390 415 359
f 415 449 359
f 359 449 425
f 449 471 425
f 471 492 425
f 492 567 425
f 3389 3481 3358
f 3358 3481 3434
f 3434 3481 3520
f 3481 3579 3520
f 3520 3579 3548
f 3548 3579 3557
f 3579 3567 3557
f 3557 3567 3555
f 3555 3567 3541
f 3567 3422 3541
f 3541 3422 3515
f 3515 3422 3492
f 3492 3422 3442
f 3422 3363 3442
f 3442 3363 3378
f 3378 3363 3339
f 3363 3329 3339
f 3339 3329 3304
f 3304 3329 3277
f 3277 3329 3253
f 3253 3329 3221
f 3329 3204 3221
f 3221 3204 3200
f 3200 3204 3170
f 3068 3101 3152
f 3101 3126 3152
f 3126 3170 3152
f 3170 3204 3152
f 2743 2813 2101
f 2813 2022 2101
f 2101 2022 1918
f 2022 1928 1918
f 1918 1928 1872
f 1872 1928 1586
f 978 1238 886
f 886 1238 1572
f 1238 1586 1572
f 1572 1586 1611
f 1611 1586 1928
f 2636 2743 2456
f 2743 2101 2456
f 2456 2101 2209
f 2209 2101 2099
f 2016 2101 1989
f 2101 1918 1989
f 1917 1918 1908
f 1918 1872 1908
f 1841 1872 1817
f 1872 1586 1817
f 1817 1586 1771
f 1771 1586 1734
f 1734 1586 1703
f 1656 1586 1623
f 1623 1586 1587
f 1586 1238 1587
f 1587 1238 1543
f 1402 1238 1247
f 1238 978 1247
f 1247 978 1105
f 921 978 886
f 886 869 921
f 921 869 908
f 908 869 896
f 896 869 879
f 879 869 868
f 869 806 868
f 868 806 854
f 854 806 843
f 843 806 838
f 838 806 835
f 806 776 835
f 835 776 831
f 831 776 827
f 827 776 819
f 819 776 805
f 805 776 789
f 789 776 775
f 775 776 766
f 776 725 766
f 766 725 756
f 756 725 746
f 746 725 737
f 737 725 719
f 719 725 701
f 649 664 630
f 664 675 630
f 675 687 630
f 687 701 630
f 701 725 630
f 1713 1850 1754
f 1850 1853 1754
f 1853 1807 1754
f 1807 1853 1945
f 1853 1850 1981
f 1754 1807 1732
f 1732 1807 1709
f 1895 1807 1945
f 2049 1945 2081
f 1945 1853 2081
f 2081 1853 1956
f 1853 1981 1956
f 1713 1754 1647
f 1647 1754 1581
f 1754 1732 1581
f 1482 1732 1613
f 1613 1732 1709
f 1945 2049 1895
f 2968 2299 2610
f 2049 2081 2299
f 1713 1647 1668
f 1581 1732 1482
f 1395 1482 1158
f 912 1158 739
f 739 1158 924
f 1158 1482 924
f 1709 1807 1831
f 1831 1807 1895
f 3255 2973 3056
f 2299 2081 2610
f 2081 1956 2454
f 1956 1981 2194
f 2194 1981 1958
f 1958 1981 1850
f 1850 1713 1896
f 1896 1713 1815
f 1713 1668 1596
f 1668 1647 1584
f 1647 1581 1584
f 1584 1581 1395
f 1581 1482 1395
f 656 912 739
f 924 1482 1613
f 1895 2049 2233
f 2049 2299 2233
f 2233 2299 2780
f 2299 2968 2780
f 2780 2968 3040
f 2968 2973 3040
f 2973 3255 3040
f 3240 3255 3056
f 2968 2610 2647
f 2610 2081 2647
f 2647 2081 2270
f 2081 2454 2270
f 1958 1850 1896
f 1815 1713 1596
f 1584 1395 1300
f 1300 1395 1158
f 1158 912 813
f 3240 3056 3243
f 3056 2973 3016
f 2968 2647 2973
f 1596 1668 1425
f 1668 1584 1519
f 1300 1158 813
f 813 912 656
f 3421 3240 3243
f 3141 3243 3056
f 2973 2647 3016
f 2647 2270 2909
f 1815 1596 1643
f 603 656 450
f 656 739 540
f 1831 1895 1904
f 1904 1895 2233
f 3255 3240 3428
f 3240 3421 3428
f 3141 3056 3016
f 3016 2647 2909
f 2454 1956 2394
f 2394 1956 2194
f 2194 1958 2404
f 1643 1596 1609
f 1596 1425 1609
f 1425 1668 1519
f 1519 1584 1161
f 1584 1300 1161
f 706 813 656
f 706 656 603
f 603 434 527
f 603 450 434
f 450 656 540
f 430 540 574
f 540 739 574
f 574 739 679
f 739 924 679
f 679 924 1272
f 924 1613 1272
f 1272 1613 1604
f 1604 1613 1709
f 1709 1831 1786
f 1786 1831 1821
f 1821 1831 1822
f 1822 1831 1904
f 1904 2233 2323
f 2233 2780 2323
f 2323 2780 3011
f 2780 3040 3011
f 3011 3040 3206
f 3040 3255 3206
f 3206 3255 3428
f 3516 3428 3562
f 3562 3428 3421
f 3421 3243 3311
f 3311 3243 3141
f 3141 3016 2909
f 2909 2270 2708
f 2270 2454 2708
f 1958 1896 1888
f 1888 1896 1815
f 1816 1815 1643
f 1425 1519 911
f 1300 813 1161
f 434 457 527
f 207 457 434
f 450 540 430
f 1604 1709 1786
f 1822 1904 1903
f 1903 1904 2323
f 3011 3206 3208
f 3208 3206 3318
f 3206 3428 3318
f 3318 3428 3516
f 3512 3516 3562
f 3562 3421 3365
f 3421 3311 3365
f 3365 3311 3257
f 2708 2454 2394
f 2824 2194 2404
f 2404 1958 1888
f 1609 1425 869
f 1519 1161 840
f 813 706 751
f 706 603 527
f 457 207 196
f 450 430 332
f 332 430 371
f 574 679 682
f 679 1272 682
f 1786 1821 1787
f 1821 1822 1800
f 1903 2323 2257
f 2257 2323 3008
f 2323 3011 3008
f 3008 3011 3208
f 3318 3516 3291
f 3516 3512 3291
f 3291 3512 3489
f 3311 3141 3038
f 1888 1815 1816
f 911 1519 840
f 1161 813 751
f 751 706 527
f 567 527 457
f 332 371 223
f 223 371 230
f 371 430 456
f 430 574 456
f 456 574 633
f 574 682 633
f 1272 1604 1714
f 1714 1604 1787
f 1604 1786 1787
f 1787 1821 1800
f 1822 1903 1897
f 1897 1903 2257
f 3008 3208 3179
f 3179 3208 3242
f 3208 3318 3242
f 3242 3318 3291
f 3291 3489 3305
f 3305 3489 3509
f 3204 3257 3311
f 3141 2909 2974
f 2974 2909 2945
f 2909 2708 2945
f 2394 2194 2824
f 567 457 425
f 425 457 359
f 457 196 359
f 359 196 287
f 287 196 168
f 196 207 146
f 207 434 146
f 434 450 146
f 450 332 146
f 146 332 223
f 230 371 355
f 371 456 355
f 633 682 714
f 714 682 883
f 682 1272 883
f 883 1272 1412
f 1272 1714 1412
f 1787 1800 1788
f 1833 1822 1897
f 1897 2257 2195
f 2195 2257 2815
f 2257 3008 2815
f 2815 3008 2972
f 2972 3008 3179
f 3242 3291 3289
f 3291 3305 3289
f 3481 3509 3579
f 3509 3489 3579
f 3489 3512 3579
f 3579 3512 3567
f 3512 3562 3567
f 3567 3562 3422
f 3562 3365 3422
f 3365 3257 3422
f 3422 3257 3329
f 3257 3204 3329
f 3204 3311 3152
f 3311 3038 3152
f 3038 3141 2974
f 2945 2708 2891
f 2708 2394 2891
f 2891 2394 2879
f 2879 2394 2824
f 2824 2404 2813
f 2813 2404 2022
f 2404 1888 2022
f 2022 1888 1928
f 1888 1816 1928
f 1928 1816 1611
f 1816 1643 1611
f 1643 1609 1611
f 1611 1609 1572
f 1609 869 1572
f 1572 869 886
f 869 1425 911
f 840 1161 751
f 751 527 630
f 527 567 630
f 168 196 135
f 135 196 146
f 154 223 230
f 343 355 358
f 358 355 385
f 385 355 399
f 399 355 412
f 412 355 440
f 440 355 468
f 355 456 468
f 468 456 498
f 456 633 498
f 498 633 566
f 566 633 647
f 633 714 647
f 1412 1714 1636
f 1636 1714 1718
f 1718 1714 1782
f 1714 1787 1782
f 1782 1787 1788
f 1822 1833 1800
f 1833 1897 1893
f 1893 1897 1971
f 1897 2195 1971
f 2972 3179 3045
f 3045 3179 3127
f 3179 3242 3127
f 3127 3242 3189
f 3242 3289 3189
f 3289 3305 3259
f 3259 3305 3275
f 3275 3305 3288
f 3288 3305 3303
f 3303 3305 3320
f 3305 3509 3320
f 3320 3509 3342
f 3342 3509 3360
f 3509 3481 3360
f 3360 3481 3386
f 3389 3386 3481
f 3422 3329 3363
f 869 911 806
f 911 840 806
f 806 840 776
f 840 751 776
f 776 751 725
f 725 751 630
f 315 241 312
f 312 241 329
f 135 146 154
f 154 146 223
f 230 355 241
f 355 343 241
f 343 329 241
f 163 135 154
f 154 230 163
f 230 241 163
f 3619 3556 3536
f 3556 3065 3536
f 3536 3065 3175
f 3175 3065 3048
f 72 91 107
f 91 169 107
f 107 169 209
f 169 463 209
f 209 463 489
f 463 573 489
f 489 573 733
f 573 798 733
f 733 798 1617
f 798 1683 1617
f 1617 1683 1840
f 1683 2046 1840
f 1840 2046 2057
f 2046 2538 2057
f 2057 2538 2954
f 2538 3048 2954
f 3048 3065 2954
f 3556 3619 3618
f 3619 3592 3618
f 3618 3592 3456
f 3592 3490 3456
f 3456 3490 3394
f 3490 3266 3394
f 3394 3266 3136
f 3266 3046 3136
f 3136 3046 3020
f 3046 2001 3020
f 3020 2001 2010
f 2010 2001 1906
f 2001 1642 1906
f 1906 1642 1577
f 1642 826 1577
f 1577 826 674
f 826 677 674
f 677 473 674
f 674 473 400
f 473 363 400
f 400 363 182
f 72 82 91
f 91 82 93
f 82 116 93
f 93 116 240
f 116 182 240
f 182 363 240
f 1443 2030 1873
f 1873 2030 2219
f 2868 2219 2566
f 2219 2030 2566
f 2030 1443 1741
f 1741 1443 1328
f 1328 1443 1565
f 1565 1443 1873
f 1126 1565 1507
f 1565 1873 1507
f 1507 1873 1847
f 1847 1873 1916
f 1873 2219 1916
f 1916 2219 2988
f 2219 2868 2988
f 3211 2988 2868
f 2566 2030 1987
f 2030 1741 1987
f 1741 1328 1987
f 1565 1126 485
f 1987 1328 804
f 1328 1565 622
f 622 1565 621
f 621 1565 485
f 445 485 506
f 485 1126 506
f 506 1126 794
f 1126 1507 794
f 794 1507 1615
f 1507 1847 1615
f 1847 1916 1932
f 1932 1916 2419
f 1916 2988 2419
f 2419 2988 3025
f 2988 3211 3025
f 2998 2868 2566
f 2998 2566 1987
f 1987 804 1891
f 804 1328 622
f 301 445 506
f 506 794 757
f 757 794 1265
f 794 1615 1265
f 1615 1847 1796
f 1847 1932 1796
f 1796 1932 1949
f 1949 1932 2419
f 2419 3025 2935
f 3254 3025 3211
f 2998 1987 2072
f 1987 1891 2072
f 1891 804 738
f 3212 3211 2868
f 2868 2998 2957
f 2957 2998 2072
f 2072 1891 1669
f 1669 1891 900
f 1891 738 900
f 738 804 622
f 485 445 363
f 201 301 508
f 301 506 508
f 508 506 645
f 506 757 645
f 757 1265 645
f 645 1265 913
f 913 1265 1567
f 1265 1615 1567
f 1567 1615 1691
f 1615 1796 1691
f 1796 1949 1691
f 1691 1949 2151
f 1949 2419 2151
f 2151 2419 2459
f 2419 2935 2459
f 2459 2935 3032
f 2935 3025 3032
f 3025 3254 3032
f 3032 3254 3111
f 3111 3254 3340
f 3254 3211 3212
f 3212 2868 2957
f 473 622 621
f 139 201 256
f 201 508 256
f 1567 1691 1686
f 1691 2151 1686
f 1686 2151 1976
f 1976 2151 2198
f 2151 2459 2198
f 2198 2459 2211
f 2211 2459 2944
f 2459 3032 2944
f 2944 3032 3111
f 3111 3340 3559
f 3340 3254 3490
f 3490 3254 3212
f 2072 1669 1664
f 1669 900 1664
f 738 622 473
f 473 621 363
f 621 485 363
f 363 445 240
f 445 301 240
f 301 201 240
f 508 645 741
f 741 645 1537
f 645 913 1537
f 913 1567 1537
f 1537 1567 1745
f 1567 1686 1745
f 1745 1686 1839
f 1686 1976 1839
f 2211 2944 2779
f 2779 2944 3048
f 2944 3111 3048
f 3048 3111 3175
f 3111 3559 3175
f 3175 3559 3536
f 3490 3212 3266
f 3266 3212 3046
f 3212 2957 3046
f 3046 2957 2001
f 2957 2072 2001
f 2072 1664 2001
f 1664 900 826
f 826 900 677
f 900 738 677
f 677 738 473
f 240 201 93
f 201 139 93
f 93 139 91
f 3536 3559 3619
f 3619 3559 3592
f 3559 3340 3592
f 3592 3340 3490
f 2001 1664 1642
f 1642 1664 826
f 91 139 169
f 139 256 169
f 169 256 463
f 256 508 463
f 463 508 573
f 508 741 573
f 573 741 798
f 741 1537 798
f 798 1537 1683
f 1537 1745 1683
f 1745 1839 1683
f 1683 1839 2046
f 1839 1976 2046
f 1976 2198 2046
f 2198 2211 2046
f 2046 2211 2538
f 2211 2779 2538
f 2538 2779 3048
f 708 1511 938
f 938 1511 1606
f 1606 1704 2023
f 1704 1926 2023
f 2023 1926 2444
f 1704 1606 1511
f 1511 708 949
f 949 708 640
f 2470 2444 1926
f 1606 2023 938
f 938 2023 2444
f 3130 2470 3036
f 2470 2952 3036
f 2470 1926 1728
f 1926 1704 1728
f 1728 1704 1511
f 949 640 1156
f 1156 640 652
f 652 640 431
f 708 938 702
f 938 2444 2894
f 2444 2470 3115
f 3115 2470 3130
f 3264 3036 3074
f 3036 2952 3074
f 3074 2952 2835
f 1728 1511 1627
f 1511 949 1627
f 949 1156 1538
f 1538 1156 742
f 1156 652 742
f 652 431 427
f 938 2894 1684
f 2894 2444 3115
f 3317 3264 3074
f 2952 2470 2069
f 2470 1728 2069
f 2069 1728 1790
f 1728 1627 1790
f 1627 949 1538
f 702 938 1380
f 938 1684 1380
f 2835 2952 2069
f 1790 1627 1707
f 1707 1627 1538
f 1538 742 1407
f 1407 742 876
f 876 742 730
f 730 742 512
f 742 652 512
f 652 427 512
f 512 427 448
f 448 427 267
f 267 427 431
f 431 640 182
f 1701 1380 1929
f 1380 1684 1929
f 1929 1684 2894
f 3009 2894 3115
f 3264 3317 3501
f 3501 3317 3459
f 3459 3317 3064
f 3317 3074 3064
f 3064 3074 2979
f 2979 3074 2542
f 3074 2835 2542
f 2835 2069 1934
f 2069 1790 1934
f 1934 1790 1707
f 1707 1538 1695
f 448 267 111
f 182 640 400
f 640 708 400
f 400 708 650
f 708 702 650
f 650 702 1380
f 1929 2894 2750
f 2750 2894 3009
f 3009 3115 3184
f 3184 3115 3130
f 3130 3036 3394
f 3501 3459 3493
f 2249 2542 2182
f 2542 2835 2182
f 2182 2835 1954
f 2835 1934 1954
f 1954 1934 1695
f 1934 1707 1695
f 1695 1538 1407
f 1744 1407 1681
f 1681 1407 1313
f 1407 876 1313
f 1313 876 733
f 876 730 733
f 733 730 623
f 730 512 623
f 623 512 489
f 512 448 489
f 489 448 209
f 448 111 209
f 209 111 107
f 267 431 182
f 650 1380 1577
f 1577 1380 1701
f 3036 3264 3394
f 3394 3264 3456
f 3264 3501 3456
f 3493 3459 3502
f 3502 3459 3065
f 3459 3064 3065
f 3065 3064 2994
f 3064 2979 2994
f 2994 2979 2059
f 2979 2542 2059
f 2542 2249 2059
f 1695 1407 1744
f 107 111 72
f 72 111 82
f 111 267 82
f 82 267 116
f 116 267 182
f 400 650 674
f 674 650 1577
f 1577 1701 1906
f 1701 1929 1906
f 1906 1929 2010
f 1929 2750 2010
f 2010 2750 3020
f 2750 3009 3020
f 3020 3009 3136
f 3009 3184 3136
f 3184 3130 3136
f 3136 3130 3394
f 3501 3493 3456
f 3456 3493 3618
f 3493 3502 3618
f 3618 3502 3556
f 2059 2249 1797
f 2182 1954 1744
f 1954 1695 1744
f 1744 1681 1797
f 1840 1797 1617
f 1797 1681 1617
f 1681 1313 1617
f 1617 1313 733
f 733 623 489
f 3556 3502 3065
f 3065 2994 2954
f 2994 2059 2954
f 2954 2059 2057
f 2057 2059 1840
f 2059 1797 1840
f 2249 2182 1744
f 2249 1744 1797
f 2225 2041 2272
f 2272 2041 2148
f 2148 2041 2117
f 2276 2100 2223
f 2223 2225 2341
f 2341 2225 2272
f 2148 2117 2192
f 2117 2100 2192
f 2192 2100 2276
f 2276 2223 2341
f 2466 2146 2420
f 2146 2351 2420
f 2420 2351 2167
f 2430 2167 2164
f 2167 2056 2164
f 2056 2083 2164
f 2164 2083 2165
f 2083 2146 2165
f 2146 2466 2165
f 2420 2167 2430
f 2487 2412 2749
f 2749 2412 2793
f 2412 2619 2793
f 2793 2619 2441
f 2619 2340 2441
f 2441 2340 2095
f 2095 2487 2749
f 2441 2095 2333
f 2333 2095 2749
f 2808 2775 2844
f 2844 2775 2715
f 2715 2775 2828
f 2775 2727 2828
f 2828 2727 2849
f 2727 2852 2849
f 2849 2852 2848
f 2905 2848 2808
f 2849 2848 2905
f 2905 2808 2844
f 1461 1324 1288
f 1288 1324 1053
f 1324 1403 1053
f 1053 1403 1051
f 1403 1486 1051
f 1051 1486 1444
f 1486 1514 1444
f 1444 1514 1452
f 1514 1461 1452
f 1452 1461 1288
f 1226 1254 1010
f 1010 1254 1260
f 1254 1542 1260
f 1260 1542 1422
f 1542 1496 1422
f 1422 1496 1435
f 1496 1448 1435
f 1435 1448 1010
f 1448 1226 1010
f 1044 1211 944
f 1211 1494 1338
f 1338 1494 1334
f 1494 1385 1334
f 1334 1385 1273
f 944 1211 1338
f 1334 1273 785
f 785 1273 944
f 1273 1044 944
f 1027 892 848
f 848 892 722
f 722 892 844
f 844 851 718
f 849 1027 968
f 722 844 718
f 718 851 759
f 851 849 759
f 759 849 968
f 968 1027 848
f 1248 1102 1118
f 1118 1102 825
f 825 1102 703
f 1102 761 703
f 2315 2787 2220
f 2787 2928 2220
f 2220 2928 2932
f 2932 2928 2960
f 2928 3161 2960
f 2960 3161 3090
f 3161 3177 3090
f 3177 3192 3090
f 3090 3192 3118
f 3192 3143 3118
f 3118 3143 3072
f 3143 3057 3072
f 3072 3057 2990
f 3057 2950 2990
f 2990 2950 2820
f 2820 2950 2641
f 2950 1999 2641
f 2641 1999 1978
f 1999 1874 1978
f 1978 1874 1861
f 1861 1874 1743
f 1874 1599 1743
f 1599 888 1743
f 1743 888 1004
f 888 639 1004
f 1004 639 820
f 639 543 820
f 820 543 655
f 655 543 594
f 543 496 594
f 594 496 575
f 496 500 575
f 500 557 575
f 575 557 627
f 557 703 627
f 627 703 761
f 3271 3279 3377
f 3279 3312 3377
f 3377 3312 3429
f 3312 3344 3429
f 3429 3344 3474
f 3344 3337 3474
f 3337 3399 3474
f 3474 3399 3532
f 3399 3445 3532
f 3532 3445 3543
f 3357 3507 3345
f 3345 3507 3393
f 3507 3543 3393
f 3393 3543 3458
f 3458 3543 3445
f 341 577 526
f 577 720 526
f 526 720 658
f 720 1197 658
f 658 1197 769
f 769 1197 1165
f 1118 1484 1248
f 1248 1484 1547
f 1484 1550 1547
f 1547 1550 1601
f 1550 1549 1601
f 1601 1549 1597
f 1597 1549 1556
f 1549 1562 1556
f 1556 1562 1559
f 1562 1266 1559
f 1559 1266 1602
f 1266 1180 1602
f 1602 1180 1574
f 1574 1180 1390
f 1180 1165 1390
f 1165 1197 1390
f 577 341 395
f 341 293 395
f 395 293 380
f 346 386 274
f 386 319 274
f 274 319 188
f 319 289 188
f 188 289 161
f 289 282 161
f 161 282 160
f 282 328 160
f 160 328 204
f 328 354 204
f 204 354 258
f 354 380 258
f 258 380 293
f 2220 2052 2315
f 2315 2052 2071
f 2052 2040 2071
f 2071 2040 2047
f 2040 2002 2047
f 2047 2002 2054
f 2002 2044 2054
f 2054 2044 2035
f 2044 1994 2035
f 2035 1994 2034
f 1994 2020 2034
f 2034 2020 2067
f 2020 2134 2067
f 2067 2134 2673
f 2134 2694 2673
f 2673 2694 2920
f 2694 2983 2920
f 2920 2983 3163
f 2983 3279 3163
f 3163 3279 3271
f 386 346 409
f 346 397 409
f 409 397 480
f 397 435 480
f 435 495 480
f 480 495 555
f 495 660 555
f 555 660 721
f 660 814 721
f 721 814 930
f 814 1474 930
f 930 1474 1524
f 1474 1702 1524
f 1524 1702 1802
f 1702 1907 1802
f 1802 1907 1900
f 1907 2114 1900
f 1900 2114 2064
f 2114 2878 2064
f 2064 2878 2774
f 2878 3033 2774
f 2774 3033 2971
f 3033 3117 2971
f 2971 3117 3138
f 3117 3233 3138
f 3138 3233 3215
f 3215 3233 3229
f 3233 3332 3229
f 3332 3357 3229
f 3229 3357 3345
f 2987 3034 2915
f 2712 2546 2091
f 2546 1985 2091
f 867 731 812
f 731 867 734
f 734 867 1038
f 867 1357 1038
f 1038 1357 1564
f 1357 1595 1564
f 1564 1595 1725
f 1595 1737 1725
f 1737 1811 1725
f 1811 1899 1725
f 2546 2712 2795
f 2712 2915 2795
f 2987 3054 3034
f 3054 2987 3116
f 1985 1899 1811
f 812 731 651
f 651 541 535
f 541 651 643
f 643 651 731
f 716 731 734
f 1899 1985 2015
f 1985 2546 2015
f 2795 2915 3013
f 2915 3034 3013
f 3034 3054 3106
f 3054 3116 3156
f 812 651 617
f 651 535 617
f 541 643 436
f 643 731 716
f 3034 3106 3202
f 3202 3106 3260
f 3054 3156 3205
f 2987 2915 3116
f 867 812 755
f 755 812 617
f 535 541 487
f 487 541 475
f 541 436 504
f 3260 3106 3218
f 3106 3054 3205
f 3156 3116 3099
f 3116 2915 2939
f 2939 2915 2581
f 2915 2712 2581
f 2581 2712 2091
f 1811 1737 1747
f 1737 1595 1747
f 535 487 552
f 465 475 504
f 475 541 504
f 3013 3034 3201
f 3034 3202 3201
f 3190 3205 3156
f 2581 2091 2110
f 2110 2091 1963
f 2091 1985 1963
f 1963 1985 1858
f 1985 1811 1858
f 1811 1747 1858
f 1747 1595 1640
f 1595 1357 1640
f 1640 1357 1503
f 1357 867 1503
f 1503 867 980
f 980 867 787
f 867 755 787
f 617 535 552
f 1038 1564 1481
f 1481 1564 1710
f 1564 1725 1710
f 1710 1725 1804
f 1725 1899 1804
f 1899 2015 2103
f 2015 2546 2103
f 3260 3218 3230
f 3230 3218 3236
f 3236 3218 3245
f 3218 3106 3231
f 3106 3205 3231
f 3205 3190 3231
f 3190 3156 3164
f 3099 3116 2939
f 617 552 582
f 552 487 522
f 509 487 472
f 472 487 474
f 487 475 474
f 455 465 437
f 437 465 504
f 504 436 377
f 493 643 716
f 1804 1899 1905
f 1899 2103 1905
f 2546 2795 2959
f 2795 3013 2959
f 3236 3245 3263
f 3245 3218 3231
f 3231 3190 3199
f 3199 3190 3169
f 3169 3190 3178
f 3178 3190 3176
f 3190 3164 3176
f 3164 3156 3148
f 3156 3099 3148
f 3099 2939 3026
f 787 755 695
f 695 755 637
f 755 617 637
f 637 617 582
f 522 487 510
f 487 509 510
f 509 472 490
f 474 475 465
f 437 504 377
f 436 643 381
f 381 643 493
f 734 1038 830
f 830 1038 1481
f 2103 2546 2857
f 2546 2959 2857
f 3201 3202 3223
f 3202 3260 3223
f 3245 3231 3228
f 3231 3199 3228
f 472 474 462
f 474 465 462
f 462 465 452
f 465 455 452
f 447 455 398
f 377 436 345
f 345 436 376
f 436 381 376
f 493 716 568
f 716 734 568
f 568 734 686
f 734 830 686
f 2959 3013 3109
f 3109 3013 3201
f 3347 3223 3260
f 3236 3263 3349
f 3263 3245 3252
f 3252 3245 3228
f 3228 3199 3158
f 2110 1963 1995
f 1995 1963 1858
f 1858 1747 1736
f 1736 1747 1640
f 510 509 499
f 499 509 490
f 619 490 654
f 654 490 477
f 490 472 477
f 472 462 477
f 452 455 447
f 398 455 437
f 3347 3260 3230
f 3263 3252 3349
f 3262 3252 3238
f 3252 3228 3238
f 3238 3228 3158
f 3158 3199 3102
f 3102 3199 3169
f 2939 2581 2902
f 2581 2110 2242
f 2242 2110 1995
f 1995 1858 1876
f 1876 1858 1736
f 1736 1640 1603
f 1603 1640 1352
f 1640 1503 1352
f 1352 1503 980
f 499 490 560
f 490 619 560
f 477 462 452
f 398 437 311
f 437 377 311
f 377 345 311
f 568 686 659
f 659 686 830
f 830 1481 1457
f 1457 1481 1710
f 1804 1905 1909
f 1905 2103 1909
f 1909 2103 2142
f 2103 2857 2142
f 2857 2959 3018
f 2959 3109 3018
f 3347 3230 3496
f 3496 3230 3402
f 3230 3236 3402
f 3236 3349 3402
f 3252 3262 3327
f 3327 3262 3258
f 3262 3238 3203
f 3203 3238 3102
f 3238 3158 3102
f 3102 3169 3084
f 3084 3169 3154
f 3154 3169 3178
f 2902 2581 2242
f 654 477 505
f 477 452 505
f 452 447 505
f 505 447 428
f 447 398 401
f 181 345 376
f 1457 1710 1801
f 1710 1804 1801
f 3223 3347 3419
f 3349 3252 3327
f 3258 3262 3187
f 3262 3203 3187
f 3187 3203 3098
f 3203 3102 3098
f 3098 3102 3084
f 3026 2939 3057
f 3057 2939 2902
f 609 619 726
f 726 619 654
f 678 654 648
f 654 505 648
f 648 505 497
f 505 428 497
f 497 428 470
f 447 401 428
f 401 398 311
f 311 345 181
f 181 376 195
f 195 376 381
f 381 493 446
f 446 493 533
f 493 568 533
f 533 568 659
f 659 830 809
f 809 830 1457
f 1804 1909 1801
f 2142 2857 2883
f 2857 3018 2883
f 3018 3109 3155
f 3109 3201 3155
f 3155 3201 3251
f 3201 3223 3251
f 3251 3223 3310
f 3310 3223 3419
f 3419 3347 3496
f 3402 3349 3350
f 3349 3327 3350
f 3214 3258 3162
f 3258 3187 3162
f 3162 3187 3113
f 3113 3187 3058
f 3187 3098 3058
f 3058 3098 3000
f 3098 3084 3000
f 3000 3084 3004
f 3004 3084 3120
f 3178 3176 3191
f 3164 3148 3174
f 1352 980 750
f 980 787 750
f 750 787 695
f 726 654 693
f 654 678 693
f 648 497 692
f 692 497 572
f 497 470 572
f 3535 3496 3402
f 3272 3214 3100
f 3214 3162 3100
f 3100 3162 3047
f 3162 3113 3047
f 3084 3154 3120
f 3167 3154 3178
f 3191 3176 3195
f 3195 3176 3164
f 499 560 501
f 501 560 569
f 560 619 569
f 569 619 609
f 693 678 724
f 678 648 724
f 724 648 692
f 692 572 616
f 539 616 572
f 572 470 539
f 428 396 470
f 396 428 273
f 428 401 273
f 401 311 273
f 311 174 273
f 311 181 174
f 174 181 165
f 165 181 195
f 195 381 331
f 381 446 331
f 3419 3496 3511
f 3496 3535 3511
f 3511 3535 3552
f 3327 3258 3362
f 3258 3214 3362
f 3362 3214 3272
f 3272 3100 3134
f 3134 3100 3039
f 3039 3100 2889
f 3100 3047 2889
f 2889 3047 2798
f 3047 3113 2798
f 3113 3058 2798
f 2798 3058 2644
f 2644 3058 2786
f 3058 3000 2786
f 2786 3000 2901
f 3000 3004 2901
f 2901 3004 2989
f 3120 3154 3167
f 3167 3178 3191
f 3195 3164 3174
f 3174 3148 3099
f 637 582 579
f 579 582 518
f 582 552 518
f 552 522 518
f 518 522 491
f 522 510 491
f 491 510 501
f 510 499 501
f 796 726 1026
f 726 693 1026
f 1026 693 910
f 693 724 910
f 724 692 1053
f 1053 692 1028
f 1028 692 803
f 692 616 803
f 803 616 699
f 616 539 699
f 470 396 539
f 3251 3310 3369
f 3310 3419 3369
f 3369 3419 3511
f 3535 3402 3549
f 3549 3402 3350
f 3134 3039 2986
f 2889 2798 2420
f 2901 2989 2860
f 3095 3004 3120
f 2950 2902 2242
f 695 637 639
f 637 579 639
f 697 609 726
f 1438 724 1053
f 1028 803 1010
f 699 539 476
f 476 539 396
f 160 273 174
f 174 165 160
f 162 165 330
f 165 195 330
f 195 331 330
f 533 659 660
f 659 809 660
f 1457 1801 1702
f 1801 1909 1907
f 1907 1909 2142
f 2883 3018 3033
f 3033 3018 3155
f 3369 3511 3523
f 3511 3552 3523
f 3544 3523 3552
f 3552 3535 3549
f 2986 2849 2905
f 2986 3039 2849
f 3039 2889 2849
f 2849 2889 2793
f 2889 2749 2793
f 2165 2466 2653
f 2466 2420 2653
f 2420 2798 2653
f 2653 2798 2150
f 2798 2341 2272
f 2341 2798 2276
f 2798 2644 2276
f 2644 2786 2177
f 2177 2786 2901
f 2989 3004 3095
f 3095 3120 3161
f 3120 3167 3161
f 3174 3099 3143
f 3099 3026 3143
f 2242 1995 1999
f 1999 1995 1876
f 1874 1876 1736
f 1736 1603 1599
f 1599 1603 1352
f 750 695 639
f 491 501 500
f 569 609 697
f 726 796 697
f 796 1026 1411
f 910 724 1438
f 1438 1053 1051
f 1010 803 1338
f 1338 803 944
f 944 803 785
f 803 699 785
f 785 699 759
f 699 718 759
f 718 699 546
f 699 476 546
f 443 476 320
f 476 396 320
f 396 273 320
f 320 273 204
f 204 273 160
f 161 165 188
f 165 162 188
f 330 331 394
f 331 446 394
f 394 446 464
f 446 533 464
f 464 533 553
f 533 660 553
f 660 809 814
f 809 1457 814
f 814 1457 1474
f 1457 1702 1474
f 1702 1801 1907
f 1907 2142 2114
f 2114 2142 2878
f 2142 2883 2878
f 2878 2883 3033
f 3033 3155 3140
f 3140 3155 3234
f 3155 3251 3234
f 3234 3251 3296
f 3251 3369 3296
f 3369 3523 3296
f 3296 3523 3513
f 3523 3544 3513
f 3544 3552 3549
f 3532 3350 3474
f 3350 3327 3474
f 3362 3272 3375
f 3375 3272 3256
f 3272 3134 3256
f 3134 2986 3256
f 3163 3256 2926
f 3256 2986 2926
f 2926 2986 2905
f 2828 2849 2441
f 2849 2793 2441
f 2749 2889 2430
f 2889 2420 2430
f 2150 2798 2272
f 2276 2644 2192
f 2192 2644 2177
f 2071 2901 2315
f 2901 2860 2315
f 3192 3195 3174
f 2950 2242 1999
f 1874 1736 1599
f 1599 1352 888
f 888 1352 750
f 579 518 543
f 496 518 491
f 500 501 569
f 1288 1053 1266
f 1053 1028 1266
f 1028 1010 1260
f 1010 1338 1435
f 722 718 546
f 389 443 320
f 160 165 161
f 274 188 296
f 188 162 296
f 162 330 296
f 296 330 394
f 3296 3513 3448
f 3357 3448 3507
f 3448 3513 3507
f 3513 3544 3507
f 3549 3350 3532
f 3474 3327 3429
f 3327 3362 3429
f 3429 3362 3375
f 2926 2905 2844
f 2715 2828 2441
f 2441 2333 2430
f 2333 2749 2430
f 2164 2165 2034
f 2165 2653 2034
f 2034 2653 2150
f 2272 2148 2150
f 2148 2192 2150
f 2177 2901 2071
f 3167 3191 3177
f 3177 3191 3192
f 3191 3195 3192
f 3143 3026 3057
f 1999 1876 1874
f 639 579 543
f 543 518 496
f 496 491 500
f 557 569 697
f 1411 1026 910
f 1438 1051 1444
f 1452 1288 1266
f 1028 1260 1266
f 1260 1422 1266
f 1266 1422 1435
f 1338 1334 1180
f 1334 785 1180
f 1180 785 968
f 785 759 968
f 476 443 546
f 526 389 341
f 341 389 293
f 389 320 293
f 293 320 258
f 258 320 204
f 274 296 346
f 346 296 397
f 296 394 397
f 397 394 435
f 394 464 435
f 435 464 495
f 464 553 495
f 553 660 495
f 3033 3140 3117
f 3140 3234 3117
f 3117 3234 3233
f 3234 3296 3233
f 3233 3296 3332
f 3296 3448 3332
f 3332 3448 3357
f 3507 3544 3543
f 3544 3549 3543
f 3543 3549 3532
f 3429 3375 3377
f 3375 3256 3377
f 3377 3256 3271
f 3271 3256 3163
f 3163 2926 2920
f 2920 2926 2673
f 2926 2844 2673
f 2844 2715 2673
f 2673 2715 2067
f 2715 2441 2067
f 2441 2430 2067
f 2067 2430 2034
f 2430 2164 2034
f 2034 2150 2035
f 2150 2192 2035
f 2035 2192 2054
f 2192 2177 2054
f 2054 2177 2047
f 2177 2071 2047
f 2315 2860 2787
f 2787 2860 2928
f 2860 2989 2928
f 2989 3095 2928
f 2928 3095 3161
f 3161 3167 3177
f 3192 3174 3143
f 3057 2902 2950
f 888 750 639
f 500 569 557
f 557 697 703
f 697 796 703
f 703 796 825
f 825 796 1118
f 796 1411 1118
f 1118 1411 1484
f 1484 1411 1550
f 1411 910 1550
f 910 1438 1550
f 1550 1438 1549
f 1438 1444 1549
f 1549 1444 1562
f 1444 1452 1562
f 1452 1266 1562
f 1266 1435 1180
f 1435 1338 1180
f 1180 968 1165
f 968 848 1165
f 848 722 1165
f 1165 722 769
f 658 769 546
f 769 722 546
f 389 526 443
f 526 658 443
f 443 658 546
f 1806 1883 1809
f 2984 2887 3129
f 3129 2887 2969
f 2337 1960 2003
f 2003 1960 1883
f 1806 1651 1610
f 1610 1651 1267
f 673 760 669
f 669 760 817
f 760 860 817
f 1245 1267 1560
f 1267 1651 1560
f 1651 1806 1809
f 1809 1883 1851
f 1851 1883 1960
f 1960 2337 2028
f 2028 2337 2755
f 2337 2832 2755
f 2832 2969 2755
f 2755 2969 2887
f 2887 2984 3043
f 641 760 673
f 1267 1245 866
f 1245 860 866
f 866 860 736
f 860 760 736
f 3043 2984 3114
f 2984 3086 3114
f 3086 2984 3166
f 3166 2984 3129
f 3129 2969 2958
f 2958 2969 2832
f 1806 1610 1720
f 669 817 717
f 717 817 860
f 2755 2887 2976
f 2976 2887 3043
f 3077 3043 3103
f 3103 3043 3114
f 3114 3086 3160
f 3086 3166 3165
f 591 641 590
f 641 673 590
f 590 673 585
f 717 860 998
f 860 1245 998
f 998 1245 1277
f 1245 1560 1277
f 2755 2976 2937
f 3144 3086 3165
f 2832 2337 2751
f 2751 2337 2029
f 2337 2003 2029
f 2029 2003 1883
f 1883 1806 1720
f 1720 1610 1575
f 1610 1267 1575
f 1575 1267 1002
f 1267 866 1002
f 1002 866 735
f 735 866 736
f 736 760 635
f 760 641 635
f 635 641 532
f 641 591 532
f 532 591 525
f 585 673 608
f 608 673 669
f 829 717 998
f 1651 1809 1810
f 1809 1851 1810
f 2028 2755 2226
f 2755 2937 2226
f 3217 3144 3165
f 561 585 608
f 829 998 1277
f 1277 1560 1558
f 1558 1560 1667
f 1560 1651 1667
f 1667 1651 1810
f 1851 1960 1935
f 1960 2028 1935
f 1935 2028 2053
f 2028 2226 2053
f 2976 3043 3007
f 3043 3077 3007
f 3132 3103 3145
f 3103 3114 3145
f 3114 3160 3145
f 3086 3144 3160
f 3207 3144 3217
f 532 525 486
f 486 525 441
f 441 525 521
f 521 525 547
f 525 591 547
f 591 590 547
f 547 590 548
f 590 585 548
f 585 561 548
f 608 669 638
f 638 669 665
f 669 717 665
f 717 829 665
f 1810 1851 1813
f 1851 1935 1813
f 2937 2976 3007
f 3077 3103 3083
f 3160 3144 3180
f 3144 3207 3180
f 3165 3166 3220
f 3166 3129 3227
f 3227 3129 3107
f 3129 2958 3107
f 3107 2958 3021
f 3021 2958 2949
f 2958 2832 2949
f 2949 2832 2751
f 2029 1883 1898
f 1883 1720 1898
f 736 635 528
f 548 561 529
f 529 561 571
f 561 608 595
f 595 608 620
f 665 829 752
f 2226 2937 2965
f 2965 2937 3007
f 3007 3077 3083
f 3083 3103 3097
f 3097 3103 3112
f 3103 3132 3112
f 3112 3132 3139
f 3132 3145 3139
f 3139 3145 3172
f 3145 3160 3172
f 3172 3160 3180
f 3166 3227 3220
f 735 736 601
f 601 736 528
f 528 635 420
f 420 635 532
f 441 521 384
f 384 521 514
f 521 547 515
f 515 547 524
f 547 548 524
f 524 548 529
f 2820 2226 2965
f 3180 3207 3173
f 3207 3217 3352
f 3316 3165 3220
f 1898 1720 1803
f 1803 1720 1712
f 1720 1575 1712
f 1575 1002 950
f 1002 735 950
f 532 486 336
f 460 384 514
f 514 521 515
f 524 529 538
f 529 571 538
f 538 571 644
f 644 571 607
f 571 561 595
f 752 829 1277
f 1810 1813 1749
f 1749 1813 1857
f 1857 1813 1935
f 3097 3112 3089
f 3089 3112 3035
f 3035 3112 3031
f 3031 3112 3078
f 3112 3139 3078
f 3139 3172 3078
f 3172 3180 3078
f 3078 3180 3173
f 3173 3207 3249
f 3217 3165 3352
f 3352 3165 3316
f 420 532 336
f 379 441 384
f 514 515 593
f 515 524 593
f 524 538 593
f 538 644 593
f 607 571 595
f 1558 1667 1638
f 1638 1667 1749
f 1667 1810 1749
f 2053 2226 2526
f 2526 2226 2820
f 3031 3078 3029
f 3029 3078 3150
f 3078 3173 3150
f 3150 3173 3159
f 3173 3249 3159
f 3159 3249 3232
f 3249 3207 3352
f 336 486 340
f 340 486 379
f 486 441 379
f 460 514 513
f 513 514 542
f 514 593 542
f 542 593 653
f 593 644 653
f 653 644 684
f 684 644 634
f 634 644 607
f 620 608 638
f 1857 1935 1977
f 1977 1935 2118
f 1935 2053 2118
f 2118 2053 2526
f 3063 3007 3083
f 3035 3031 3002
f 2946 3031 3029
f 3029 3150 3076
f 3150 3159 3076
f 3076 3159 3168
f 3159 3232 3168
f 3282 3220 3227
f 3021 2949 2982
f 2982 2949 2751
f 950 735 704
f 735 601 704
f 528 420 402
f 420 336 402
f 523 513 559
f 513 542 559
f 559 542 653
f 684 634 754
f 752 1277 1498
f 1277 1558 1498
f 1498 1558 1638
f 3035 3002 3010
f 3002 3031 2943
f 3031 2946 2943
f 2946 3029 2895
f 2895 3029 2931
f 3029 3076 2931
f 2931 3076 3088
f 3076 3168 3088
f 3088 3168 3133
f 3285 3249 3352
f 3352 3316 3391
f 3316 3220 3282
f 3282 3227 3186
f 3227 3107 3186
f 3186 3107 3092
f 3107 3021 3092
f 3092 3021 2982
f 2751 2029 2068
f 2068 2029 1901
f 2029 1898 1901
f 1898 1803 1901
f 601 528 502
f 528 402 502
f 384 460 411
f 411 460 393
f 531 523 586
f 523 559 586
f 586 559 743
f 559 653 743
f 743 653 715
f 715 653 823
f 653 684 823
f 823 684 754
f 754 634 666
f 2820 2965 2990
f 3010 3002 2967
f 2967 3002 2943
f 2931 3088 3037
f 3088 3133 3037
f 3285 3352 3391
f 1712 1575 1520
f 1520 1575 950
f 379 384 327
f 327 384 411
f 460 513 393
f 513 523 393
f 531 586 642
f 642 586 705
f 705 586 743
f 823 754 799
f 754 666 799
f 666 634 602
f 607 595 576
f 698 665 752
f 1638 1749 1743
f 1743 1749 1857
f 2990 2965 3027
f 2965 3007 3027
f 3027 3007 3063
f 3063 3083 3104
f 3104 3083 3097
f 3121 3097 3089
f 3105 3089 3085
f 3089 3035 3085
f 3085 3035 3010
f 2946 2895 2529
f 2529 2895 2048
f 2048 2895 2279
f 2895 2931 2279
f 2279 2931 2663
f 2931 3037 2663
f 2663 3037 2912
f 2912 3037 2999
f 3037 3133 2999
f 2999 3133 3067
f 3457 3391 3410
f 3391 3316 3410
f 3316 3282 3410
f 2982 2751 2774
f 2751 2068 2774
f 402 336 298
f 336 340 298
f 298 340 272
f 272 340 327
f 340 379 327
f 393 523 531
f 531 642 580
f 580 642 712
f 712 642 779
f 642 705 779
f 779 705 877
f 705 743 877
f 877 743 1280
f 743 715 1280
f 715 823 970
f 970 823 1491
f 1491 823 1230
f 823 799 1230
f 634 607 602
f 602 607 584
f 584 607 576
f 595 620 578
f 578 620 698
f 620 638 698
f 638 665 698
f 3104 3097 3121
f 3121 3089 3105
f 2967 2943 2771
f 2771 2943 2519
f 2943 2946 2519
f 2946 2529 2519
f 3067 3133 3149
f 3133 3168 3149
f 3168 3232 3149
f 3249 3285 3232
f 3285 3391 3457
f 3410 3282 3287
f 3282 3186 3287
f 3287 3186 3188
f 3186 3092 3188
f 3188 3092 3075
f 3092 2982 3075
f 1901 1803 1802
f 1802 1803 1712
f 1520 950 930
f 930 950 704
f 704 601 599
f 599 601 503
f 601 502 503
f 503 502 407
f 502 402 407
f 407 402 298
f 531 580 520
f 712 779 1318
f 1280 715 1332
f 1332 715 970
f 576 595 578
f 1861 1857 1977
f 2279 2225 2048
f 2048 2225 2223
f 2279 2663 2351
f 2167 2351 2663
f 2663 2912 2487
f 2487 2912 2619
f 2619 2912 2183
f 2183 2912 2852
f 2852 2912 2848
f 2912 2999 2848
f 2848 2999 2808
f 2808 2999 2918
f 2999 3067 2918
f 3457 3410 3423
f 3410 3287 3423
f 3075 2982 2971
f 2982 2774 2971
f 2068 1901 1900
f 1901 1802 1900
f 930 704 721
f 721 704 599
f 407 298 326
f 326 298 322
f 298 272 322
f 580 712 767
f 712 851 767
f 767 851 844
f 851 712 849
f 1318 779 1044
f 1211 1044 1189
f 1044 779 1189
f 779 877 1189
f 1189 877 1226
f 1226 877 1254
f 1254 877 1280
f 1280 1332 1324
f 1403 1324 1332
f 698 752 820
f 752 1498 820
f 820 1498 1004
f 1004 1498 1743
f 1498 1638 1743
f 2519 2529 2040
f 2048 2223 2100
f 2225 2279 2041
f 2041 2279 1994
f 1994 2279 2146
f 2279 2351 2146
f 2412 2487 2619
f 2340 2619 2183
f 2183 2852 2727
f 2983 2918 3157
f 2918 3067 3157
f 3067 3149 3157
f 3157 3149 3312
f 3149 3232 3312
f 3232 3285 3337
f 3337 3285 3399
f 3445 3285 3457
f 3373 3423 3287
f 2774 2068 2064
f 2068 1900 2064
f 1802 1712 1524
f 1712 1520 1524
f 1524 1520 930
f 289 322 272
f 272 327 282
f 282 327 411
f 328 411 354
f 411 393 354
f 393 531 424
f 531 520 424
f 424 520 482
f 520 580 482
f 482 580 720
f 720 580 767
f 767 844 892
f 849 712 1318
f 1318 1044 1273
f 1189 1226 1448
f 1280 1324 1559
f 1559 1324 1461
f 1403 1332 1486
f 1332 970 1597
f 1230 799 1102
f 655 698 820
f 1861 1977 1978
f 1977 2118 1978
f 1978 2118 2641
f 2118 2526 2641
f 2641 2526 2820
f 2960 3010 2967
f 2529 2048 2002
f 2048 2100 2044
f 2100 2117 2044
f 2044 2117 2041
f 2146 2083 1994
f 1994 2083 2056
f 2167 2663 2056
f 2056 2663 2487
f 2095 2340 2020
f 2020 2340 2183
f 2727 2775 2183
f 2775 2808 2918
f 3312 3232 3344
f 3344 3232 3337
f 3399 3285 3445
f 3445 3457 3458
f 3458 3457 3393
f 3457 3423 3393
f 3423 3373 3393
f 3345 3393 3324
f 3393 3373 3324
f 3324 3373 3215
f 3373 3287 3215
f 407 326 459
f 459 326 361
f 326 322 361
f 361 322 319
f 322 289 319
f 272 282 289
f 282 411 328
f 354 393 380
f 393 424 380
f 424 482 395
f 892 1027 767
f 1027 849 1318
f 1318 1273 1574
f 1273 1385 1574
f 1574 1385 1494
f 1211 1189 1494
f 1189 1448 1602
f 1448 1496 1602
f 1496 1542 1602
f 1542 1254 1280
f 1461 1514 1559
f 1559 1514 1556
f 1514 1486 1556
f 1486 1332 1556
f 1556 1332 1597
f 970 1491 1597
f 1491 1230 1547
f 1547 1230 1248
f 1230 1102 1248
f 1102 799 761
f 799 666 761
f 761 666 627
f 666 602 627
f 602 584 627
f 627 584 575
f 584 576 575
f 578 698 594
f 594 698 655
f 1743 1857 1861
f 2990 3027 3072
f 3027 3063 3072
f 3072 3063 3104
f 3104 3121 3118
f 3118 3121 3090
f 3121 3105 3090
f 3105 3085 3090
f 3085 3010 2960
f 2771 2519 2220
f 2519 2040 2220
f 2040 2529 2002
f 2048 2044 2002
f 2041 1994 2044
f 2056 2487 1994
f 1994 2487 2020
f 2487 2095 2020
f 2020 2183 2134
f 2183 2775 2134
f 2775 2918 2134
f 2134 2918 2694
f 2918 2983 2694
f 2983 3157 3279
f 3279 3157 3312
f 3345 3324 3229
f 3324 3215 3229
f 3287 3188 3215
f 3215 3188 3138
f 3188 3075 3138
f 3075 2971 3138
f 721 599 555
f 599 503 555
f 555 503 480
f 503 407 480
f 407 459 480
f 459 361 480
f 480 361 409
f 361 319 409
f 409 319 386
f 380 424 395
f 395 482 577
f 482 720 577
f 720 767 1197
f 767 1027 1197
f 1197 1027 1390
f 1027 1318 1390
f 1390 1318 1574
f 1494 1189 1574
f 1574 1189 1602
f 1542 1280 1602
f 1602 1280 1559
f 1597 1491 1601
f 1491 1547 1601
f 576 578 575
f 575 578 594
f 3072 3104 3118
f 3090 3085 2960
f 2960 2967 2932
f 2967 2771 2932
f 2932 2771 2220
f 2220 2040 2052
f 3323 3300 3299
f 3299 3300 3265
f 3300 3301 3265
f 3301 3328 3265
f 3265 3328 3290
f 3611 3574 3624
f 3574 3614 3624
f 3624 3614 3656
f 3614 3615 3656
f 3656 3615 3655
f 3615 3564 3655
f 3655 3564 3607
f 3564 3380 3607
f 3607 3380 3486
f 3380 3290 3486
f 3486 3290 3328
f 3269 3321 3302
f 3321 3359 3302
f 3302 3359 3286
f 3359 3370 3286
f 3286 3370 3319
f 3299 3330 3323
f 3323 3330 3385
f 3385 3330 3464
f 3330 3354 3464
f 3464 3354 3482
f 3354 3346 3482
f 3482 3346 3468
f 3468 3346 3427
f 3346 3319 3427
f 3427 3319 3370
f 802 795 850
f 850 795 1179
f 2846 2443 2898
f 2898 2443 2733
f 2443 2065 2733
f 2733 2065 2243
f 2065 1950 2243
f 2243 1950 1864
f 1950 1854 1864
f 1854 1755 1864
f 1864 1755 1819
f 1819 1755 1616
f 1755 1658 1616
f 1616 1658 1366
f 1658 1522 1366
f 1366 1522 957
f 1522 1179 957
f 1179 795 957
f 374 458 405
f 405 458 483
f 483 458 646
f 458 605 646
f 605 592 646
f 646 592 618
f 592 562 618
f 618 562 583
f 583 562 636
f 562 517 636
f 636 517 556
f 517 545 556
f 556 545 668
f 545 597 668
f 668 597 711
f 597 598 711
f 711 598 662
f 662 598 728
f 598 694 728
f 694 676 728
f 728 676 802
f 676 723 802
f 802 723 795
f 369 313 422
f 422 313 366
f 313 278 366
f 366 278 337
f 278 242 337
f 337 242 348
f 242 264 348
f 348 264 378
f 264 304 378
f 304 308 378
f 378 308 408
f 308 323 408
f 323 333 408
f 374 405 333
f 405 408 333
f 422 438 369
f 369 438 387
f 387 438 367
f 438 432 367
f 432 391 367
f 367 391 288
f 391 185 288
f 288 185 142
f 142 185 59
f 185 94 59
f 94 80 59
f 59 80 25
f 25 80 57
f 80 96 57
f 96 125 57
f 57 125 50
f 76 50 125
f 1805 1607 1621
f 1621 1607 1291
f 3542 3313 3281
f 3313 3183 3281
f 3281 3183 3006
f 807 624 688
f 688 624 628
f 628 624 370
f 624 353 370
f 370 353 254
f 1291 1607 1171
f 1805 1867 1607
f 1607 1867 1735
f 1867 1805 1865
f 3616 3542 3485
f 3485 3542 3281
f 3183 2876 3006
f 370 254 133
f 807 1291 764
f 1291 1171 764
f 1594 1877 1730
f 1730 1877 1726
f 1877 1878 1726
f 1726 1878 1727
f 1727 1812 1731
f 1812 1871 1731
f 1731 1871 1738
f 1866 1738 1871
f 1812 1727 1878
f 1735 1867 1998
f 1867 1865 1998
f 1865 2258 1998
f 2258 2876 1998
f 1998 2876 2911
f 2876 3183 2911
f 2911 3183 3023
f 3542 3616 3598
f 3283 3281 3061
f 3281 3006 3061
f 3061 3006 3142
f 3142 3006 2876
f 688 628 551
f 45 133 60
f 133 254 60
f 254 375 60
f 60 375 110
f 254 353 375
f 353 624 406
f 406 624 570
f 570 624 667
f 624 807 667
f 807 764 667
f 1607 1735 1594
f 1726 1727 1589
f 1589 1727 1612
f 1727 1731 1612
f 1731 1738 1612
f 1612 1738 1625
f 1986 1866 1991
f 1866 1871 1991
f 1871 1812 1991
f 1991 1812 2013
f 1812 1878 2013
f 2013 1878 2601
f 1878 1877 2601
f 2601 1877 2011
f 1877 1594 2011
f 2011 1594 2005
f 1594 1735 2005
f 1735 1998 2005
f 2005 1998 2434
f 3023 3183 3313
f 3313 3542 3309
f 3309 3542 3598
f 3522 3598 3545
f 3598 3616 3638
f 3485 3281 3283
f 3142 2876 2963
f 2876 2258 2963
f 2963 2258 2135
f 2258 1865 2135
f 2135 1865 1852
f 1865 1805 1852
f 1852 1805 1756
f 1805 1621 1756
f 1756 1621 862
f 1621 1291 862
f 1291 807 862
f 807 688 862
f 628 370 551
f 551 370 451
f 370 133 292
f 292 133 77
f 133 45 77
f 60 110 122
f 110 248 122
f 248 214 122
f 122 214 177
f 275 177 214
f 248 110 375
f 1607 1594 1171
f 1171 1594 1083
f 1594 1730 1083
f 1730 1726 1083
f 1083 1726 1068
f 1726 1589 1068
f 1068 1589 1089
f 1589 1612 1089
f 1089 1612 1237
f 1237 1612 1299
f 1612 1625 1299
f 1299 1625 1619
f 1619 1625 1742
f 1625 1738 1742
f 1738 1866 1862
f 1866 1986 1862
f 1862 1986 1988
f 1988 1986 2216
f 2216 1986 2255
f 1986 1991 2255
f 2255 1991 2382
f 2382 1991 2532
f 1991 2013 2532
f 2532 2013 2601
f 2011 2005 2434
f 2434 1998 2911
f 3023 3313 3309
f 3522 3494 3460
f 3460 3494 3440
f 3440 3494 3466
f 3464 3494 3433
f 3433 3494 3521
f 3494 3522 3521
f 3522 3545 3521
f 3545 3598 3620
f 3620 3598 3641
f 3598 3638 3641
f 3641 3638 3657
f 3657 3638 3628
f 3638 3616 3628
f 3616 3485 3628
f 862 688 707
f 688 551 707
f 77 45 48
f 48 45 36
f 36 45 21
f 45 60 21
f 21 60 64
f 60 122 64
f 64 122 121
f 122 177 121
f 121 177 255
f 255 177 342
f 342 177 278
f 177 275 278
f 278 275 268
f 353 406 375
f 764 1171 740
f 1171 1083 740
f 740 1083 729
f 1083 1068 729
f 1068 1089 729
f 729 1089 793
f 1089 1237 793
f 1237 1299 793
f 793 1299 878
f 878 1299 957
f 957 1299 1366
f 1366 1299 1619
f 1738 1862 1742
f 1988 2216 2243
f 2243 2216 2733
f 2733 2216 2823
f 2216 2255 2823
f 2823 2255 2897
f 2255 2382 2897
f 2897 2382 2934
f 2382 2532 2934
f 2934 2532 2948
f 2532 2601 2948
f 2948 2601 2953
f 2601 2011 2953
f 2953 2011 2923
f 2011 2434 2923
f 2434 2911 2923
f 2911 3023 2923
f 2923 3023 3041
f 3041 3023 3123
f 3023 3309 3123
f 3123 3309 3248
f 3309 3598 3248
f 3598 3522 3248
f 3248 3522 3460
f 3466 3494 3464
f 3464 3433 3385
f 3371 3385 3433
f 3486 3433 3500
f 3433 3521 3500
f 3521 3545 3620
f 3283 3061 3142
f 1633 1756 862
f 451 370 292
f 64 121 130
f 304 268 275
f 308 275 333
f 275 214 333
f 214 248 333
f 333 248 362
f 248 375 362
f 362 375 458
f 375 406 458
f 458 406 605
f 406 570 605
f 570 667 605
f 667 764 606
f 764 740 606
f 606 740 596
f 740 729 596
f 596 729 625
f 625 729 657
f 729 793 657
f 657 793 694
f 793 878 694
f 694 878 676
f 878 957 676
f 676 957 723
f 2956 2733 2966
f 2733 2823 2966
f 2966 2823 2897
f 2897 2934 3024
f 2934 2948 3024
f 3024 2948 3069
f 2948 2953 3069
f 3069 2953 3071
f 2953 2923 3071
f 3071 2923 3131
f 3131 2923 3041
f 3248 3460 3359
f 3460 3440 3359
f 3359 3440 3370
f 3440 3466 3370
f 3370 3466 3427
f 3371 3433 3328
f 3500 3521 3607
f 3521 3620 3607
f 3620 3641 3607
f 3607 3641 3655
f 3655 3641 3656
f 3641 3657 3656
f 3611 3624 3617
f 3624 3657 3617
f 3657 3628 3617
f 3617 3628 3558
f 3628 3485 3558
f 3558 3485 3348
f 3485 3283 3348
f 3348 3283 3216
f 3216 3283 3108
f 3283 3142 3108
f 3142 2963 3108
f 3108 2963 2126
f 2963 2135 2126
f 2135 1852 2126
f 2126 1852 1856
f 1852 1756 1856
f 1756 1633 1856
f 1633 862 967
f 862 707 967
f 967 707 696
f 707 551 696
f 551 451 696
f 696 451 481
f 451 292 481
f 481 292 231
f 292 77 231
f 231 77 106
f 77 48 106
f 106 48 76
f 76 48 50
f 50 48 36
f 36 21 25
f 25 21 59
f 59 21 142
f 21 64 142
f 142 64 130
f 130 121 288
f 288 121 367
f 121 255 367
f 367 255 342
f 367 342 387
f 387 342 369
f 369 342 313
f 313 342 278
f 278 268 242
f 268 304 242
f 242 304 264
f 304 275 308
f 667 606 605
f 592 606 562
f 606 596 562
f 562 596 517
f 596 625 517
f 517 625 545
f 625 657 545
f 545 657 597
f 597 657 598
f 657 694 598
f 795 723 957
f 1366 1619 1616
f 1616 1619 1819
f 1619 1742 1819
f 1742 1862 1819
f 1819 1862 1864
f 1862 1988 1864
f 1864 1988 2243
f 2733 2956 2898
f 2966 2897 2995
f 2995 2897 3070
f 2897 3024 3070
f 3070 3024 3081
f 3081 3024 3146
f 3024 3069 3146
f 3146 3069 3153
f 3069 3071 3153
f 3153 3071 3124
f 3124 3071 3131
f 3131 3041 3079
f 3079 3041 3123
f 3135 3123 3248
f 3427 3466 3468
f 3468 3466 3482
f 3466 3464 3482
f 3385 3371 3323
f 3300 3323 3301
f 3323 3371 3301
f 3301 3371 3328
f 3328 3433 3486
f 3657 3624 3656
f 50 36 57
f 57 36 25
f 142 130 288
f 308 333 323
f 333 362 374
f 362 458 374
f 605 606 592
f 3079 3123 3135
f 3135 3248 3239
f 3239 3248 3321
f 3321 3248 3359
f 3500 3607 3486
f 3611 3617 3558
f 2898 2956 2846
f 2846 2956 2819
f 2956 2966 2819
f 2819 2966 2947
f 2966 2995 2947
f 2947 2995 3003
f 2995 3070 3003
f 3003 3070 3022
f 3070 3081 3022
f 3022 3081 3093
f 3081 3146 3093
f 3093 3146 3053
f 3146 3153 3053
f 3053 3153 3087
f 3153 3124 3087
f 3124 3131 3087
f 3087 3131 3012
f 3012 3131 3042
f 3131 3079 3042
f 3079 3135 3042
f 3042 3135 3096
f 3096 3135 3237
f 3135 3239 3237
f 3321 3269 3239
f 3269 3237 3239
f 125 127 76
f 76 127 106
f 127 193 106
f 106 193 231
f 193 383 231
f 231 383 481
f 383 426 481
f 426 614 481
f 481 614 696
f 696 614 967
f 614 992 967
f 967 992 1633
f 992 1748 1633
f 1633 1748 1856
f 3574 3611 3572
f 3572 3611 3551
f 3611 3558 3551
f 3551 3558 3411
f 3558 3348 3411
f 3411 3348 3185
f 3348 3216 3185
f 3216 3108 3185
f 3185 3108 3080
f 3108 2126 3080
f 3080 2126 1966
f 2126 1856 1966
f 1966 1856 1748
f 1980 1974 1859
f 1628 1859 1753
f 3364 3273 3241
f 3273 3137 3030
f 2806 1974 1980
f 261 419 413
f 419 554 413
f 413 554 613
f 613 554 713
f 554 891 713
f 1753 1859 1974
f 1859 1746 1980
f 1740 1863 1746
f 191 261 413
f 613 713 661
f 713 891 954
f 891 1419 954
f 1974 2806 2734
f 2806 3030 2734
f 2734 3030 2962
f 3030 3137 2962
f 3137 3273 3280
f 3280 3273 3364
f 3582 3364 3413
f 3372 3413 3364
f 2806 1980 2872
f 1746 1863 1980
f 1863 1740 1992
f 1740 1808 1992
f 1992 1808 1870
f 1808 1733 1870
f 1870 1733 1868
f 1733 1739 1868
f 1868 1739 1860
f 1739 1814 1860
f 1860 1814 1855
f 1855 1814 1750
f 1746 1859 1400
f 1859 1628 1400
f 1628 1419 1400
f 1419 891 1400
f 1400 891 870
f 891 554 870
f 870 554 671
f 261 191 175
f 175 191 92
f 191 413 414
f 413 613 414
f 1419 1628 1645
f 1645 1628 1753
f 1753 1974 2093
f 2962 3137 3110
f 3110 3137 3280
f 3280 3364 3341
f 3341 3364 3565
f 3364 3582 3565
f 3582 3413 3540
f 3413 3372 3540
f 3540 3372 3400
f 3336 3368 3353
f 3368 3400 3353
f 3400 3372 3353
f 3353 3372 3315
f 3372 3364 3284
f 3364 3241 3284
f 3226 3241 3066
f 3241 3273 3066
f 3273 3030 3066
f 3066 3030 2980
f 3030 2806 2980
f 2806 2872 2980
f 2872 1980 2217
f 1980 1863 2217
f 1868 1860 1964
f 1860 1855 1964
f 1964 1855 1951
f 1951 1855 1818
f 1855 1750 1818
f 1655 1750 1641
f 1750 1814 1641
f 1814 1739 1641
f 1641 1739 1600
f 1739 1733 1600
f 1600 1733 1212
f 1733 1808 1212
f 1212 1808 1216
f 1808 1740 1216
f 1216 1740 1618
f 1740 1746 1618
f 1618 1746 1400
f 671 554 488
f 554 419 488
f 488 419 344
f 419 261 344
f 344 261 175
f 349 324 173
f 324 175 173
f 173 175 114
f 114 175 92
f 126 92 141
f 92 191 141
f 141 191 414
f 414 613 661
f 661 713 672
f 713 954 672
f 1419 1645 954
f 1753 2093 1645
f 2093 1974 2734
f 3565 3582 3609
f 3609 3582 3604
f 3582 3540 3604
f 3604 3540 3586
f 3586 3540 3470
f 3540 3400 3470
f 3470 3400 3368
f 3322 3368 3334
f 3334 3368 3336
f 3315 3372 3284
f 1863 1992 2217
f 2217 1992 2416
f 1992 1870 2416
f 1870 1868 2416
f 2416 1868 2314
f 1868 1964 2314
f 2314 1964 2132
f 1964 1951 2132
f 2065 1951 1950
f 1950 1951 1818
f 1818 1750 1757
f 1750 1655 1757
f 1757 1655 1658
f 1658 1655 1522
f 1522 1655 1499
f 1655 1641 1499
f 1499 1641 1363
f 1363 1641 1290
f 1641 1600 1290
f 1290 1600 1212
f 870 671 709
f 344 175 347
f 347 175 324
f 324 349 356
f 356 349 357
f 368 357 352
f 357 349 352
f 352 349 266
f 349 173 266
f 266 173 178
f 173 114 178
f 178 114 78
f 114 92 78
f 78 92 87
f 92 126 87
f 414 661 426
f 3336 3353 3315
f 3241 3226 3284
f 3066 2980 3042
f 2980 2872 3042
f 2872 2217 2919
f 2217 2416 2919
f 2919 2416 2916
f 2916 2416 2870
f 2416 2314 2870
f 2870 2314 2964
f 2314 2132 2964
f 2964 2132 2718
f 2718 2132 2550
f 2132 1951 2550
f 1951 2065 2550
f 2550 2065 2443
f 1179 1522 1023
f 1522 1499 1023
f 1023 1499 915
f 1499 1363 915
f 915 1363 828
f 1363 1290 828
f 828 1290 774
f 1290 1212 774
f 774 1212 772
f 1212 1216 772
f 772 1216 839
f 1216 1618 839
f 1618 1400 839
f 1400 870 839
f 870 709 839
f 671 488 709
f 488 344 418
f 418 344 347
f 347 324 356
f 672 954 992
f 954 1645 992
f 992 1645 1748
f 1645 2093 1748
f 1748 2093 1966
f 2093 2734 1966
f 2734 2962 1966
f 1966 2962 3080
f 2962 3110 3080
f 3110 3280 3080
f 3080 3280 3185
f 3280 3341 3185
f 3185 3341 3411
f 3341 3565 3411
f 3411 3565 3551
f 3565 3609 3551
f 3551 3609 3572
f 3574 3572 3614
f 3572 3609 3614
f 3614 3609 3615
f 3609 3604 3615
f 3615 3604 3564
f 3564 3604 3586
f 3564 3586 3470
f 3380 3470 3368
f 3368 3322 3290
f 3290 3322 3278
f 3322 3334 3278
f 3334 3336 3319
f 3319 3336 3286
f 3286 3336 3302
f 3336 3315 3302
f 3302 3315 3269
f 3315 3284 3269
f 3269 3284 3237
f 3284 3226 3237
f 3237 3226 3096
f 3226 3066 3096
f 3066 3042 3096
f 3042 2872 3012
f 2872 2919 3012
f 3012 2919 3087
f 3087 2919 3053
f 2919 2916 3053
f 3053 2916 3017
f 2916 2870 3017
f 3017 2870 2964
f 2964 2718 2947
f 2718 2550 2947
f 2947 2550 2443
f 2846 2819 2443
f 1950 1818 1854
f 1854 1818 1757
f 1757 1658 1755
f 850 1179 802
f 1179 1023 728
f 1023 915 728
f 728 915 711
f 915 828 711
f 711 828 700
f 828 774 700
f 700 774 636
f 774 772 636
f 636 772 583
f 772 839 583
f 583 839 618
f 618 839 709
f 709 488 646
f 646 488 483
f 483 488 418
f 347 356 408
f 408 356 378
f 378 356 357
f 368 352 391
f 352 266 391
f 178 78 94
f 78 87 80
f 80 87 96
f 125 96 127
f 96 87 127
f 87 126 127
f 127 126 193
f 126 141 193
f 193 141 383
f 141 414 383
f 414 426 383
f 426 661 614
f 661 672 614
f 672 992 614
f 3564 3470 3380
f 3368 3290 3380
f 3290 3278 3265
f 3265 3278 3299
f 3299 3278 3330
f 3278 3334 3330
f 3330 3334 3354
f 3334 3319 3354
f 3354 3319 3346
f 3053 3017 3093
f 3017 2964 3022
f 3022 2964 3003
f 2964 2947 3003
f 2947 2443 2819
f 1854 1757 1755
f 802 1179 728
f 728 711 662
f 711 700 668
f 668 700 556
f 700 636 556
f 618 709 646
f 483 418 405
f 418 347 405
f 405 347 408
f 378 357 348
f 348 357 337
f 357 368 337
f 337 368 366
f 366 368 422
f 422 368 438
f 438 368 432
f 432 368 391
f 391 266 185
f 266 178 185
f 185 178 94
f 78 80 94
f 3093 3017 3022
f 2184 2147 2152
f 962 889 873
f 2741 2651 2728
f 2664 2554 2662
f 2344 2433 2367

